cell	scPred
BC01_06	TUMOR
BC01_10	TUMOR
BC01_12	TUMOR
BC01_34	TUMOR
BC01_53	TUMOR
BC01_77	TUMOR
BC04_01	TUMOR
BC04_07	TUMOR
BC04_24	TUMOR
BC04_49	TUMOR
BC04_53	TUMOR
BC04_60	TUMOR
BC04_63	TUMOR
BC04_77	UNLABELED
BC04_78	TUMOR
BC04_88	TUMOR
BC04_92	TUMOR
BC07_01	TUMOR
BC07_03	UNLABELED
BC07_06	TUMOR
BC07_27	TUMOR
BC07_55	STROMAL
BC07_67	TUMOR
BC07_69	UNLABELED
BC07_78	TUMOR
BC07_80	BCELL
BC07_83	UNLABELED
BC07_93	UNLABELED
BC07_95	UNLABELED
BC07LN_03	BCELL
BC07LN_04	BCELL
BC07LN_13	TUMOR
BC07LN_15	TUMOR
BC07LN_22	BCELL
BC07LN_51	TUMOR
BC07LN_59	BCELL
BC07LN_68	BCELL
BC07LN_90	TCELL
BC07LN_95	TUMOR
BC07LN_96	BCELL
BC03_06	BCELL
BC03_28	BCELL
BC03_43	TUMOR
BC03_50	TCELL
BC03_57	TCELL
BC03LN_26	BCELL
BC03LN_42	BCELL
BC03LN_63	BCELL
BC03LN_70	BCELL
BC08_24	TUMOR
BC08_36	TUMOR
BC09_34	MYELOID
BC09_48	MYELOID
BC09_53	BCELL
BC09_57	TCELL
BC09_Re_01	UNLABELED
BC09_Re_05	STROMAL
BC09_Re_57	UNLABELED
BC09_Re_83	TCELL
BC09_Re_94	TCELL
BC10_73	TUMOR
BC10_85	TUMOR
BC02_09	TUMOR
BC02_11	TUMOR
BC02_24	TUMOR
BC02_50	TUMOR
BC02_58	TUMOR
BC02_62	TUMOR
BC02_63	TUMOR
BC05_08	TUMOR
BC05_09	TUMOR
BC05_21	TUMOR
BC05_22	TUMOR
BC05_28	TUMOR
BC05_35	TUMOR
BC05_36	TUMOR
BC05_45	TUMOR
BC05_46	TUMOR
BC05_47	TUMOR
BC05_59	TUMOR
BC05_63	TUMOR
BC05_64	TUMOR
BC05_68	TUMOR
BC05_74	MYELOID
BC05_78	TUMOR
BC05_90	TUMOR
BC11_07	TUMOR
BC11_43	TUMOR
BC11_81	TUMOR
BC11_88	TUMOR
BC06_08	TUMOR
BC06_23	TUMOR
BC06_25	BCELL
BC06_27	TUMOR
BC06_74	TUMOR
BC01_03	TUMOR
BC01_04	TUMOR
BC01_05	TUMOR
BC01_08	TUMOR
BC01_55	TUMOR
BC04_14	TUMOR
BC04_29	TUMOR
BC04_32	TUMOR
BC04_35	TUMOR
BC04_64	TUMOR
BC04_66	TCELL
BC04_71	TUMOR
BC04_72	MYELOID
BC04_86	TUMOR
BC07_09	UNLABELED
BC07_18	TUMOR
BC07_20	TUMOR
BC07_39	TUMOR
BC07_43	TUMOR
BC07_56	TCELL
BC07LN_02	TUMOR
BC07LN_06	TUMOR
BC07LN_10	UNLABELED
BC07LN_18	BCELL
BC07LN_19	BCELL
BC07LN_30	UNLABELED
BC07LN_49	BCELL
BC07LN_60	TUMOR
BC07LN_62	BCELL
BC07LN_75	TUMOR
BC07LN_79	TUMOR
BC03_09	TUMOR
BC03_16	TUMOR
BC03_19	TUMOR
BC03_23	TUMOR
BC03_35	TUMOR
BC03_53	BCELL
BC03_60	BCELL
BC03_66	TCELL
BC03_94	TCELL
BC03LN_01	BCELL
BC03LN_13	BCELL
BC03LN_19	TUMOR
BC03LN_23	TUMOR
BC03LN_28	TUMOR
BC03LN_32	BCELL
BC03LN_34	BCELL
BC03LN_38	BCELL
BC03LN_57	TUMOR
BC03LN_62	BCELL
BC03LN_65	BCELL
BC03LN_71	BCELL
BC03LN_74	BCELL
BC03LN_78	TCELL
BC03LN_79	BCELL
BC03LN_91	TCELL
BC03LN_93	BCELL
BC08_01	UNLABELED
BC08_08	TUMOR
BC08_51	TUMOR
BC08_56	TUMOR
BC08_59	TUMOR
BC08_73	TUMOR
BC08_83	TUMOR
BC08_95	TUMOR
BC09_13	STROMAL
BC09_29	MYELOID
BC09_44	TUMOR
BC09_70	TUMOR
BC09_83	MYELOID
BC09_Re_06	TCELL
BC09_Re_15	UNLABELED
BC09_Re_44	MYELOID
BC09_Re_54	TCELL
BC09_Re_62	TCELL
BC09_Re_80	UNLABELED
BC10_07	MYELOID
BC10_58	TUMOR
BC02_14	TUMOR
BC02_18	TUMOR
BC02_26	TUMOR
BC02_34	TUMOR
BC02_44	TUMOR
BC02_54	TUMOR
BC02_61	TUMOR
BC02_68	TUMOR
BC02_76	TUMOR
BC02_83	TUMOR
BC02_89	TUMOR
BC05_04	TUMOR
BC05_17	TUMOR
BC05_20	TUMOR
BC05_25	TUMOR
BC05_30	TUMOR
BC05_31	TUMOR
BC05_41	TUMOR
BC05_52	TUMOR
BC05_70	TUMOR
BC05_73	TUMOR
BC05_84	TUMOR
BC05_88	TUMOR
BC11_04	TUMOR
BC06_10	TUMOR
BC06_32	TUMOR
BC06_39	TUMOR
BC01_33	TUMOR
BC01_69	TUMOR
BC01_70	TUMOR
BC01_72	TUMOR
BC01_87	TUMOR
BC04_22	TUMOR
BC04_23	TUMOR
BC04_30	TUMOR
BC04_37	TUMOR
BC04_69	TUMOR
BC04_89	TCELL
BC04_93	TUMOR
BC07_07	UNLABELED
BC07_15	TUMOR
BC07_16	TCELL
BC07_24	TUMOR
BC07_31	TUMOR
BC07_38	TUMOR
BC07_42	TUMOR
BC07_44	TUMOR
BC07_50	UNLABELED
BC07_58	TUMOR
BC07_68	BCELL
BC07_72	TCELL
BC07_87	TUMOR
BC07_89	TUMOR
BC07LN_23	TUMOR
BC07LN_27	BCELL
BC07LN_40	TUMOR
BC07LN_50	BCELL
BC07LN_54	TCELL
BC07LN_64	BCELL
BC07LN_67	BCELL
BC07LN_83	BCELL
BC07LN_86	TUMOR
BC07LN_89	BCELL
BC03_13	TUMOR
BC03_17	TUMOR
BC03_20	TUMOR
BC03_21	TUMOR
BC03_37	TUMOR
BC03_41	TUMOR
BC03_78	TCELL
BC03_81	BCELL
BC03LN_21	BCELL
BC03LN_31	BCELL
BC03LN_35	TUMOR
BC03LN_49	BCELL
BC03LN_56	TCELL
BC03LN_68	BCELL
BC03LN_69	BCELL
BC03LN_95	BCELL
BC08_04	UNLABELED
BC08_22	TUMOR
BC08_54	UNLABELED
BC08_70	TUMOR
BC08_94	TUMOR
BC09_05	MYELOID
BC09_19	TCELL
BC09_21	TCELL
BC09_25	UNLABELED
BC09_46	MYELOID
BC09_49	TCELL
BC09_92	MYELOID
BC09_Re_21	MYELOID
BC09_Re_32	MYELOID
BC09_Re_43	MYELOID
BC09_Re_61	BCELL
BC09_Re_74	TCELL
BC10_16	TUMOR
BC10_47	TUMOR
BC10_67	TUMOR
BC10_81	TUMOR
BC02_02	TUMOR
BC02_13	TUMOR
BC02_15	TUMOR
BC02_22	TUMOR
BC02_47	TUMOR
BC02_51	TUMOR
BC02_59	TUMOR
BC02_64	TUMOR
BC02_66	TUMOR
BC02_73	TUMOR
BC02_75	TUMOR
BC02_79	TUMOR
BC02_86	TUMOR
BC02_90	TUMOR
BC02_96	TUMOR
BC05_07	TUMOR
BC05_13	TUMOR
BC05_16	TUMOR
BC05_29	TUMOR
BC05_33	TUMOR
BC05_39	TUMOR
BC05_43	TUMOR
BC05_44	TUMOR
BC05_48	TUMOR
BC05_49	TUMOR
BC05_53	TUMOR
BC05_77	TUMOR
BC05_81	TUMOR
BC05_83	TUMOR
BC11_28	TUMOR
BC06_21	BCELL
BC06_29	UNLABELED
BC01_02	TUMOR
BC04_08	UNLABELED
BC04_09	TUMOR
BC04_13	TUMOR
BC04_16	TUMOR
BC04_28	TUMOR
BC04_40	TUMOR
BC04_54	TUMOR
BC04_56	TUMOR
BC04_58	TUMOR
BC04_59	TUMOR
BC04_61	TUMOR
BC04_82	TUMOR
BC04_85	TUMOR
BC04_91	TUMOR
BC07_12	TUMOR
BC07_30	TCELL
BC07_35	TUMOR
BC07_57	TUMOR
BC07_60	TCELL
BC07_61	TCELL
BC07_66	TUMOR
BC07_75	TUMOR
BC07_79	MYELOID
BC07LN_05	BCELL
BC07LN_26	TUMOR
BC07LN_29	TUMOR
BC07LN_71	BCELL
BC07LN_73	BCELL
BC07LN_82	TUMOR
BC07LN_84	BCELL
BC07LN_94	TCELL
BC03_24	BCELL
BC03_25	TCELL
BC03_93	BCELL
BC03LN_05	TUMOR
BC03LN_06	BCELL
BC03LN_11	BCELL
BC03LN_14	BCELL
BC03LN_25	TUMOR
BC03LN_27	BCELL
BC03LN_48	BCELL
BC03LN_50	BCELL
BC03LN_51	BCELL
BC03LN_61	TUMOR
BC03LN_64	BCELL
BC03LN_73	TCELL
BC03LN_89	TUMOR
BC08_31	STROMAL
BC08_33	TUMOR
BC08_48	TUMOR
BC09_33	MYELOID
BC09_37	MYELOID
BC09_42	MYELOID
BC09_50	STROMAL
BC09_65	MYELOID
BC09_Re_03	TCELL
BC09_Re_07	TCELL
BC09_Re_13	STROMAL
BC09_Re_37	TCELL
BC09_Re_41	TCELL
BC09_Re_46	UNLABELED
BC09_Re_60	TCELL
BC09_Re_66	TCELL
BC09_Re_88	MYELOID
BC10_20	TUMOR
BC10_54	TUMOR
BC10_95	TUMOR
BC02_10	TUMOR
BC02_19	TUMOR
BC02_25	TUMOR
BC02_28	TUMOR
BC02_55	TUMOR
BC02_67	TUMOR
BC02_71	TUMOR
BC02_74	TUMOR
BC02_82	TUMOR
BC02_93	TUMOR
BC05_02	TUMOR
BC05_23	TUMOR
BC05_26	TUMOR
BC05_27	TUMOR
BC05_32	TUMOR
BC05_37	TUMOR
BC05_55	TUMOR
BC05_57	TUMOR
BC05_60	TUMOR
BC05_62	TUMOR
BC05_69	TUMOR
BC05_80	TUMOR
BC05_85	TUMOR
BC05_91	TUMOR
BC05_92	TUMOR
BC05_93	TUMOR
BC05_94	TUMOR
BC05_95	TUMOR
BC05_96	TUMOR
BC11_69	TUMOR
BC11_70	TUMOR
BC06_04	TUMOR
BC06_28	TUMOR
BC06_40	BCELL
BC06_43	TUMOR
BC06_58	BCELL
BC06_60	TUMOR
BC01_50	TUMOR
BC01_57	TUMOR
BC01_66	TUMOR
BC01_74	TUMOR
BC01_95	TUMOR
BC04_02	TUMOR
BC04_11	TUMOR
BC04_20	TUMOR
BC04_21	UNLABELED
BC04_27	TUMOR
BC04_31	TUMOR
BC04_33	TUMOR
BC04_36	TUMOR
BC04_39	TUMOR
BC04_41	TUMOR
BC04_45	TUMOR
BC04_62	TCELL
BC04_90	TUMOR
BC04_96	TCELL
BC07_04	MYELOID
BC07_08	TUMOR
BC07_23	TUMOR
BC07_36	TUMOR
BC07_52	UNLABELED
BC07_59	TUMOR
BC07_63	BCELL
BC07_65	TUMOR
BC07_73	TUMOR
BC07LN_16	BCELL
BC07LN_31	TUMOR
BC07LN_34	TUMOR
BC07LN_35	TUMOR
BC07LN_36	TUMOR
BC07LN_41	TUMOR
BC07LN_42	TUMOR
BC07LN_52	TUMOR
BC07LN_53	UNLABELED
BC07LN_57	TUMOR
BC07LN_81	BCELL
BC07LN_91	TUMOR
BC03_03	TUMOR
BC03_11	TUMOR
BC03_26	TUMOR
BC03_29	TUMOR
BC03_58	TCELL
BC03_85	TCELL
BC03_86	BCELL
BC03_92	BCELL
BC03LN_04	BCELL
BC03LN_10	BCELL
BC03LN_17	BCELL
BC03LN_20	BCELL
BC03LN_37	BCELL
BC03LN_44	BCELL
BC03LN_47	BCELL
BC03LN_53	TCELL
BC03LN_58	BCELL
BC03LN_72	BCELL
BC03LN_85	BCELL
BC08_06	TUMOR
BC08_10	MYELOID
BC08_27	TUMOR
BC08_88	STROMAL
BC09_31	MYELOID
BC09_45	MYELOID
BC09_64	UNLABELED
BC09_86	TCELL
BC09_93	TCELL
BC09_Re_14	TCELL
BC09_Re_39	TCELL
BC09_Re_59	UNLABELED
BC09_Re_95	UNLABELED
BC10_09	TUMOR
BC10_43	MYELOID
BC10_69	TUMOR
BC10_80	TUMOR
BC02_08	TUMOR
BC02_12	TUMOR
BC02_31	TUMOR
BC02_53	TUMOR
BC02_60	MYELOID
BC02_70	TUMOR
BC02_81	TUMOR
BC02_88	TUMOR
BC02_94	TUMOR
BC02_95	TUMOR
BC05_01	TUMOR
BC05_12	TUMOR
BC05_18	TUMOR
BC05_34	TUMOR
BC05_38	TUMOR
BC05_42	TUMOR
BC05_50	TUMOR
BC05_61	TUMOR
BC05_71	TUMOR
BC05_72	TUMOR
BC05_75	TUMOR
BC05_79	TUMOR
BC05_86	TUMOR
BC05_87	TUMOR
BC11_01	TUMOR
BC11_56	TUMOR
BC11_78	TUMOR
BC06_26	BCELL
BC06_61	BCELL
