cell	scPred
1001000173.F4	NEOPLASTIC
1001000173.G6	NEOPLASTIC
1001000173.A12	NEOPLASTIC
1001000173.G12	NEOPLASTIC
1001000173.D11	IMMUNE_CELL
1001000173.G10	NEOPLASTIC
1001000173.B9	NEOPLASTIC
1001000173.H4	NEOPLASTIC
1001000174.E12	UNLABELED
1001000174.B11	NEOPLASTIC
1001000174.F10	NEOPLASTIC
1001000174.F2	NEOPLASTIC
1001000174.F9	NEOPLASTIC
1001000174.C10	IMMUNE_CELL
1001000174.H6	NEOPLASTIC
1001000174.B7	NEOPLASTIC
1001000174.H10	NEOPLASTIC
1001000174.H11	NEOPLASTIC
1001000174.D11	NEOPLASTIC
1001000174.E6	NEOPLASTIC
1001000174.A8	NEOPLASTIC
1001000174.F1	NEOPLASTIC
1001000174.E8	NEOPLASTIC
1001000174.F11	NEOPLASTIC
1001000174.D7	NEOPLASTIC
1001000175.B4	NEOPLASTIC
1001000175.G7	NEOPLASTIC
1001000175.F6	NEOPLASTIC
1001000175.G8	NEOPLASTIC
1001000175.H5	NEOPLASTIC
1001000175.F8	NEOPLASTIC
1001000175.D12	NEOPLASTIC
1001000175.D5	NEOPLASTIC
1001000175.B12	NEOPLASTIC
1001000175.G9	IMMUNE_CELL
1001000175.E7	NEOPLASTIC
1001000175.H1	OLIGODENDROCYTE
1001000175.C2	NEOPLASTIC
1001000175.G10	NEOPLASTIC
1001000175.F5	NEOPLASTIC
1001000175.C8	NEOPLASTIC
1001000175.F12	NEOPLASTIC
1001000175.C9	NEOPLASTIC
1001000175.H8	NEOPLASTIC
1001000175.B2	NEOPLASTIC
1001000175.F7	NEOPLASTIC
1001000175.G3	NEOPLASTIC
1001000175.E12	NEOPLASTIC
1001000175.A1	IMMUNE_CELL
1001000176.F10	IMMUNE_CELL
1001000176.D7	IMMUNE_CELL
1001000176.B7	IMMUNE_CELL
1001000176.D4	IMMUNE_CELL
1001000176.C2	IMMUNE_CELL
1001000176.F12	IMMUNE_CELL
1001000176.D3	IMMUNE_CELL
1001000176.C12	IMMUNE_CELL
1001000176.B3	IMMUNE_CELL
1001000176.E5	IMMUNE_CELL
1001000176.C7	IMMUNE_CELL
1001000176.G12	IMMUNE_CELL
1001000176.C3	IMMUNE_CELL
1001000176.C4	IMMUNE_CELL
1001000176.H8	IMMUNE_CELL
1001000176.E4	IMMUNE_CELL
1001000176.D8	IMMUNE_CELL
1001000177.H1	IMMUNE_CELL
1001000177.F11	IMMUNE_CELL
1001000177.B11	IMMUNE_CELL
1001000177.A7	IMMUNE_CELL
1001000177.F12	IMMUNE_CELL
1001000177.G7	IMMUNE_CELL
1001000177.A11	IMMUNE_CELL
1001000177.E8	IMMUNE_CELL
1001000177.D5	IMMUNE_CELL
1001000177.A4	IMMUNE_CELL
1001000177.C5	IMMUNE_CELL
1001000177.E4	IMMUNE_CELL
1001000177.D9	IMMUNE_CELL
1001000177.D11	IMMUNE_CELL
1001000177.B3	IMMUNE_CELL
1001000178.A9	IMMUNE_CELL
1001000178.F4	IMMUNE_CELL
1001000178.D10	IMMUNE_CELL
1001000178.A12	IMMUNE_CELL
1001000178.F11	IMMUNE_CELL
1001000178.G1	IMMUNE_CELL
1001000178.C10	IMMUNE_CELL
1001000178.C5	IMMUNE_CELL
1001000178.A11	IMMUNE_CELL
1001000178.D3	IMMUNE_CELL
1001000178.G3	IMMUNE_CELL
1001000178.D11	IMMUNE_CELL
1001000178.B6	IMMUNE_CELL
1001000178.F12	IMMUNE_CELL
1001000178.D4	IMMUNE_CELL
1001000178.E9	IMMUNE_CELL
1001000178.D9	IMMUNE_CELL
1001000178.F5	IMMUNE_CELL
1001000178.B11	IMMUNE_CELL
1001000178.G10	IMMUNE_CELL
1001000179.G9	IMMUNE_CELL
1001000179.E6	IMMUNE_CELL
1001000179.C4	IMMUNE_CELL
1001000179.B10	IMMUNE_CELL
1001000179.D4	IMMUNE_CELL
1001000179.H11	IMMUNE_CELL
1001000179.C12	IMMUNE_CELL
1001000179.G6	IMMUNE_CELL
1001000179.G8	IMMUNE_CELL
1001000179.G11	IMMUNE_CELL
1001000179.A3	IMMUNE_CELL
1001000179.C11	IMMUNE_CELL
1001000179.D2	IMMUNE_CELL
1001000179.A11	IMMUNE_CELL
1001000179.F12	IMMUNE_CELL
1001000179.E10	IMMUNE_CELL
1001000180.G10	OPC
1001000180.E11	OLIGODENDROCYTE
1001000180.F5	OLIGODENDROCYTE
1001000180.A11	NEOPLASTIC
1001000180.C7	OPC
1001000180.H1	OPC
1001000180.A5	NEOPLASTIC
1001000180.F2	OPC
1001000180.F1	OPC
1001000180.E4	ASTOCYTE
1001000180.H9	ASTOCYTE
1001000180.H11	ASTOCYTE
1001000180.C12	OLIGODENDROCYTE
1001000180.E1	NEOPLASTIC
1001000180.F7	OPC
1001000180.F4	NEOPLASTIC
1001000180.D1	OPC
1001000180.F10	ASTOCYTE
1001000180.A9	NEOPLASTIC
1001000181.D8	ASTOCYTE
1001000181.C5	OPC
1001000181.D5	NEOPLASTIC
1001000181.F4	OPC
1001000181.E5	OPC
1001000181.C11	NEOPLASTIC
1001000181.C6	NEOPLASTIC
1001000181.C4	ASTOCYTE
1001000181.D4	IMMUNE_CELL
1001000181.F11	OPC
1001000181.B6	OPC
1001000181.A7	OPC
1001000181.F2	NEOPLASTIC
1001000181.C10	OPC
1001000181.E4	OPC
1001000181.D9	OLIGODENDROCYTE
1001000182.A3	NEOPLASTIC
1001000182.F4	NEOPLASTIC
1001000182.A10	NEOPLASTIC
1001000182.C12	NEOPLASTIC
1001000182.E8	NEOPLASTIC
1001000182.C10	NEOPLASTIC
1001000182.D9	NEOPLASTIC
1001000182.F12	NEOPLASTIC
1001000182.H3	NEOPLASTIC
1001000182.A9	NEOPLASTIC
1001000182.G12	NEOPLASTIC
1001000182.F3	NEOPLASTIC
1001000182.A4	OPC
1001000182.F11	NEOPLASTIC
1001000182.E1	NEOPLASTIC
1001000182.G11	NEOPLASTIC
1001000182.H11	NEOPLASTIC
1001000182.C1	NEOPLASTIC
1001000183.C6	NEOPLASTIC
1001000183.F11	NEOPLASTIC
1001000183.G8	NEOPLASTIC
1001000183.D8	NEOPLASTIC
1001000183.D2	NEOPLASTIC
1001000183.A10	NEOPLASTIC
1001000183.F5	NEOPLASTIC
1001000183.C10	NEOPLASTIC
1001000183.D1	NEOPLASTIC
1001000184.B8	NEOPLASTIC
1001000184.A11	NEOPLASTIC
1001000184.B6	OPC
1001000184.A4	NEOPLASTIC
1001000184.B11	NEOPLASTIC
1001000184.A3	NEOPLASTIC
1001000184.F6	NEOPLASTIC
1001000184.F10	NEOPLASTIC
1001000184.E8	OPC
1001000184.F12	NEOPLASTIC
1001000184.D1	NEOPLASTIC
1001000184.C10	NEOPLASTIC
1001000184.G4	NEOPLASTIC
1001000184.H1	NEOPLASTIC
1001000184.G9	NEOPLASTIC
1001000184.G2	NEOPLASTIC
1001000184.D11	NEOPLASTIC
1001000184.G3	NEOPLASTIC
1001000185.F9	OPC
1001000185.C9	NEOPLASTIC
1001000185.H8	UNLABELED
1001000185.C5	NEOPLASTIC
1001000185.A1	NEOPLASTIC
1001000185.A4	NEOPLASTIC
1001000185.D6	NEOPLASTIC
1001000185.E10	NEOPLASTIC
1001000185.H1	NEOPLASTIC
1001000185.B4	NEOPLASTIC
1001000185.C6	NEOPLASTIC
1001000185.B2	NEOPLASTIC
1001000185.E7	NEOPLASTIC
1001000185.H4	NEOPLASTIC
1001000186.F6	OPC
1001000186.H4	OPC
1001000186.F9	IMMUNE_CELL
1001000186.C7	OPC
1001000186.A6	OPC
1001000186.B2	OPC
1001000186.E9	ASTOCYTE
1001000186.G8	OPC
1001000186.H9	OPC
1001000186.C9	IMMUNE_CELL
1001000186.D3	NEURON
1001000187.F1	OPC
1001000187.C8	IMMUNE_CELL
1001000187.D11	OPC
1001000187.B12	OPC
1001000187.F5	OPC
1001000187.D8	OPC
1001000187.E11	OPC
1001000187.B7	OPC
1001000187.H5	OPC
1001000187.G1	OPC
1001000187.E10	OPC
1001000191.B4	NEOPLASTIC
1001000194.F5	OLIGODENDROCYTE
1001000194.G12	OLIGODENDROCYTE
1001000010.H3	IMMUNE_CELL
1001000010.B4	IMMUNE_CELL
1001000010.F1	IMMUNE_CELL
1001000012.E9	NEOPLASTIC
1001000012.G8	NEOPLASTIC
1001000012.D5	NEOPLASTIC
1001000012.G1	NEOPLASTIC
1001000012.H6	NEOPLASTIC
1001000012.C6	NEOPLASTIC
1001000012.G9	NEOPLASTIC
1001000012.B5	NEOPLASTIC
1001000012.C2	NEOPLASTIC
1001000012.D4	NEOPLASTIC
1001000012.D3	NEOPLASTIC
1001000012.H7	NEOPLASTIC
1001000012.F5	NEOPLASTIC
1001000012.D9	NEOPLASTIC
1001000012.G2	NEOPLASTIC
1001000012.A7	NEOPLASTIC
1001000012.G12	NEOPLASTIC
1001000012.A12	NEOPLASTIC
1001000014.E3	OLIGODENDROCYTE
1001000014.E6	OLIGODENDROCYTE
1001000014.D12	OLIGODENDROCYTE
1001000014.D6	OLIGODENDROCYTE
1001000017.F3	OLIGODENDROCYTE
1001000017.A9	OPC
1001000017.B7	IMMUNE_CELL
1001000017.E12	NEOPLASTIC
1001000017.G5	OLIGODENDROCYTE
1001000017.H4	OLIGODENDROCYTE
1001000019.B12	IMMUNE_CELL
1001000019.A3	IMMUNE_CELL
1001000028.D10	UNLABELED
1001000031.G8	NEOPLASTIC
1001000031.D8	NEOPLASTIC
1001000031.C5	VASCULAR
1001000031.D2	NEOPLASTIC
1001000031.F2	NEOPLASTIC
1001000031.C9	NEOPLASTIC
1001000031.D1	VASCULAR
1001000031.C7	NEOPLASTIC
1001000031.H7	NEOPLASTIC
1001000031.C11	NEOPLASTIC
1001000031.H10	NEOPLASTIC
1001000031.F7	NEOPLASTIC
1001000031.D3	NEOPLASTIC
1001000031.A5	NEOPLASTIC
1001000031.F3	IMMUNE_CELL
1001000031.A3	NEOPLASTIC
1001000031.H4	NEOPLASTIC
1001000031.E6	NEOPLASTIC
1001000031.F4	NEOPLASTIC
1001000032.C4	NEOPLASTIC
1001000032.F8	NEOPLASTIC
1001000032.A5	VASCULAR
1001000032.D12	NEOPLASTIC
1001000032.D11	VASCULAR
1001000032.F9	VASCULAR
1001000032.D10	NEOPLASTIC
1001000032.B2	NEOPLASTIC
1001000033.A11	IMMUNE_CELL
1001000033.E4	IMMUNE_CELL
1001000033.E8	IMMUNE_CELL
1001000033.B3	IMMUNE_CELL
1001000033.G11	IMMUNE_CELL
1001000033.E2	IMMUNE_CELL
1001000033.E7	IMMUNE_CELL
1001000033.B9	IMMUNE_CELL
1001000033.G3	IMMUNE_CELL
1001000033.H9	IMMUNE_CELL
1001000033.H8	IMMUNE_CELL
1001000033.A2	IMMUNE_CELL
1001000033.A9	IMMUNE_CELL
1001000033.D10	IMMUNE_CELL
1001000036.H5	IMMUNE_CELL
1001000036.G3	OLIGODENDROCYTE
1001000036.E11	IMMUNE_CELL
1001000037.G9	NEOPLASTIC
1001000037.F8	NEOPLASTIC
1001000037.C8	OPC
1001000037.A8	NEOPLASTIC
1001000037.G11	NEOPLASTIC
1001000037.E7	NEOPLASTIC
1001000037.B3	NEOPLASTIC
1001000037.C4	NEOPLASTIC
1001000037.A12	NEOPLASTIC
1001000037.A11	NEOPLASTIC
1001000037.F11	NEOPLASTIC
1001000037.A3	NEOPLASTIC
1001000037.G10	NEOPLASTIC
1001000037.E9	NEOPLASTIC
1001000037.H3	NEOPLASTIC
1001000037.D8	NEOPLASTIC
1001000037.F9	NEOPLASTIC
1001000037.B9	NEOPLASTIC
1001000229.E7	IMMUNE_CELL
1001000229.E11	IMMUNE_CELL
1001000229.A2	IMMUNE_CELL
1001000229.B5	IMMUNE_CELL
1001000229.D2	IMMUNE_CELL
1001000229.G5	IMMUNE_CELL
1001000229.G8	IMMUNE_CELL
1001000229.H8	IMMUNE_CELL
1001000229.C8	IMMUNE_CELL
1001000229.H5	IMMUNE_CELL
1001000229.B12	IMMUNE_CELL
1001000229.F10	IMMUNE_CELL
1001000229.E8	IMMUNE_CELL
1001000230.H3	IMMUNE_CELL
1001000230.D7	IMMUNE_CELL
1001000230.C10	IMMUNE_CELL
1001000230.B3	IMMUNE_CELL
1001000230.B7	IMMUNE_CELL
1001000230.F11	IMMUNE_CELL
1001000230.G9	IMMUNE_CELL
1001000230.D12	NEOPLASTIC
1001000230.B11	IMMUNE_CELL
1001000230.G4	IMMUNE_CELL
1001000230.B8	IMMUNE_CELL
1001000230.E5	NEOPLASTIC
1001000230.C11	IMMUNE_CELL
1001000230.D11	IMMUNE_CELL
1001000230.A10	IMMUNE_CELL
1001000231.A3	IMMUNE_CELL
1001000231.H8	IMMUNE_CELL
1001000231.G8	IMMUNE_CELL
1001000231.D9	IMMUNE_CELL
1001000231.D10	IMMUNE_CELL
1001000231.G10	IMMUNE_CELL
1001000231.A9	IMMUNE_CELL
1001000231.E6	IMMUNE_CELL
1001000231.C6	IMMUNE_CELL
1001000231.F7	IMMUNE_CELL
1001000231.B1	IMMUNE_CELL
1001000231.A2	IMMUNE_CELL
1001000231.D5	IMMUNE_CELL
1001000231.E11	IMMUNE_CELL
1001000231.B8	IMMUNE_CELL
1001000231.G2	IMMUNE_CELL
1001000231.A12	IMMUNE_CELL
1001000231.G11	IMMUNE_CELL
1001000231.D4	IMMUNE_CELL
1001000231.A10	IMMUNE_CELL
1001000231.E5	IMMUNE_CELL
1001000231.A8	IMMUNE_CELL
1001000232.E4	ASTOCYTE
1001000234.E10	OPC
1001000234.C3	OLIGODENDROCYTE
1001000234.C9	OLIGODENDROCYTE
1001000235.D4	IMMUNE_CELL
1001000235.D9	IMMUNE_CELL
1001000235.A2	IMMUNE_CELL
1001000235.E6	IMMUNE_CELL
1001000235.B11	IMMUNE_CELL
1001000235.H11	IMMUNE_CELL
1001000235.D1	IMMUNE_CELL
1001000235.E8	IMMUNE_CELL
1001000235.A1	IMMUNE_CELL
1001000235.F5	IMMUNE_CELL
1001000235.F1	IMMUNE_CELL
1001000235.H10	IMMUNE_CELL
1001000235.F7	IMMUNE_CELL
1001000235.G10	IMMUNE_CELL
1001000235.B1	IMMUNE_CELL
1001000235.E9	IMMUNE_CELL
1001000235.H7	IMMUNE_CELL
1001000235.F9	IMMUNE_CELL
1001000235.D7	IMMUNE_CELL
1001000235.G9	IMMUNE_CELL
1001000236.A2	IMMUNE_CELL
1001000236.F4	IMMUNE_CELL
1001000236.G11	IMMUNE_CELL
1001000236.F10	IMMUNE_CELL
1001000236.F5	IMMUNE_CELL
1001000236.A12	IMMUNE_CELL
1001000236.F3	IMMUNE_CELL
1001000236.E9	IMMUNE_CELL
1001000236.F1	IMMUNE_CELL
1001000236.G12	IMMUNE_CELL
1001000236.B10	IMMUNE_CELL
1001000236.F11	IMMUNE_CELL
1001000236.B5	IMMUNE_CELL
1001000237.E5	IMMUNE_CELL
1001000237.C4	IMMUNE_CELL
1001000237.E3	IMMUNE_CELL
1001000237.D3	IMMUNE_CELL
1001000237.B1	IMMUNE_CELL
1001000237.H7	IMMUNE_CELL
1001000237.D5	IMMUNE_CELL
1001000237.G10	IMMUNE_CELL
1001000237.A9	IMMUNE_CELL
1001000237.E10	IMMUNE_CELL
1001000237.G6	IMMUNE_CELL
1001000237.E8	IMMUNE_CELL
1001000237.G11	IMMUNE_CELL
1001000237.A4	IMMUNE_CELL
1001000237.C2	IMMUNE_CELL
1001000237.A2	IMMUNE_CELL
1001000237.H8	IMMUNE_CELL
1001000237.C1	IMMUNE_CELL
1001000237.B8	IMMUNE_CELL
1001000237.C3	IMMUNE_CELL
1001000237.A6	IMMUNE_CELL
1001000237.D8	IMMUNE_CELL
1001000237.F7	IMMUNE_CELL
1001000237.C7	IMMUNE_CELL
1001000237.H6	IMMUNE_CELL
1001000237.E7	IMMUNE_CELL
1001000238.D7	IMMUNE_CELL
1001000238.H10	IMMUNE_CELL
1001000238.D9	IMMUNE_CELL
1001000238.F9	IMMUNE_CELL
1001000238.G5	IMMUNE_CELL
1001000238.E3	IMMUNE_CELL
1001000238.G7	IMMUNE_CELL
1001000238.G3	IMMUNE_CELL
1001000238.D10	IMMUNE_CELL
1001000238.D8	IMMUNE_CELL
1001000238.B3	IMMUNE_CELL
1001000239.A4	IMMUNE_CELL
1001000239.H10	IMMUNE_CELL
1001000239.H2	IMMUNE_CELL
1001000239.A11	IMMUNE_CELL
1001000239.C1	IMMUNE_CELL
1001000239.H7	IMMUNE_CELL
1001000239.F2	IMMUNE_CELL
1001000239.B6	IMMUNE_CELL
1001000239.G9	IMMUNE_CELL
1001000239.F7	IMMUNE_CELL
1001000239.H3	IMMUNE_CELL
1001000239.H11	IMMUNE_CELL
1001000239.B11	IMMUNE_CELL
1001000239.E1	IMMUNE_CELL
1001000239.A1	IMMUNE_CELL
1001000239.A12	IMMUNE_CELL
1001000239.G12	IMMUNE_CELL
1001000240.B1	IMMUNE_CELL
1001000240.H9	IMMUNE_CELL
1001000240.D11	IMMUNE_CELL
1001000240.F5	IMMUNE_CELL
1001000240.E6	IMMUNE_CELL
1001000240.G3	IMMUNE_CELL
1001000240.D1	IMMUNE_CELL
1001000240.E1	IMMUNE_CELL
1001000240.F3	IMMUNE_CELL
1001000240.C9	IMMUNE_CELL
1001000240.E7	IMMUNE_CELL
1001000240.H8	IMMUNE_CELL
1001000240.H4	IMMUNE_CELL
1001000240.H11	IMMUNE_CELL
1001000240.G6	IMMUNE_CELL
1001000240.B9	IMMUNE_CELL
1001000240.F1	IMMUNE_CELL
1001000240.C8	IMMUNE_CELL
1001000241.A9	IMMUNE_CELL
1001000241.B7	IMMUNE_CELL
1001000241.C8	IMMUNE_CELL
1001000241.A10	IMMUNE_CELL
1001000241.A5	IMMUNE_CELL
1001000241.E1	IMMUNE_CELL
1001000241.B12	IMMUNE_CELL
1001000241.D10	IMMUNE_CELL
1001000241.G5	IMMUNE_CELL
1001000241.G8	IMMUNE_CELL
1001000241.E12	IMMUNE_CELL
1001000241.F9	IMMUNE_CELL
1001000241.E11	IMMUNE_CELL
1001000241.E8	IMMUNE_CELL
1001000242.D2	IMMUNE_CELL
1001000242.G12	IMMUNE_CELL
1001000242.G8	IMMUNE_CELL
1001000242.D9	IMMUNE_CELL
1001000242.E3	IMMUNE_CELL
1001000242.D11	IMMUNE_CELL
1001000242.C7	IMMUNE_CELL
1001000242.F3	IMMUNE_CELL
1001000242.G9	IMMUNE_CELL
1001000242.C5	IMMUNE_CELL
1001000242.G7	IMMUNE_CELL
1001000242.E2	IMMUNE_CELL
1001000242.H4	IMMUNE_CELL
1001000242.B8	IMMUNE_CELL
1001000242.A2	IMMUNE_CELL
1001000242.A7	IMMUNE_CELL
1001000242.F12	IMMUNE_CELL
1001000242.H11	IMMUNE_CELL
1001000242.E8	IMMUNE_CELL
1001000243.H9	OPC
1001000244.F12	OPC
1001000245.F10	IMMUNE_CELL
1001000245.D5	IMMUNE_CELL
1001000245.D7	NEOPLASTIC
1001000245.C7	IMMUNE_CELL
1001000245.B3	IMMUNE_CELL
1001000245.H11	IMMUNE_CELL
1001000245.C1	IMMUNE_CELL
1001000245.D3	VASCULAR
1001000245.H9	IMMUNE_CELL
1001000245.D12	IMMUNE_CELL
1001000245.A10	NEOPLASTIC
1001000245.E10	NEOPLASTIC
1001000245.H10	NEOPLASTIC
1001000246.E10	IMMUNE_CELL
1001000246.A3	IMMUNE_CELL
1001000246.E6	IMMUNE_CELL
1001000246.G10	NEOPLASTIC
1001000246.E3	IMMUNE_CELL
1001000246.E9	NEOPLASTIC
1001000246.A2	NEOPLASTIC
1001000246.B8	IMMUNE_CELL
1001000246.H8	IMMUNE_CELL
1001000246.C10	IMMUNE_CELL
1001000246.F5	IMMUNE_CELL
1001000246.B9	NEOPLASTIC
1001000246.A10	IMMUNE_CELL
1001000247.H2	IMMUNE_CELL
1001000247.H8	IMMUNE_CELL
1001000247.C7	IMMUNE_CELL
1001000247.D3	IMMUNE_CELL
1001000247.E7	IMMUNE_CELL
1001000247.G4	NEOPLASTIC
1001000247.D12	IMMUNE_CELL
1001000247.F8	IMMUNE_CELL
1001000248.G2	IMMUNE_CELL
1001000248.H7	OPC
1001000248.A5	IMMUNE_CELL
1001000248.G4	IMMUNE_CELL
1001000248.E4	OPC
1001000248.A7	OPC
1001000248.B6	OPC
1001000248.A4	OPC
1001000248.D11	OPC
1001000248.F5	IMMUNE_CELL
1001000248.G3	IMMUNE_CELL
1001000248.H2	IMMUNE_CELL
1001000248.B7	OPC
1001000248.B2	OPC
1001000248.G7	OPC
1001000248.B3	IMMUNE_CELL
1001000248.E10	IMMUNE_CELL
1001000248.G1	IMMUNE_CELL
1001000248.C7	OPC
1001000248.C1	IMMUNE_CELL
1001000249.D3	OPC
1001000249.F8	OPC
1001000249.H4	NEOPLASTIC
1001000249.D11	IMMUNE_CELL
1001000249.D4	OPC
1001000249.F7	OPC
1001000249.C3	OPC
1001000249.E1	OPC
1001000250.F5	NEOPLASTIC
1001000250.E2	NEOPLASTIC
1001000250.A3	NEOPLASTIC
1001000250.D4	NEOPLASTIC
1001000250.E9	NEOPLASTIC
1001000250.F7	NEOPLASTIC
1001000250.B4	NEOPLASTIC
1001000250.E4	NEOPLASTIC
1001000251.C10	NEOPLASTIC
1001000253.G6	ASTOCYTE
1001000253.G12	ASTOCYTE
1001000253.F7	NEOPLASTIC
1001000253.B4	NEOPLASTIC
1001000253.H4	ASTOCYTE
1001000253.G7	ASTOCYTE
1001000254.G9	OPC
1001000254.F2	OPC
1001000254.F4	ASTOCYTE
1001000254.G2	OPC
1001000254.G6	NEOPLASTIC
1001000254.C5	OPC
1001000254.E2	OPC
1001000254.E11	OPC
1001000254.H4	NEOPLASTIC
1001000254.F1	OPC
1001000254.H3	OPC
1001000255.C11	OPC
1001000255.G10	ASTOCYTE
1001000255.D2	OPC
1001000255.F4	OPC
1001000255.D5	NEOPLASTIC
1001000255.A4	ASTOCYTE
1001000255.G4	OPC
1001000255.H5	OPC
1001000258.C12	NEOPLASTIC
1001000258.G9	NEOPLASTIC
1001000258.H10	NEOPLASTIC
1001000259.A12	NEOPLASTIC
1001000259.G6	NEOPLASTIC
1001000259.F2	NEOPLASTIC
1001000259.C4	NEOPLASTIC
1001000259.A10	NEOPLASTIC
1001000259.B2	IMMUNE_CELL
1001000259.H2	NEOPLASTIC
1001000259.B10	NEOPLASTIC
1001000259.F3	NEOPLASTIC
1001000259.D4	IMMUNE_CELL
1001000259.G1	NEOPLASTIC
1001000260.F2	NEOPLASTIC
1001000260.C11	NEOPLASTIC
1001000260.C2	IMMUNE_CELL
1001000260.B6	NEOPLASTIC
1001000260.G7	NEOPLASTIC
1001000260.A6	IMMUNE_CELL
1001000260.B5	NEOPLASTIC
1001000260.A8	IMMUNE_CELL
1001000260.B9	NEOPLASTIC
1001000260.F8	IMMUNE_CELL
1001000260.E1	NEOPLASTIC
1001000260.C1	IMMUNE_CELL
1001000260.D7	IMMUNE_CELL
1001000260.F12	NEOPLASTIC
1001000260.E10	NEOPLASTIC
1001000264.C7	IMMUNE_CELL
1001000264.A12	IMMUNE_CELL
1001000264.F7	IMMUNE_CELL
1001000264.E11	IMMUNE_CELL
1001000264.B5	IMMUNE_CELL
1001000264.E8	IMMUNE_CELL
1001000264.E1	IMMUNE_CELL
1001000264.C8	IMMUNE_CELL
1001000264.A4	IMMUNE_CELL
1001000264.A5	IMMUNE_CELL
1001000264.C9	IMMUNE_CELL
1001000264.A11	IMMUNE_CELL
1001000264.A1	IMMUNE_CELL
1001000264.D10	IMMUNE_CELL
1001000264.F1	IMMUNE_CELL
1001000265.D7	IMMUNE_CELL
1001000265.F1	IMMUNE_CELL
1001000265.E10	IMMUNE_CELL
1001000265.D12	IMMUNE_CELL
1001000265.E3	IMMUNE_CELL
1001000265.B5	IMMUNE_CELL
1001000265.C9	IMMUNE_CELL
1001000265.C6	IMMUNE_CELL
1001000265.G4	IMMUNE_CELL
1001000265.D4	IMMUNE_CELL
1001000265.E7	IMMUNE_CELL
1001000265.A2	IMMUNE_CELL
1001000265.A10	IMMUNE_CELL
1001000266.D5	IMMUNE_CELL
1001000266.B4	IMMUNE_CELL
1001000267.C12	OPC
1001000267.B11	IMMUNE_CELL
1001000267.A11	OPC
1001000267.F10	NEOPLASTIC
1001000267.E12	OPC
1001000267.C11	IMMUNE_CELL
1001000267.H7	OPC
1001000267.D7	IMMUNE_CELL
1001000267.E7	OPC
1001000267.E5	IMMUNE_CELL
1001000268.G6	IMMUNE_CELL
1001000268.B2	NEOPLASTIC
1001000268.A2	NEOPLASTIC
1001000268.D5	NEOPLASTIC
1001000268.E2	NEOPLASTIC
1001000270.D12	IMMUNE_CELL
1001000270.D1	IMMUNE_CELL
1001000270.A10	IMMUNE_CELL
1001000270.H3	IMMUNE_CELL
1001000271.H7	VASCULAR
1001000173.B4	NEOPLASTIC
1001000173.E2	NEOPLASTIC
1001000173.C2	NEOPLASTIC
1001000173.B10	NEOPLASTIC
1001000173.F2	NEOPLASTIC
1001000173.G1	NEOPLASTIC
1001000173.B3	NEOPLASTIC
1001000173.G2	NEOPLASTIC
1001000173.D3	NEOPLASTIC
1001000173.G4	NEOPLASTIC
1001000173.F8	IMMUNE_CELL
1001000173.D1	IMMUNE_CELL
1001000174.G10	NEOPLASTIC
1001000174.F6	NEOPLASTIC
1001000174.H7	NEOPLASTIC
1001000174.B6	NEOPLASTIC
1001000174.C3	NEOPLASTIC
1001000174.G9	NEOPLASTIC
1001000174.G12	IMMUNE_CELL
1001000174.B12	NEOPLASTIC
1001000174.F5	NEOPLASTIC
1001000174.D6	NEOPLASTIC
1001000174.G3	NEOPLASTIC
1001000174.C11	NEOPLASTIC
1001000174.C12	NEOPLASTIC
1001000174.F8	NEOPLASTIC
1001000174.G11	NEOPLASTIC
1001000174.D9	NEOPLASTIC
1001000175.H2	NEOPLASTIC
1001000175.D9	IMMUNE_CELL
1001000175.G12	NEOPLASTIC
1001000175.C1	NEOPLASTIC
1001000175.H11	NEOPLASTIC
1001000175.A11	NEOPLASTIC
1001000175.A5	NEOPLASTIC
1001000175.A9	NEOPLASTIC
1001000175.G6	IMMUNE_CELL
1001000175.B8	OPC
1001000175.B1	NEOPLASTIC
1001000175.F9	NEOPLASTIC
1001000175.E11	IMMUNE_CELL
1001000175.B10	NEOPLASTIC
1001000175.D11	NEOPLASTIC
1001000175.D8	NEOPLASTIC
1001000175.F10	NEOPLASTIC
1001000175.C6	NEOPLASTIC
1001000176.A9	IMMUNE_CELL
1001000176.A10	IMMUNE_CELL
1001000176.G11	IMMUNE_CELL
1001000176.B10	IMMUNE_CELL
1001000176.H7	IMMUNE_CELL
1001000176.G10	IMMUNE_CELL
1001000176.D10	IMMUNE_CELL
1001000176.F7	IMMUNE_CELL
1001000176.G3	IMMUNE_CELL
1001000176.D1	IMMUNE_CELL
1001000176.A11	IMMUNE_CELL
1001000176.E2	IMMUNE_CELL
1001000176.F9	IMMUNE_CELL
1001000176.H4	IMMUNE_CELL
1001000176.H10	IMMUNE_CELL
1001000176.D12	IMMUNE_CELL
1001000177.B6	IMMUNE_CELL
1001000177.E11	IMMUNE_CELL
1001000177.G6	IMMUNE_CELL
1001000177.D7	IMMUNE_CELL
1001000177.F2	IMMUNE_CELL
1001000177.B12	IMMUNE_CELL
1001000177.F3	IMMUNE_CELL
1001000177.G2	IMMUNE_CELL
1001000177.A3	IMMUNE_CELL
1001000177.D1	IMMUNE_CELL
1001000177.E3	IMMUNE_CELL
1001000177.G4	IMMUNE_CELL
1001000177.B8	IMMUNE_CELL
1001000177.C2	IMMUNE_CELL
1001000177.F6	IMMUNE_CELL
1001000177.G3	IMMUNE_CELL
1001000177.C7	IMMUNE_CELL
1001000178.D12	IMMUNE_CELL
1001000178.F10	IMMUNE_CELL
1001000178.C4	IMMUNE_CELL
1001000178.F2	IMMUNE_CELL
1001000178.F9	IMMUNE_CELL
1001000178.C9	IMMUNE_CELL
1001000178.C2	IMMUNE_CELL
1001000178.B1	IMMUNE_CELL
1001000178.F8	IMMUNE_CELL
1001000178.C3	IMMUNE_CELL
1001000178.D1	IMMUNE_CELL
1001000178.E11	IMMUNE_CELL
1001000178.E6	IMMUNE_CELL
1001000178.E4	IMMUNE_CELL
1001000178.A10	IMMUNE_CELL
1001000178.B4	IMMUNE_CELL
1001000178.B2	IMMUNE_CELL
1001000178.G6	IMMUNE_CELL
1001000178.G2	IMMUNE_CELL
1001000178.C8	IMMUNE_CELL
1001000178.G9	IMMUNE_CELL
1001000178.H1	IMMUNE_CELL
1001000178.H11	IMMUNE_CELL
1001000179.C7	IMMUNE_CELL
1001000179.H5	IMMUNE_CELL
1001000179.H3	IMMUNE_CELL
1001000179.E12	IMMUNE_CELL
1001000179.C9	IMMUNE_CELL
1001000179.G2	IMMUNE_CELL
1001000179.D7	IMMUNE_CELL
1001000179.E2	IMMUNE_CELL
1001000179.E11	IMMUNE_CELL
1001000179.F7	IMMUNE_CELL
1001000179.A6	IMMUNE_CELL
1001000179.C2	IMMUNE_CELL
1001000180.E8	OPC
1001000180.B4	OPC
1001000180.B9	OPC
1001000180.E10	NEOPLASTIC
1001000180.D2	NEOPLASTIC
1001000180.H7	OPC
1001000180.H10	OPC
1001000180.C8	OLIGODENDROCYTE
1001000180.F12	NEOPLASTIC
1001000180.G1	NEOPLASTIC
1001000180.H6	ASTOCYTE
1001000181.D12	OPC
1001000181.D10	NEOPLASTIC
1001000181.F12	ASTOCYTE
1001000181.E3	ASTOCYTE
1001000181.G7	IMMUNE_CELL
1001000181.E10	IMMUNE_CELL
1001000181.F6	ASTOCYTE
1001000181.A6	OPC
1001000181.D3	OPC
1001000181.C7	NEOPLASTIC
1001000182.D1	NEOPLASTIC
1001000182.A7	NEOPLASTIC
1001000182.B10	NEOPLASTIC
1001000182.B8	NEOPLASTIC
1001000182.A11	NEOPLASTIC
1001000182.B3	NEOPLASTIC
1001000182.C9	NEOPLASTIC
1001000182.F2	NEOPLASTIC
1001000182.C4	NEOPLASTIC
1001000182.H9	NEOPLASTIC
1001000182.D8	NEOPLASTIC
1001000182.E9	NEOPLASTIC
1001000183.A9	NEOPLASTIC
1001000183.D4	NEOPLASTIC
1001000183.G11	NEOPLASTIC
1001000183.C11	NEOPLASTIC
1001000183.H11	NEOPLASTIC
1001000183.A7	NEOPLASTIC
1001000183.A5	NEOPLASTIC
1001000183.E12	NEOPLASTIC
1001000183.A12	NEOPLASTIC
1001000183.E9	NEOPLASTIC
1001000183.H5	NEOPLASTIC
1001000183.E10	NEOPLASTIC
1001000183.E7	NEOPLASTIC
1001000183.E11	NEOPLASTIC
1001000183.E5	NEOPLASTIC
1001000183.D6	NEOPLASTIC
1001000183.D12	NEOPLASTIC
1001000184.B9	NEOPLASTIC
1001000184.A6	NEOPLASTIC
1001000184.A9	NEOPLASTIC
1001000184.A5	NEOPLASTIC
1001000184.B5	NEOPLASTIC
1001000184.A2	NEOPLASTIC
1001000184.D7	NEOPLASTIC
1001000184.E2	NEOPLASTIC
1001000184.E3	NEOPLASTIC
1001000184.D5	NEOPLASTIC
1001000184.D10	NEOPLASTIC
1001000184.D3	NEOPLASTIC
1001000184.F9	NEOPLASTIC
1001000184.D12	NEOPLASTIC
1001000184.F5	NEOPLASTIC
1001000184.E10	NEOPLASTIC
1001000184.F8	OPC
1001000184.C12	NEOPLASTIC
1001000184.E9	NEOPLASTIC
1001000185.G11	NEOPLASTIC
1001000185.D10	NEOPLASTIC
1001000185.A7	NEOPLASTIC
1001000185.B12	NEOPLASTIC
1001000185.H5	NEOPLASTIC
1001000185.D9	NEOPLASTIC
1001000185.G5	NEOPLASTIC
1001000185.A8	NEOPLASTIC
1001000185.D11	NEOPLASTIC
1001000185.C1	NEOPLASTIC
1001000185.H2	OPC
1001000185.B6	NEOPLASTIC
1001000185.F11	NEOPLASTIC
1001000185.A6	OPC
1001000185.G1	OPC
1001000185.D1	NEOPLASTIC
1001000185.G3	NEOPLASTIC
1001000185.A2	NEOPLASTIC
1001000185.D12	NEOPLASTIC
1001000186.B6	OPC
1001000186.C8	OPC
1001000186.G12	OPC
1001000186.E1	OPC
1001000186.D8	OPC
1001000186.C4	OPC
1001000186.D4	OLIGODENDROCYTE
1001000186.F5	NEURON
1001000186.H2	OPC
1001000186.C12	OPC
1001000187.A11	OPC
1001000187.G4	OPC
1001000187.C7	NEURON
1001000187.F11	OPC
1001000187.B2	OPC
1001000187.C2	OPC
1001000187.F2	OPC
1001000187.A12	OPC
1001000187.D7	OPC
1001000187.F6	NEURON
1001000187.B5	OPC
1001000187.C6	NEURON
1001000187.D9	OPC
1001000187.B8	OPC
1001000187.F9	ASTOCYTE
1001000187.B1	IMMUNE_CELL
1001000187.F3	NEURON
1001000187.C12	OPC
1001000187.C3	OPC
1001000187.B3	OPC
1001000194.G3	OLIGODENDROCYTE
1001000194.G10	OLIGODENDROCYTE
1001000010.D5	IMMUNE_CELL
1001000010.G2	IMMUNE_CELL
1001000012.E1	NEOPLASTIC
1001000012.F6	NEOPLASTIC
1001000012.F3	NEOPLASTIC
1001000012.B2	NEOPLASTIC
1001000012.E6	NEOPLASTIC
1001000012.F4	NEOPLASTIC
1001000012.F8	NEOPLASTIC
1001000012.G7	NEOPLASTIC
1001000012.G10	NEOPLASTIC
1001000012.B11	NEOPLASTIC
1001000012.A3	NEOPLASTIC
1001000012.B8	NEOPLASTIC
1001000012.B4	NEOPLASTIC
1001000012.C8	NEOPLASTIC
1001000012.A2	NEOPLASTIC
1001000014.C8	OLIGODENDROCYTE
1001000014.C3	IMMUNE_CELL
1001000017.A11	OPC
1001000017.F12	NEOPLASTIC
1001000017.B1	OLIGODENDROCYTE
1001000017.B3	OPC
1001000017.F10	IMMUNE_CELL
1001000017.E5	OPC
1001000017.D8	OPC
1001000017.D1	OPC
1001000018.D10	NEOPLASTIC
1001000019.F9	OLIGODENDROCYTE
1001000019.G12	IMMUNE_CELL
1001000031.H2	NEOPLASTIC
1001000031.F6	NEOPLASTIC
1001000031.B5	NEOPLASTIC
1001000031.G3	NEOPLASTIC
1001000031.D10	NEOPLASTIC
1001000031.B8	NEOPLASTIC
1001000031.H5	NEOPLASTIC
1001000031.C6	NEOPLASTIC
1001000031.E11	NEOPLASTIC
1001000031.F11	NEOPLASTIC
1001000031.A2	NEOPLASTIC
1001000031.F1	NEOPLASTIC
1001000031.A9	NEOPLASTIC
1001000031.G1	VASCULAR
1001000031.G10	NEOPLASTIC
1001000031.A4	NEOPLASTIC
1001000031.H9	NEOPLASTIC
1001000032.A10	NEOPLASTIC
1001000032.C10	NEOPLASTIC
1001000032.E2	VASCULAR
1001000032.D6	NEOPLASTIC
1001000032.B9	NEOPLASTIC
1001000032.B8	NEOPLASTIC
1001000032.C3	VASCULAR
1001000033.A5	IMMUNE_CELL
1001000033.D12	IMMUNE_CELL
1001000033.E10	IMMUNE_CELL
1001000033.F7	IMMUNE_CELL
1001000033.D9	IMMUNE_CELL
1001000033.B5	IMMUNE_CELL
1001000033.C7	IMMUNE_CELL
1001000033.H7	IMMUNE_CELL
1001000033.C2	IMMUNE_CELL
1001000033.H6	IMMUNE_CELL
1001000033.C8	IMMUNE_CELL
1001000034.G7	OLIGODENDROCYTE
1001000034.C12	OLIGODENDROCYTE
1001000036.B3	OPC
1001000036.D6	OLIGODENDROCYTE
1001000036.E2	IMMUNE_CELL
1001000036.B7	OLIGODENDROCYTE
1001000036.E9	OPC
1001000036.E5	OLIGODENDROCYTE
1001000037.B8	NEOPLASTIC
1001000037.F1	NEOPLASTIC
1001000037.C11	NEOPLASTIC
1001000037.E3	NEOPLASTIC
1001000037.D10	NEOPLASTIC
1001000037.D3	NEOPLASTIC
1001000037.F10	NEOPLASTIC
1001000037.C12	NEOPLASTIC
1001000037.A10	NEOPLASTIC
1001000037.D5	NEOPLASTIC
1001000037.F7	NEOPLASTIC
1001000037.C3	NEOPLASTIC
1001000037.E6	NEOPLASTIC
1001000037.E1	NEOPLASTIC
1001000037.G5	NEOPLASTIC
1001000037.C5	NEOPLASTIC
1001000037.C2	OPC
1001000037.A9	NEOPLASTIC
1001000229.G10	IMMUNE_CELL
1001000229.G2	NEOPLASTIC
1001000229.E5	IMMUNE_CELL
1001000229.G12	IMMUNE_CELL
1001000229.H4	IMMUNE_CELL
1001000229.B9	IMMUNE_CELL
1001000229.D5	IMMUNE_CELL
1001000229.H1	IMMUNE_CELL
1001000229.E6	IMMUNE_CELL
1001000229.C3	IMMUNE_CELL
1001000229.B6	IMMUNE_CELL
1001000229.C7	IMMUNE_CELL
1001000229.D1	IMMUNE_CELL
1001000230.F4	IMMUNE_CELL
1001000230.E11	IMMUNE_CELL
1001000230.E4	IMMUNE_CELL
1001000230.B12	IMMUNE_CELL
1001000230.A11	IMMUNE_CELL
1001000230.B9	IMMUNE_CELL
1001000230.C2	IMMUNE_CELL
1001000230.F2	IMMUNE_CELL
1001000230.C5	IMMUNE_CELL
1001000230.B2	IMMUNE_CELL
1001000230.F1	IMMUNE_CELL
1001000230.E3	IMMUNE_CELL
1001000230.F12	IMMUNE_CELL
1001000230.H2	IMMUNE_CELL
1001000230.D5	IMMUNE_CELL
1001000231.G7	IMMUNE_CELL
1001000231.B5	IMMUNE_CELL
1001000231.E7	IMMUNE_CELL
1001000231.F6	NEOPLASTIC
1001000231.H6	IMMUNE_CELL
1001000231.G9	IMMUNE_CELL
1001000231.D3	IMMUNE_CELL
1001000231.F4	IMMUNE_CELL
1001000231.G5	IMMUNE_CELL
1001000231.C1	IMMUNE_CELL
1001000231.C2	IMMUNE_CELL
1001000231.G1	IMMUNE_CELL
1001000231.H7	IMMUNE_CELL
1001000231.A7	IMMUNE_CELL
1001000231.E10	IMMUNE_CELL
1001000231.C7	IMMUNE_CELL
1001000233.H10	OLIGODENDROCYTE
1001000233.A6	UNLABELED
1001000233.C6	OLIGODENDROCYTE
1001000235.G8	IMMUNE_CELL
1001000235.A5	IMMUNE_CELL
1001000235.F12	IMMUNE_CELL
1001000235.D11	IMMUNE_CELL
1001000235.A3	IMMUNE_CELL
1001000235.H8	IMMUNE_CELL
1001000235.C7	IMMUNE_CELL
1001000235.C4	IMMUNE_CELL
1001000235.A12	IMMUNE_CELL
1001000235.B12	IMMUNE_CELL
1001000235.H4	IMMUNE_CELL
1001000235.D10	IMMUNE_CELL
1001000235.B4	IMMUNE_CELL
1001000235.H2	IMMUNE_CELL
1001000235.A4	IMMUNE_CELL
1001000236.A4	IMMUNE_CELL
1001000236.A9	IMMUNE_CELL
1001000236.E3	IMMUNE_CELL
1001000236.C3	IMMUNE_CELL
1001000236.B1	IMMUNE_CELL
1001000236.H7	IMMUNE_CELL
1001000236.A6	IMMUNE_CELL
1001000236.G9	IMMUNE_CELL
1001000236.A10	IMMUNE_CELL
1001000236.D9	IMMUNE_CELL
1001000236.B6	IMMUNE_CELL
1001000236.G3	IMMUNE_CELL
1001000236.C12	IMMUNE_CELL
1001000236.B3	IMMUNE_CELL
1001000236.H5	IMMUNE_CELL
1001000236.D4	IMMUNE_CELL
1001000236.C2	IMMUNE_CELL
1001000236.A8	IMMUNE_CELL
1001000236.H8	IMMUNE_CELL
1001000236.C9	IMMUNE_CELL
1001000236.E7	IMMUNE_CELL
1001000236.G8	IMMUNE_CELL
1001000236.E5	IMMUNE_CELL
1001000236.G2	IMMUNE_CELL
1001000237.D10	IMMUNE_CELL
1001000237.B3	IMMUNE_CELL
1001000237.G4	IMMUNE_CELL
1001000237.C12	IMMUNE_CELL
1001000237.C8	IMMUNE_CELL
1001000237.F10	IMMUNE_CELL
1001000237.F1	IMMUNE_CELL
1001000237.H5	IMMUNE_CELL
1001000237.G8	IMMUNE_CELL
1001000237.B10	IMMUNE_CELL
1001000237.B12	IMMUNE_CELL
1001000237.G7	IMMUNE_CELL
1001000237.H9	IMMUNE_CELL
1001000237.H4	IMMUNE_CELL
1001000237.C11	IMMUNE_CELL
1001000237.A1	IMMUNE_CELL
1001000237.F2	IMMUNE_CELL
1001000237.E11	IMMUNE_CELL
1001000237.H10	IMMUNE_CELL
1001000238.E7	UNLABELED
1001000238.G9	IMMUNE_CELL
1001000238.A3	IMMUNE_CELL
1001000238.C6	IMMUNE_CELL
1001000238.E6	IMMUNE_CELL
1001000238.H1	IMMUNE_CELL
1001000238.H7	IMMUNE_CELL
1001000238.A7	IMMUNE_CELL
1001000238.D12	IMMUNE_CELL
1001000238.H2	IMMUNE_CELL
1001000238.G12	IMMUNE_CELL
1001000238.G4	IMMUNE_CELL
1001000238.C7	IMMUNE_CELL
1001000239.B5	IMMUNE_CELL
1001000239.D9	IMMUNE_CELL
1001000239.B7	IMMUNE_CELL
1001000239.G8	IMMUNE_CELL
1001000239.D12	IMMUNE_CELL
1001000239.E9	IMMUNE_CELL
1001000239.A7	IMMUNE_CELL
1001000239.H9	IMMUNE_CELL
1001000239.F12	IMMUNE_CELL
1001000239.C2	VASCULAR
1001000239.B4	IMMUNE_CELL
1001000239.D1	IMMUNE_CELL
1001000239.C6	IMMUNE_CELL
1001000239.D8	IMMUNE_CELL
1001000239.H8	IMMUNE_CELL
1001000239.H4	IMMUNE_CELL
1001000239.B3	IMMUNE_CELL
1001000240.C11	IMMUNE_CELL
1001000240.G5	IMMUNE_CELL
1001000240.F12	IMMUNE_CELL
1001000240.B6	IMMUNE_CELL
1001000240.A10	IMMUNE_CELL
1001000240.F9	IMMUNE_CELL
1001000240.G4	IMMUNE_CELL
1001000240.D2	IMMUNE_CELL
1001000240.D4	IMMUNE_CELL
1001000240.B3	IMMUNE_CELL
1001000240.D9	IMMUNE_CELL
1001000240.B7	IMMUNE_CELL
1001000240.A8	IMMUNE_CELL
1001000240.E8	IMMUNE_CELL
1001000240.A5	IMMUNE_CELL
1001000240.D5	IMMUNE_CELL
1001000241.B3	IMMUNE_CELL
1001000241.B11	IMMUNE_CELL
1001000241.D9	IMMUNE_CELL
1001000241.C10	IMMUNE_CELL
1001000241.E2	IMMUNE_CELL
1001000241.D2	IMMUNE_CELL
1001000241.B1	IMMUNE_CELL
1001000241.A12	IMMUNE_CELL
1001000241.B6	IMMUNE_CELL
1001000241.D12	IMMUNE_CELL
1001000241.H10	IMMUNE_CELL
1001000241.F2	IMMUNE_CELL
1001000241.H1	IMMUNE_CELL
1001000241.G7	IMMUNE_CELL
1001000241.F11	IMMUNE_CELL
1001000242.A8	IMMUNE_CELL
1001000242.E12	IMMUNE_CELL
1001000242.E1	IMMUNE_CELL
1001000242.B7	IMMUNE_CELL
1001000242.E5	IMMUNE_CELL
1001000242.C12	IMMUNE_CELL
1001000242.H9	IMMUNE_CELL
1001000242.F1	IMMUNE_CELL
1001000242.E4	IMMUNE_CELL
1001000242.D1	IMMUNE_CELL
1001000242.C11	IMMUNE_CELL
1001000242.G10	IMMUNE_CELL
1001000242.G3	IMMUNE_CELL
1001000242.E6	IMMUNE_CELL
1001000242.D8	IMMUNE_CELL
1001000244.H3	OPC
1001000244.F10	OPC
1001000244.E9	OPC
1001000244.F11	IMMUNE_CELL
1001000244.B11	OPC
1001000244.A10	OPC
1001000244.D10	IMMUNE_CELL
1001000244.C4	OPC
1001000245.E1	NEOPLASTIC
1001000245.E3	NEOPLASTIC
1001000245.F5	IMMUNE_CELL
1001000245.C4	IMMUNE_CELL
1001000245.A7	IMMUNE_CELL
1001000245.C11	IMMUNE_CELL
1001000245.A9	IMMUNE_CELL
1001000245.G7	IMMUNE_CELL
1001000245.C12	IMMUNE_CELL
1001000245.H1	IMMUNE_CELL
1001000245.C2	NEOPLASTIC
1001000245.B1	IMMUNE_CELL
1001000245.B7	IMMUNE_CELL
1001000246.B5	IMMUNE_CELL
1001000246.D9	IMMUNE_CELL
1001000246.H3	IMMUNE_CELL
1001000246.A5	NEOPLASTIC
1001000246.E8	IMMUNE_CELL
1001000246.C9	NEOPLASTIC
1001000246.H1	IMMUNE_CELL
1001000246.D5	NEOPLASTIC
1001000246.B11	IMMUNE_CELL
1001000246.C7	IMMUNE_CELL
1001000246.E5	IMMUNE_CELL
1001000246.H7	IMMUNE_CELL
1001000246.D7	NEOPLASTIC
1001000246.H4	IMMUNE_CELL
1001000246.C11	IMMUNE_CELL
1001000246.H5	IMMUNE_CELL
1001000246.H2	NEOPLASTIC
1001000246.F9	IMMUNE_CELL
1001000246.C8	NEOPLASTIC
1001000246.D2	IMMUNE_CELL
1001000246.A6	IMMUNE_CELL
1001000246.D6	NEOPLASTIC
1001000247.E5	IMMUNE_CELL
1001000247.F3	IMMUNE_CELL
1001000247.F10	NEOPLASTIC
1001000247.G5	IMMUNE_CELL
1001000247.F11	IMMUNE_CELL
1001000247.C6	IMMUNE_CELL
1001000247.G2	IMMUNE_CELL
1001000247.F1	NEOPLASTIC
1001000247.C2	IMMUNE_CELL
1001000247.H7	VASCULAR
1001000247.D7	IMMUNE_CELL
1001000247.E6	IMMUNE_CELL
1001000247.F6	IMMUNE_CELL
1001000247.G1	IMMUNE_CELL
1001000248.F7	IMMUNE_CELL
1001000248.D8	OPC
1001000248.C6	IMMUNE_CELL
1001000248.C8	IMMUNE_CELL
1001000248.F3	IMMUNE_CELL
1001000248.H11	IMMUNE_CELL
1001000248.E11	OPC
1001000248.B9	IMMUNE_CELL
1001000248.G12	OPC
1001000248.C2	IMMUNE_CELL
1001000248.B5	OPC
1001000248.F11	OPC
1001000248.D9	IMMUNE_CELL
1001000248.F2	OPC
1001000248.D4	OPC
1001000248.F6	OPC
1001000249.G10	OPC
1001000249.E9	OPC
1001000249.F10	OPC
1001000249.B12	OPC
1001000249.B4	IMMUNE_CELL
1001000249.E3	OPC
1001000249.G1	OPC
1001000249.H8	OPC
1001000249.E12	OPC
1001000249.F2	NEOPLASTIC
1001000249.H3	OPC
1001000250.D1	NEOPLASTIC
1001000250.B8	NEOPLASTIC
1001000250.A2	NEOPLASTIC
1001000250.B3	NEOPLASTIC
1001000250.H5	NEOPLASTIC
1001000250.B1	NEOPLASTIC
1001000251.F5	NEOPLASTIC
1001000251.B12	NEOPLASTIC
1001000252.B1	NEOPLASTIC
1001000252.C6	NEOPLASTIC
1001000252.G9	NEOPLASTIC
1001000253.F6	NEOPLASTIC
1001000253.A10	OPC
1001000253.A9	NEOPLASTIC
1001000253.F11	OPC
1001000253.B7	OPC
1001000253.D8	ASTOCYTE
1001000253.E1	NEOPLASTIC
1001000253.F1	NEOPLASTIC
1001000253.H8	OPC
1001000253.C6	ASTOCYTE
1001000253.F12	OPC
1001000254.G10	ASTOCYTE
1001000254.C1	OPC
1001000254.A6	OPC
1001000254.A10	ASTOCYTE
1001000254.G1	OLIGODENDROCYTE
1001000254.B2	OPC
1001000254.A7	NEOPLASTIC
1001000254.D12	ASTOCYTE
1001000255.H1	ASTOCYTE
1001000255.D4	OPC
1001000255.C2	NEOPLASTIC
1001000255.E2	OPC
1001000255.F7	ASTOCYTE
1001000255.B8	ASTOCYTE
1001000255.H8	ASTOCYTE
1001000255.C10	ASTOCYTE
1001000255.A2	ASTOCYTE
1001000258.D2	VASCULAR
1001000258.G1	NEOPLASTIC
1001000258.E12	IMMUNE_CELL
1001000258.B9	NEOPLASTIC
1001000258.A7	IMMUNE_CELL
1001000258.D7	NEOPLASTIC
1001000259.F5	IMMUNE_CELL
1001000259.F4	NEOPLASTIC
1001000259.G9	UNLABELED
1001000259.F9	VASCULAR
1001000259.D7	NEOPLASTIC
1001000259.H6	IMMUNE_CELL
1001000259.B6	NEOPLASTIC
1001000259.D11	IMMUNE_CELL
1001000259.F8	IMMUNE_CELL
1001000259.C1	NEOPLASTIC
1001000259.F10	IMMUNE_CELL
1001000259.E7	NEOPLASTIC
1001000259.H1	NEOPLASTIC
1001000259.D5	NEOPLASTIC
1001000259.E8	NEOPLASTIC
1001000259.E10	IMMUNE_CELL
1001000259.H4	NEOPLASTIC
1001000260.D5	NEOPLASTIC
1001000260.A10	NEOPLASTIC
1001000260.C9	IMMUNE_CELL
1001000260.B12	NEOPLASTIC
1001000260.F5	IMMUNE_CELL
1001000260.D12	NEOPLASTIC
1001000260.E8	IMMUNE_CELL
1001000260.B1	NEOPLASTIC
1001000260.C7	IMMUNE_CELL
1001000260.H11	NEOPLASTIC
1001000260.D4	NEOPLASTIC
1001000260.A2	NEOPLASTIC
1001000260.D2	IMMUNE_CELL
1001000260.E12	NEOPLASTIC
1001000260.E3	NEOPLASTIC
1001000260.A12	IMMUNE_CELL
1001000264.B4	IMMUNE_CELL
1001000264.D8	IMMUNE_CELL
1001000264.H1	IMMUNE_CELL
1001000264.D6	IMMUNE_CELL
1001000264.G5	IMMUNE_CELL
1001000264.G10	IMMUNE_CELL
1001000264.B11	IMMUNE_CELL
1001000264.C12	IMMUNE_CELL
1001000264.G12	IMMUNE_CELL
1001000264.E12	IMMUNE_CELL
1001000264.B8	IMMUNE_CELL
1001000264.B12	IMMUNE_CELL
1001000264.D1	IMMUNE_CELL
1001000264.B6	IMMUNE_CELL
1001000265.B6	IMMUNE_CELL
1001000265.E2	IMMUNE_CELL
1001000265.E12	IMMUNE_CELL
1001000265.B12	IMMUNE_CELL
1001000265.B10	IMMUNE_CELL
1001000265.D2	IMMUNE_CELL
1001000265.C11	IMMUNE_CELL
1001000265.C7	IMMUNE_CELL
1001000265.F2	IMMUNE_CELL
1001000266.C4	IMMUNE_CELL
1001000266.A3	VASCULAR
1001000266.A5	IMMUNE_CELL
1001000266.C5	IMMUNE_CELL
1001000266.A6	IMMUNE_CELL
1001000266.A4	IMMUNE_CELL
1001000267.B8	NEOPLASTIC
1001000267.C5	IMMUNE_CELL
1001000267.A7	IMMUNE_CELL
1001000267.H11	NEOPLASTIC
1001000267.H4	OLIGODENDROCYTE
1001000267.F9	OPC
1001000267.B5	OPC
1001000267.C1	OPC
1001000267.F8	IMMUNE_CELL
1001000267.D4	OPC
1001000268.C6	NEOPLASTIC
1001000268.B5	NEOPLASTIC
1001000268.D2	IMMUNE_CELL
1001000270.G1	IMMUNE_CELL
1001000270.H8	IMMUNE_CELL
1001000270.G3	IMMUNE_CELL
1001000270.H2	IMMUNE_CELL
1001000270.F10	IMMUNE_CELL
1001000270.B4	IMMUNE_CELL
1001000270.D7	IMMUNE_CELL
1001000271.B3	VASCULAR
1001000271.C2	VASCULAR
1001000271.D1	VASCULAR
1001000271.B1	NEOPLASTIC
1001000271.D4	IMMUNE_CELL
1001000173.B12	NEOPLASTIC
1001000173.H1	NEOPLASTIC
1001000173.E4	NEOPLASTIC
1001000173.B6	IMMUNE_CELL
1001000173.E10	NEOPLASTIC
1001000173.E6	NEOPLASTIC
1001000173.C4	NEOPLASTIC
1001000173.B1	OLIGODENDROCYTE
1001000173.F9	NEOPLASTIC
1001000173.C1	NEOPLASTIC
1001000173.C3	NEOPLASTIC
1001000173.F11	NEOPLASTIC
1001000173.E5	NEOPLASTIC
1001000174.H9	NEOPLASTIC
1001000174.A10	NEOPLASTIC
1001000174.B4	NEOPLASTIC
1001000174.D5	NEOPLASTIC
1001000174.B8	NEOPLASTIC
1001000174.A2	NEOPLASTIC
1001000174.D12	NEOPLASTIC
1001000174.E9	NEOPLASTIC
1001000174.G4	NEOPLASTIC
1001000174.A4	NEOPLASTIC
1001000174.G6	NEOPLASTIC
1001000174.H3	NEOPLASTIC
1001000174.F12	NEOPLASTIC
1001000174.F3	IMMUNE_CELL
1001000174.H1	NEOPLASTIC
1001000174.G8	NEOPLASTIC
1001000174.E11	NEOPLASTIC
1001000174.A1	NEOPLASTIC
1001000174.C4	NEOPLASTIC
1001000174.H5	NEOPLASTIC
1001000175.F3	NEOPLASTIC
1001000175.H4	NEOPLASTIC
1001000175.E8	NEOPLASTIC
1001000175.A7	NEOPLASTIC
1001000175.D4	NEOPLASTIC
1001000175.D10	NEOPLASTIC
1001000175.E3	NEOPLASTIC
1001000175.E4	NEOPLASTIC
1001000175.B3	IMMUNE_CELL
1001000175.C10	NEOPLASTIC
1001000175.B5	NEOPLASTIC
1001000175.D1	NEOPLASTIC
1001000175.A4	NEOPLASTIC
1001000175.D3	NEOPLASTIC
1001000175.D6	NEOPLASTIC
1001000175.E10	NEOPLASTIC
1001000175.A12	NEOPLASTIC
1001000175.A8	NEOPLASTIC
1001000176.D9	IMMUNE_CELL
1001000176.H3	IMMUNE_CELL
1001000176.G2	IMMUNE_CELL
1001000176.E7	IMMUNE_CELL
1001000176.A8	IMMUNE_CELL
1001000176.H2	IMMUNE_CELL
1001000176.A1	IMMUNE_CELL
1001000176.C11	IMMUNE_CELL
1001000176.G1	IMMUNE_CELL
1001000176.A4	IMMUNE_CELL
1001000176.E9	IMMUNE_CELL
1001000176.G9	IMMUNE_CELL
1001000176.A2	IMMUNE_CELL
1001000177.E9	IMMUNE_CELL
1001000177.A2	IMMUNE_CELL
1001000177.C12	IMMUNE_CELL
1001000177.H7	IMMUNE_CELL
1001000177.H11	IMMUNE_CELL
1001000177.F7	IMMUNE_CELL
1001000177.G11	IMMUNE_CELL
1001000177.E12	IMMUNE_CELL
1001000177.E6	IMMUNE_CELL
1001000177.D3	IMMUNE_CELL
1001000177.D12	IMMUNE_CELL
1001000177.D8	IMMUNE_CELL
1001000177.C4	UNLABELED
1001000177.F10	IMMUNE_CELL
1001000177.H6	IMMUNE_CELL
1001000177.C11	IMMUNE_CELL
1001000177.E2	IMMUNE_CELL
1001000177.D2	IMMUNE_CELL
1001000177.F8	IMMUNE_CELL
1001000178.G8	IMMUNE_CELL
1001000178.B7	IMMUNE_CELL
1001000178.B5	IMMUNE_CELL
1001000178.D8	IMMUNE_CELL
1001000178.A6	IMMUNE_CELL
1001000178.C7	IMMUNE_CELL
1001000178.A8	IMMUNE_CELL
1001000178.G5	IMMUNE_CELL
1001000178.F3	IMMUNE_CELL
1001000178.D7	IMMUNE_CELL
1001000178.B10	IMMUNE_CELL
1001000178.C6	IMMUNE_CELL
1001000178.E2	IMMUNE_CELL
1001000178.D2	IMMUNE_CELL
1001000178.H5	IMMUNE_CELL
1001000178.G12	IMMUNE_CELL
1001000178.H10	IMMUNE_CELL
1001000178.H4	IMMUNE_CELL
1001000178.H6	IMMUNE_CELL
1001000179.F10	IMMUNE_CELL
1001000179.A10	IMMUNE_CELL
1001000179.A4	IMMUNE_CELL
1001000179.G3	IMMUNE_CELL
1001000179.D6	IMMUNE_CELL
1001000179.A2	IMMUNE_CELL
1001000179.D3	IMMUNE_CELL
1001000179.A1	IMMUNE_CELL
1001000179.E3	IMMUNE_CELL
1001000179.A9	IMMUNE_CELL
1001000179.H1	IMMUNE_CELL
1001000179.F9	IMMUNE_CELL
1001000179.H10	IMMUNE_CELL
1001000179.E7	IMMUNE_CELL
1001000179.H6	IMMUNE_CELL
1001000179.G4	IMMUNE_CELL
1001000179.D5	IMMUNE_CELL
1001000179.D8	IMMUNE_CELL
1001000179.B9	IMMUNE_CELL
1001000179.F11	IMMUNE_CELL
1001000179.B6	IMMUNE_CELL
1001000180.G12	ASTOCYTE
1001000180.B7	OPC
1001000180.C3	OPC
1001000180.D3	OPC
1001000180.E6	NEOPLASTIC
1001000180.E5	OPC
1001000180.A2	OPC
1001000181.A3	NEOPLASTIC
1001000181.E6	NEOPLASTIC
1001000181.B1	OPC
1001000181.C3	OPC
1001000181.F7	OPC
1001000181.E1	ASTOCYTE
1001000181.B5	OPC
1001000181.A10	OPC
1001000181.B2	OPC
1001000181.A11	IMMUNE_CELL
1001000181.E12	NEOPLASTIC
1001000181.D1	ASTOCYTE
1001000181.A9	OPC
1001000181.D11	OPC
1001000182.C3	NEOPLASTIC
1001000182.G10	NEOPLASTIC
1001000182.B4	NEOPLASTIC
1001000182.F6	NEOPLASTIC
1001000182.D11	NEOPLASTIC
1001000182.G8	NEOPLASTIC
1001000182.D7	NEOPLASTIC
1001000182.H2	NEOPLASTIC
1001000182.B1	NEOPLASTIC
1001000182.B11	NEOPLASTIC
1001000182.G5	NEOPLASTIC
1001000182.B5	NEOPLASTIC
1001000182.C11	NEOPLASTIC
1001000182.D12	OLIGODENDROCYTE
1001000182.C7	NEOPLASTIC
1001000182.G7	NEOPLASTIC
1001000182.D3	NEOPLASTIC
1001000182.G6	NEOPLASTIC
1001000183.A3	NEOPLASTIC
1001000183.F4	NEOPLASTIC
1001000183.B8	NEOPLASTIC
1001000183.E8	NEOPLASTIC
1001000183.C8	NEOPLASTIC
1001000183.H9	NEOPLASTIC
1001000183.G1	NEOPLASTIC
1001000183.C4	NEOPLASTIC
1001000183.D11	NEOPLASTIC
1001000183.C9	NEOPLASTIC
1001000183.H10	NEOPLASTIC
1001000183.D3	NEOPLASTIC
1001000183.C5	NEOPLASTIC
1001000183.F12	NEOPLASTIC
1001000183.D7	NEOPLASTIC
1001000183.C7	NEOPLASTIC
1001000183.B2	NEOPLASTIC
1001000183.G7	NEOPLASTIC
1001000183.A4	NEOPLASTIC
1001000183.B3	NEOPLASTIC
1001000183.B5	NEOPLASTIC
1001000183.G5	NEOPLASTIC
1001000183.C3	NEOPLASTIC
1001000184.A1	NEOPLASTIC
1001000184.C1	NEOPLASTIC
1001000184.A8	NEOPLASTIC
1001000184.A10	UNLABELED
1001000184.B7	NEOPLASTIC
1001000184.C11	NEOPLASTIC
1001000184.G5	NEOPLASTIC
1001000184.F1	NEOPLASTIC
1001000184.C6	NEOPLASTIC
1001000184.G7	OPC
1001000184.F11	OPC
1001000184.C8	OPC
1001000184.C2	NEOPLASTIC
1001000184.E11	NEOPLASTIC
1001000184.F2	NEOPLASTIC
1001000184.E4	NEOPLASTIC
1001000184.H7	NEOPLASTIC
1001000185.F4	NEOPLASTIC
1001000185.B7	NEOPLASTIC
1001000185.G8	NEOPLASTIC
1001000185.B8	NEOPLASTIC
1001000185.C8	OPC
1001000185.G7	NEOPLASTIC
1001000185.G12	NEOPLASTIC
1001000185.A9	NEOPLASTIC
1001000185.E2	NEOPLASTIC
1001000185.E9	NEOPLASTIC
1001000185.F5	NEOPLASTIC
1001000185.C2	NEOPLASTIC
1001000186.E4	OPC
1001000186.B4	ASTOCYTE
1001000186.E10	OPC
1001000186.G1	OPC
1001000186.D6	OPC
1001000186.E7	NEURON
1001000186.E11	NEURON
1001000186.C1	OPC
1001000186.A9	IMMUNE_CELL
1001000186.G9	OPC
1001000186.G10	OPC
1001000186.B11	OPC
1001000186.F10	OPC
1001000187.H6	OPC
1001000187.F7	OPC
1001000187.B9	OPC
1001000187.D1	IMMUNE_CELL
1001000187.G10	NEURON
1001000187.D2	ASTOCYTE
1001000187.E6	OPC
1001000187.H3	OPC
1001000187.A9	OPC
1001000187.H7	OPC
1001000187.G9	IMMUNE_CELL
1001000187.E9	NEURON
1001000187.D12	OPC
1001000187.E3	ASTOCYTE
1001000187.B10	OPC
1001000187.E12	NEURON
1001000187.E5	OPC
1001000187.A1	OPC
1001000194.E8	OLIGODENDROCYTE
1001000194.C5	OLIGODENDROCYTE
1001000010.C1	IMMUNE_CELL
1001000010.G3	IMMUNE_CELL
1001000010.F8	IMMUNE_CELL
1001000010.B5	IMMUNE_CELL
1001000012.E3	NEOPLASTIC
1001000012.E4	NEOPLASTIC
1001000012.G5	NEOPLASTIC
1001000012.F7	NEOPLASTIC
1001000012.C4	NEOPLASTIC
1001000012.B7	NEOPLASTIC
1001000012.D2	NEOPLASTIC
1001000012.B6	NEOPLASTIC
1001000012.D1	NEOPLASTIC
1001000012.C11	NEOPLASTIC
1001000012.H4	NEOPLASTIC
1001000012.H8	NEOPLASTIC
1001000012.H3	NEOPLASTIC
1001000012.E12	NEOPLASTIC
1001000012.D12	NEOPLASTIC
1001000014.H9	OLIGODENDROCYTE
1001000014.G7	OLIGODENDROCYTE
1001000014.G12	OLIGODENDROCYTE
1001000017.G11	OPC
1001000017.A8	OPC
1001000017.E4	IMMUNE_CELL
1001000017.A6	OPC
1001000017.F5	OLIGODENDROCYTE
1001000017.F7	NEOPLASTIC
1001000018.C1	OLIGODENDROCYTE
1001000019.C2	IMMUNE_CELL
1001000019.G9	IMMUNE_CELL
1001000019.F6	IMMUNE_CELL
1001000028.F6	NEOPLASTIC
1001000031.B3	NEOPLASTIC
1001000031.B11	NEOPLASTIC
1001000031.G6	NEOPLASTIC
1001000031.A12	NEOPLASTIC
1001000031.G4	NEOPLASTIC
1001000031.E10	VASCULAR
1001000031.B10	VASCULAR
1001000031.E3	NEOPLASTIC
1001000031.G12	NEOPLASTIC
1001000031.C10	NEOPLASTIC
1001000031.C2	NEOPLASTIC
1001000031.H1	NEOPLASTIC
1001000032.D2	NEOPLASTIC
1001000032.E9	NEOPLASTIC
1001000032.F11	NEOPLASTIC
1001000032.E10	NEOPLASTIC
1001000032.G8	NEOPLASTIC
1001000032.B12	NEOPLASTIC
1001000032.B6	NEOPLASTIC
1001000032.D9	NEOPLASTIC
1001000032.A12	NEOPLASTIC
1001000032.G10	NEOPLASTIC
1001000032.H5	VASCULAR
1001000032.E7	VASCULAR
1001000033.B11	IMMUNE_CELL
1001000033.B12	IMMUNE_CELL
1001000033.F6	IMMUNE_CELL
1001000033.A4	IMMUNE_CELL
1001000033.F11	IMMUNE_CELL
1001000033.H2	IMMUNE_CELL
1001000033.G9	IMMUNE_CELL
1001000033.F9	IMMUNE_CELL
1001000033.F10	IMMUNE_CELL
1001000033.H10	IMMUNE_CELL
1001000033.G12	IMMUNE_CELL
1001000033.A1	IMMUNE_CELL
1001000033.B6	IMMUNE_CELL
1001000033.E1	IMMUNE_CELL
1001000033.G2	IMMUNE_CELL
1001000033.D3	IMMUNE_CELL
1001000033.C3	IMMUNE_CELL
1001000033.H1	IMMUNE_CELL
1001000033.B4	IMMUNE_CELL
1001000034.C11	OLIGODENDROCYTE
1001000034.B2	OPC
1001000036.B9	OLIGODENDROCYTE
1001000036.A3	OLIGODENDROCYTE
1001000036.C11	OPC
1001000036.B5	OLIGODENDROCYTE
1001000036.F9	NEOPLASTIC
1001000037.B10	NEOPLASTIC
1001000037.F12	NEOPLASTIC
1001000037.A5	NEOPLASTIC
1001000037.E2	NEOPLASTIC
1001000037.D4	NEOPLASTIC
1001000037.D1	NEOPLASTIC
1001000037.A1	NEOPLASTIC
1001000037.A6	NEOPLASTIC
1001000037.F6	NEOPLASTIC
1001000037.E4	NEOPLASTIC
1001000229.A12	IMMUNE_CELL
1001000229.B11	IMMUNE_CELL
1001000229.F7	IMMUNE_CELL
1001000229.C9	IMMUNE_CELL
1001000229.B8	IMMUNE_CELL
1001000229.D11	IMMUNE_CELL
1001000229.F2	IMMUNE_CELL
1001000229.A7	IMMUNE_CELL
1001000229.C11	IMMUNE_CELL
1001000229.C6	IMMUNE_CELL
1001000229.F4	IMMUNE_CELL
1001000229.H10	IMMUNE_CELL
1001000229.A6	IMMUNE_CELL
1001000229.D7	IMMUNE_CELL
1001000229.E9	IMMUNE_CELL
1001000229.B10	NEOPLASTIC
1001000229.E4	NEOPLASTIC
1001000229.B7	IMMUNE_CELL
1001000229.G3	IMMUNE_CELL
1001000229.D3	NEOPLASTIC
1001000229.F3	IMMUNE_CELL
1001000229.D8	IMMUNE_CELL
1001000229.G4	IMMUNE_CELL
1001000229.G6	IMMUNE_CELL
1001000229.G11	IMMUNE_CELL
1001000230.H5	IMMUNE_CELL
1001000230.G7	IMMUNE_CELL
1001000230.A9	IMMUNE_CELL
1001000230.H1	IMMUNE_CELL
1001000230.D9	IMMUNE_CELL
1001000230.H8	IMMUNE_CELL
1001000230.E2	IMMUNE_CELL
1001000230.G10	IMMUNE_CELL
1001000230.H11	IMMUNE_CELL
1001000230.C9	IMMUNE_CELL
1001000230.D8	IMMUNE_CELL
1001000230.H4	IMMUNE_CELL
1001000230.E10	IMMUNE_CELL
1001000230.G8	NEOPLASTIC
1001000230.F10	NEOPLASTIC
1001000230.H7	IMMUNE_CELL
1001000230.C12	IMMUNE_CELL
1001000230.A8	IMMUNE_CELL
1001000230.F3	IMMUNE_CELL
1001000231.B11	IMMUNE_CELL
1001000231.B3	IMMUNE_CELL
1001000231.H3	IMMUNE_CELL
1001000231.G12	IMMUNE_CELL
1001000231.F12	IMMUNE_CELL
1001000231.C8	IMMUNE_CELL
1001000231.A4	IMMUNE_CELL
1001000231.E12	IMMUNE_CELL
1001000231.E8	IMMUNE_CELL
1001000231.H9	IMMUNE_CELL
1001000231.D6	IMMUNE_CELL
1001000231.C3	VASCULAR
1001000231.H2	IMMUNE_CELL
1001000231.B6	IMMUNE_CELL
1001000231.F11	VASCULAR
1001000233.G11	OPC
1001000235.A11	IMMUNE_CELL
1001000235.B3	IMMUNE_CELL
1001000235.F8	IMMUNE_CELL
1001000235.G6	IMMUNE_CELL
1001000235.E12	IMMUNE_CELL
1001000235.C8	IMMUNE_CELL
1001000235.B2	IMMUNE_CELL
1001000235.D8	IMMUNE_CELL
1001000235.H3	IMMUNE_CELL
1001000235.B9	IMMUNE_CELL
1001000235.F10	IMMUNE_CELL
1001000235.F3	IMMUNE_CELL
1001000235.E11	IMMUNE_CELL
1001000235.C9	IMMUNE_CELL
1001000235.F11	IMMUNE_CELL
1001000235.A6	IMMUNE_CELL
1001000235.E7	IMMUNE_CELL
1001000236.H4	IMMUNE_CELL
1001000236.D5	IMMUNE_CELL
1001000236.E10	IMMUNE_CELL
1001000236.B2	IMMUNE_CELL
1001000236.B9	IMMUNE_CELL
1001000236.G5	IMMUNE_CELL
1001000236.D2	IMMUNE_CELL
1001000236.F2	IMMUNE_CELL
1001000236.G7	IMMUNE_CELL
1001000236.A3	IMMUNE_CELL
1001000236.B8	IMMUNE_CELL
1001000236.E4	IMMUNE_CELL
1001000236.C11	IMMUNE_CELL
1001000236.C5	IMMUNE_CELL
1001000236.B7	IMMUNE_CELL
1001000236.G1	IMMUNE_CELL
1001000236.A11	IMMUNE_CELL
1001000236.H10	IMMUNE_CELL
1001000236.D1	IMMUNE_CELL
1001000236.G10	IMMUNE_CELL
1001000237.A3	IMMUNE_CELL
1001000237.G2	IMMUNE_CELL
1001000237.C10	IMMUNE_CELL
1001000237.E1	IMMUNE_CELL
1001000237.A10	IMMUNE_CELL
1001000237.H11	IMMUNE_CELL
1001000237.H1	IMMUNE_CELL
1001000237.D9	IMMUNE_CELL
1001000237.D6	IMMUNE_CELL
1001000237.C6	IMMUNE_CELL
1001000237.F4	IMMUNE_CELL
1001000237.F11	IMMUNE_CELL
1001000237.A8	IMMUNE_CELL
1001000238.D5	VASCULAR
1001000238.E9	IMMUNE_CELL
1001000238.F5	IMMUNE_CELL
1001000238.H8	IMMUNE_CELL
1001000238.F7	IMMUNE_CELL
1001000238.B9	IMMUNE_CELL
1001000238.E10	IMMUNE_CELL
1001000238.C3	UNLABELED
1001000238.C8	IMMUNE_CELL
1001000238.C10	IMMUNE_CELL
1001000238.B5	IMMUNE_CELL
1001000238.H9	IMMUNE_CELL
1001000238.C5	IMMUNE_CELL
1001000238.F6	IMMUNE_CELL
1001000238.G8	IMMUNE_CELL
1001000238.E4	IMMUNE_CELL
1001000238.A12	IMMUNE_CELL
1001000238.A2	IMMUNE_CELL
1001000239.E6	IMMUNE_CELL
1001000239.F1	IMMUNE_CELL
1001000239.F6	IMMUNE_CELL
1001000239.G11	IMMUNE_CELL
1001000239.C11	IMMUNE_CELL
1001000239.D11	IMMUNE_CELL
1001000239.B2	IMMUNE_CELL
1001000239.D6	IMMUNE_CELL
1001000239.F4	IMMUNE_CELL
1001000239.A3	IMMUNE_CELL
1001000239.E7	IMMUNE_CELL
1001000239.A5	IMMUNE_CELL
1001000239.B8	IMMUNE_CELL
1001000239.C10	IMMUNE_CELL
1001000239.E8	IMMUNE_CELL
1001000239.D7	IMMUNE_CELL
1001000239.E5	IMMUNE_CELL
1001000240.F6	IMMUNE_CELL
1001000240.A7	IMMUNE_CELL
1001000240.C6	IMMUNE_CELL
1001000240.E12	IMMUNE_CELL
1001000240.H10	IMMUNE_CELL
1001000240.E9	IMMUNE_CELL
1001000240.B12	IMMUNE_CELL
1001000240.F10	IMMUNE_CELL
1001000240.B8	IMMUNE_CELL
1001000240.E11	IMMUNE_CELL
1001000240.B10	IMMUNE_CELL
1001000240.C2	IMMUNE_CELL
1001000240.B5	IMMUNE_CELL
1001000240.H6	IMMUNE_CELL
1001000240.A11	IMMUNE_CELL
1001000240.D3	IMMUNE_CELL
1001000240.C1	IMMUNE_CELL
1001000240.A6	IMMUNE_CELL
1001000241.B8	IMMUNE_CELL
1001000241.D4	IMMUNE_CELL
1001000241.A4	IMMUNE_CELL
1001000241.C7	IMMUNE_CELL
1001000241.A2	IMMUNE_CELL
1001000241.C12	IMMUNE_CELL
1001000241.C1	IMMUNE_CELL
1001000241.C9	IMMUNE_CELL
1001000241.E3	IMMUNE_CELL
1001000241.A8	IMMUNE_CELL
1001000241.D3	IMMUNE_CELL
1001000241.F5	IMMUNE_CELL
1001000241.H8	IMMUNE_CELL
1001000241.G1	IMMUNE_CELL
1001000241.F7	IMMUNE_CELL
1001000241.F4	IMMUNE_CELL
1001000241.G9	IMMUNE_CELL
1001000241.F6	IMMUNE_CELL
1001000241.H9	IMMUNE_CELL
1001000241.F8	IMMUNE_CELL
1001000242.A5	IMMUNE_CELL
1001000242.H10	IMMUNE_CELL
1001000242.C3	IMMUNE_CELL
1001000242.F7	IMMUNE_CELL
1001000242.B9	IMMUNE_CELL
1001000242.H7	IMMUNE_CELL
1001000242.G6	IMMUNE_CELL
1001000242.G11	IMMUNE_CELL
1001000242.D6	IMMUNE_CELL
1001000242.G4	IMMUNE_CELL
1001000242.A1	IMMUNE_CELL
1001000242.G2	IMMUNE_CELL
1001000242.F10	IMMUNE_CELL
1001000242.C4	IMMUNE_CELL
1001000242.C9	IMMUNE_CELL
1001000242.C2	IMMUNE_CELL
1001000242.D3	IMMUNE_CELL
1001000242.E11	IMMUNE_CELL
1001000242.G5	IMMUNE_CELL
1001000242.H3	IMMUNE_CELL
1001000242.A9	IMMUNE_CELL
1001000242.B5	IMMUNE_CELL
1001000242.D10	IMMUNE_CELL
1001000242.F6	IMMUNE_CELL
1001000242.H8	IMMUNE_CELL
1001000243.F12	OPC
1001000243.C5	OPC
1001000244.C3	OPC
1001000244.A7	OPC
1001000244.H10	OPC
1001000244.D1	OPC
1001000244.F7	OPC
1001000244.D12	OPC
1001000245.D10	IMMUNE_CELL
1001000245.E7	NEOPLASTIC
1001000245.E2	UNLABELED
1001000245.F8	VASCULAR
1001000245.F12	NEOPLASTIC
1001000245.F2	NEOPLASTIC
1001000245.D1	IMMUNE_CELL
1001000245.B10	NEOPLASTIC
1001000245.D11	NEOPLASTIC
1001000245.D8	NEOPLASTIC
1001000245.A2	IMMUNE_CELL
1001000245.F7	IMMUNE_CELL
1001000245.G3	IMMUNE_CELL
1001000245.H2	IMMUNE_CELL
1001000245.H4	NEOPLASTIC
1001000245.E4	IMMUNE_CELL
1001000245.G10	NEOPLASTIC
1001000245.D6	IMMUNE_CELL
1001000245.B12	IMMUNE_CELL
1001000245.E9	IMMUNE_CELL
1001000245.A1	IMMUNE_CELL
1001000245.C10	NEOPLASTIC
1001000245.B5	NEOPLASTIC
1001000245.C9	IMMUNE_CELL
1001000245.G5	IMMUNE_CELL
1001000245.E5	IMMUNE_CELL
1001000245.D2	IMMUNE_CELL
1001000246.C3	IMMUNE_CELL
1001000246.F1	IMMUNE_CELL
1001000246.F8	IMMUNE_CELL
1001000246.B6	IMMUNE_CELL
1001000246.A7	IMMUNE_CELL
1001000246.C2	NEOPLASTIC
1001000246.G5	NEOPLASTIC
1001000246.A4	VASCULAR
1001000246.B4	VASCULAR
1001000246.F4	IMMUNE_CELL
1001000246.C12	IMMUNE_CELL
1001000246.D4	NEOPLASTIC
1001000246.G4	NEOPLASTIC
1001000246.A8	IMMUNE_CELL
1001000246.G6	IMMUNE_CELL
1001000247.G11	IMMUNE_CELL
1001000247.G7	NEOPLASTIC
1001000247.G12	IMMUNE_CELL
1001000247.H9	IMMUNE_CELL
1001000247.E10	IMMUNE_CELL
1001000247.H11	IMMUNE_CELL
1001000248.E9	OPC
1001000248.E2	IMMUNE_CELL
1001000248.G8	OPC
1001000248.B8	OPC
1001000248.B4	OPC
1001000248.F10	OPC
1001000248.D5	IMMUNE_CELL
1001000248.H8	OPC
1001000248.C9	OPC
1001000248.E5	OPC
1001000248.C3	OPC
1001000248.E6	IMMUNE_CELL
1001000248.A3	OPC
1001000248.B1	IMMUNE_CELL
1001000248.G5	OPC
1001000248.E1	IMMUNE_CELL
1001000249.D8	OPC
1001000249.E2	OPC
1001000249.G2	OPC
1001000249.H9	OPC
1001000249.G3	OPC
1001000249.E6	IMMUNE_CELL
1001000249.G8	IMMUNE_CELL
1001000249.G9	OPC
1001000250.H7	NEOPLASTIC
1001000250.G7	NEOPLASTIC
1001000250.B12	NEOPLASTIC
1001000250.G1	NEOPLASTIC
1001000250.G9	NEOPLASTIC
1001000250.C10	NEOPLASTIC
1001000250.A6	NEOPLASTIC
1001000250.H4	NEOPLASTIC
1001000252.G12	NEOPLASTIC
1001000253.B5	NEOPLASTIC
1001000253.H2	ASTOCYTE
1001000253.H9	OPC
1001000253.D6	OPC
1001000253.A8	NEOPLASTIC
1001000253.D5	ASTOCYTE
1001000253.D10	OPC
1001000254.C4	OLIGODENDROCYTE
1001000254.G7	ASTOCYTE
1001000254.C8	OPC
1001000254.F6	OPC
1001000254.D10	ASTOCYTE
1001000254.E7	NEOPLASTIC
1001000254.D8	NEOPLASTIC
1001000254.A11	NEOPLASTIC
1001000254.G8	ASTOCYTE
1001000254.A1	OPC
1001000254.C2	NEOPLASTIC
1001000255.E11	OPC
1001000255.A1	NEOPLASTIC
1001000255.D1	OPC
1001000255.F5	OPC
1001000255.F10	NEOPLASTIC
1001000255.E12	OPC
1001000255.F8	NEOPLASTIC
1001000255.E8	ASTOCYTE
1001000255.D9	OPC
1001000255.G12	NEOPLASTIC
1001000255.E6	UNLABELED
1001000258.H1	NEOPLASTIC
1001000258.F12	NEOPLASTIC
1001000258.B11	IMMUNE_CELL
1001000258.F10	NEOPLASTIC
1001000258.E8	NEOPLASTIC
1001000259.H5	IMMUNE_CELL
1001000259.B5	IMMUNE_CELL
1001000259.D6	IMMUNE_CELL
1001000259.B8	OLIGODENDROCYTE
1001000259.C10	NEOPLASTIC
1001000259.D2	NEOPLASTIC
1001000259.G11	NEOPLASTIC
1001000259.H3	IMMUNE_CELL
1001000260.B2	NEOPLASTIC
1001000260.E11	IMMUNE_CELL
1001000260.C6	NEOPLASTIC
1001000260.G4	NEOPLASTIC
1001000260.C10	NEOPLASTIC
1001000260.C8	NEOPLASTIC
1001000260.D9	NEOPLASTIC
1001000260.G10	NEOPLASTIC
1001000264.H9	IMMUNE_CELL
1001000264.A7	IMMUNE_CELL
1001000264.D3	IMMUNE_CELL
1001000264.C6	IMMUNE_CELL
1001000265.C1	IMMUNE_CELL
1001000265.B8	IMMUNE_CELL
1001000265.C3	IMMUNE_CELL
1001000265.G8	IMMUNE_CELL
1001000265.D3	IMMUNE_CELL
1001000265.A8	IMMUNE_CELL
1001000265.E6	IMMUNE_CELL
1001000265.G12	IMMUNE_CELL
1001000265.D8	IMMUNE_CELL
1001000265.F6	IMMUNE_CELL
1001000265.B2	IMMUNE_CELL
1001000265.A6	IMMUNE_CELL
1001000265.B4	IMMUNE_CELL
1001000265.B9	IMMUNE_CELL
1001000265.A4	IMMUNE_CELL
1001000266.E3	IMMUNE_CELL
1001000266.E7	IMMUNE_CELL
1001000266.G4	UNLABELED
1001000267.H8	OLIGODENDROCYTE
1001000267.D5	OPC
1001000267.C7	NEOPLASTIC
1001000267.E4	OPC
1001000267.H9	IMMUNE_CELL
1001000267.H10	ASTOCYTE
1001000267.A1	ASTOCYTE
1001000267.D10	IMMUNE_CELL
1001000268.B4	NEOPLASTIC
1001000268.H5	NEOPLASTIC
1001000268.C3	NEOPLASTIC
1001000270.E10	IMMUNE_CELL
1001000271.C1	VASCULAR
1001000173.A2	NEOPLASTIC
1001000173.F6	NEOPLASTIC
1001000173.D6	OPC
1001000173.A7	NEOPLASTIC
1001000173.D2	NEOPLASTIC
1001000173.D7	NEOPLASTIC
1001000173.H7	NEOPLASTIC
1001000173.A3	NEOPLASTIC
1001000173.E1	NEOPLASTIC
1001000173.C10	NEOPLASTIC
1001000173.D8	NEOPLASTIC
1001000174.H2	IMMUNE_CELL
1001000174.C8	NEOPLASTIC
1001000174.E10	NEOPLASTIC
1001000174.E5	NEOPLASTIC
1001000174.F4	NEOPLASTIC
1001000174.E2	NEOPLASTIC
1001000174.D8	NEOPLASTIC
1001000174.F7	NEOPLASTIC
1001000174.E4	NEOPLASTIC
1001000174.H4	NEOPLASTIC
1001000174.D4	NEOPLASTIC
1001000174.A9	NEOPLASTIC
1001000174.C7	NEOPLASTIC
1001000174.B3	IMMUNE_CELL
1001000174.B10	NEOPLASTIC
1001000174.H8	NEOPLASTIC
1001000174.E7	NEOPLASTIC
1001000174.C9	NEOPLASTIC
1001000174.D2	NEOPLASTIC
1001000175.E1	NEOPLASTIC
1001000175.A3	NEOPLASTIC
1001000175.G11	NEOPLASTIC
1001000175.H6	NEOPLASTIC
1001000175.C7	NEOPLASTIC
1001000175.H7	NEOPLASTIC
1001000175.C5	NEOPLASTIC
1001000175.F11	NEOPLASTIC
1001000175.C4	NEOPLASTIC
1001000175.A10	IMMUNE_CELL
1001000175.G1	NEOPLASTIC
1001000175.F4	NEOPLASTIC
1001000175.E2	NEOPLASTIC
1001000175.H3	NEOPLASTIC
1001000175.C12	NEOPLASTIC
1001000175.F2	NEOPLASTIC
1001000175.B7	IMMUNE_CELL
1001000175.B11	NEOPLASTIC
1001000175.E9	NEOPLASTIC
1001000176.B9	IMMUNE_CELL
1001000176.F1	IMMUNE_CELL
1001000176.B5	IMMUNE_CELL
1001000176.D5	IMMUNE_CELL
1001000176.D11	IMMUNE_CELL
1001000176.B12	IMMUNE_CELL
1001000176.E1	IMMUNE_CELL
1001000176.A12	IMMUNE_CELL
1001000176.F5	IMMUNE_CELL
1001000176.A3	IMMUNE_CELL
1001000176.H11	IMMUNE_CELL
1001000176.H9	IMMUNE_CELL
1001000176.C1	IMMUNE_CELL
1001000176.B8	IMMUNE_CELL
1001000176.B1	IMMUNE_CELL
1001000176.H1	IMMUNE_CELL
1001000176.D2	IMMUNE_CELL
1001000176.B4	IMMUNE_CELL
1001000176.F11	IMMUNE_CELL
1001000176.C10	IMMUNE_CELL
1001000176.B2	IMMUNE_CELL
1001000177.G9	IMMUNE_CELL
1001000177.G12	IMMUNE_CELL
1001000177.B1	IMMUNE_CELL
1001000177.A10	IMMUNE_CELL
1001000177.C1	IMMUNE_CELL
1001000177.G8	IMMUNE_CELL
1001000177.A12	IMMUNE_CELL
1001000177.E7	IMMUNE_CELL
1001000177.C3	IMMUNE_CELL
1001000177.C6	IMMUNE_CELL
1001000177.E1	IMMUNE_CELL
1001000177.A9	IMMUNE_CELL
1001000177.C8	IMMUNE_CELL
1001000177.H2	IMMUNE_CELL
1001000177.H10	IMMUNE_CELL
1001000177.G5	IMMUNE_CELL
1001000177.B2	IMMUNE_CELL
1001000177.F4	IMMUNE_CELL
1001000177.G10	IMMUNE_CELL
1001000177.H4	IMMUNE_CELL
1001000177.E10	IMMUNE_CELL
1001000177.B9	IMMUNE_CELL
1001000177.A5	IMMUNE_CELL
1001000177.G1	IMMUNE_CELL
1001000178.E12	IMMUNE_CELL
1001000178.F6	IMMUNE_CELL
1001000178.G7	IMMUNE_CELL
1001000178.D5	IMMUNE_CELL
1001000178.C1	IMMUNE_CELL
1001000178.F7	IMMUNE_CELL
1001000178.G4	IMMUNE_CELL
1001000178.C11	IMMUNE_CELL
1001000178.E10	IMMUNE_CELL
1001000178.A7	IMMUNE_CELL
1001000178.E7	IMMUNE_CELL
1001000178.H3	IMMUNE_CELL
1001000178.H9	IMMUNE_CELL
1001000178.H8	IMMUNE_CELL
1001000179.B12	NEOPLASTIC
1001000179.H7	IMMUNE_CELL
1001000179.B8	IMMUNE_CELL
1001000179.F1	IMMUNE_CELL
1001000179.C10	IMMUNE_CELL
1001000179.F4	IMMUNE_CELL
1001000179.E9	IMMUNE_CELL
1001000179.B3	IMMUNE_CELL
1001000179.C3	IMMUNE_CELL
1001000179.F6	IMMUNE_CELL
1001000179.D1	IMMUNE_CELL
1001000179.B1	IMMUNE_CELL
1001000179.A7	IMMUNE_CELL
1001000179.C8	IMMUNE_CELL
1001000179.F8	IMMUNE_CELL
1001000179.C6	IMMUNE_CELL
1001000179.C5	IMMUNE_CELL
1001000179.G1	IMMUNE_CELL
1001000179.D12	IMMUNE_CELL
1001000179.A8	IMMUNE_CELL
1001000179.E8	IMMUNE_CELL
1001000180.A8	OLIGODENDROCYTE
1001000180.G11	OPC
1001000180.E2	OPC
1001000180.E12	OPC
1001000180.H3	NEOPLASTIC
1001000180.B1	ASTOCYTE
1001000180.G2	OPC
1001000180.A4	NEOPLASTIC
1001000181.C12	OPC
1001000181.C8	OPC
1001000181.A4	OPC
1001000181.D7	OPC
1001000181.B9	OPC
1001000181.B12	OPC
1001000181.G8	NEOPLASTIC
1001000181.B10	IMMUNE_CELL
1001000181.A2	OPC
1001000182.G4	NEOPLASTIC
1001000182.G1	NEOPLASTIC
1001000182.E2	NEOPLASTIC
1001000182.C8	NEOPLASTIC
1001000182.D2	NEOPLASTIC
1001000182.G3	NEOPLASTIC
1001000182.E7	NEOPLASTIC
1001000182.G2	NEOPLASTIC
1001000182.H1	NEOPLASTIC
1001000182.H4	NEOPLASTIC
1001000182.A6	NEOPLASTIC
1001000183.G10	NEOPLASTIC
1001000183.G2	OPC
1001000183.B12	NEOPLASTIC
1001000183.E6	NEOPLASTIC
1001000183.E4	NEOPLASTIC
1001000183.H7	NEOPLASTIC
1001000183.A1	NEOPLASTIC
1001000183.A2	NEOPLASTIC
1001000183.A11	NEOPLASTIC
1001000184.B2	NEOPLASTIC
1001000184.B3	NEOPLASTIC
1001000184.B10	NEOPLASTIC
1001000184.B4	OPC
1001000184.D9	NEOPLASTIC
1001000184.H4	NEOPLASTIC
1001000184.E5	NEOPLASTIC
1001000184.H9	NEOPLASTIC
1001000184.F7	NEOPLASTIC
1001000184.E12	NEOPLASTIC
1001000184.D6	NEOPLASTIC
1001000184.H11	NEOPLASTIC
1001000184.E1	NEOPLASTIC
1001000184.D4	NEOPLASTIC
1001000184.D8	OPC
1001000185.G6	NEOPLASTIC
1001000185.C7	NEOPLASTIC
1001000185.A11	OPC
1001000185.D3	NEOPLASTIC
1001000185.B9	NEOPLASTIC
1001000185.D2	NEOPLASTIC
1001000185.G2	NEOPLASTIC
1001000185.F10	OPC
1001000185.B5	NEOPLASTIC
1001000185.F6	NEOPLASTIC
1001000185.D7	NEOPLASTIC
1001000185.E1	UNLABELED
1001000185.E6	NEOPLASTIC
1001000185.B1	NEOPLASTIC
1001000185.B11	NEOPLASTIC
1001000185.C4	NEOPLASTIC
1001000185.F7	NEOPLASTIC
1001000186.E12	OPC
1001000186.A2	OPC
1001000186.H7	OPC
1001000186.D1	IMMUNE_CELL
1001000186.A10	OPC
1001000186.D7	IMMUNE_CELL
1001000186.H6	ASTOCYTE
1001000186.E8	OPC
1001000186.E5	OPC
1001000186.G5	OPC
1001000187.G6	IMMUNE_CELL
1001000187.B6	OPC
1001000187.C1	OPC
1001000187.B4	OPC
1001000187.A7	OPC
1001000187.H1	ASTOCYTE
1001000187.C5	OPC
1001000187.E4	NEURON
1001000187.G5	NEURON
1001000187.E2	OPC
1001000187.F4	ASTOCYTE
1001000187.H11	NEURON
1001000187.A4	OPC
1001000187.F10	NEURON
1001000187.D6	OPC
1001000194.C8	OLIGODENDROCYTE
1001000010.C8	IMMUNE_CELL
1001000010.F10	IMMUNE_CELL
1001000010.F7	IMMUNE_CELL
1001000010.E8	IMMUNE_CELL
1001000012.A11	NEOPLASTIC
1001000012.G4	NEOPLASTIC
1001000012.A9	NEOPLASTIC
1001000012.C5	NEOPLASTIC
1001000012.A5	NEOPLASTIC
1001000012.D10	NEOPLASTIC
1001000012.H9	NEOPLASTIC
1001000012.A1	NEOPLASTIC
1001000012.D8	NEOPLASTIC
1001000012.B3	NEOPLASTIC
1001000012.C9	NEOPLASTIC
1001000012.A10	NEOPLASTIC
1001000012.H10	NEOPLASTIC
1001000012.H1	NEOPLASTIC
1001000012.D6	NEOPLASTIC
1001000012.F11	NEOPLASTIC
1001000012.B12	NEOPLASTIC
1001000012.F12	NEOPLASTIC
1001000014.B2	OLIGODENDROCYTE
1001000014.E9	OLIGODENDROCYTE
1001000014.F6	OLIGODENDROCYTE
1001000014.C1	OLIGODENDROCYTE
1001000014.F11	OPC
1001000017.C10	OLIGODENDROCYTE
1001000017.E2	OLIGODENDROCYTE
1001000017.D10	OLIGODENDROCYTE
1001000017.G1	OLIGODENDROCYTE
1001000017.G9	OLIGODENDROCYTE
1001000018.F11	NEOPLASTIC
1001000019.B5	IMMUNE_CELL
1001000031.B4	NEOPLASTIC
1001000031.C4	NEOPLASTIC
1001000031.B7	NEOPLASTIC
1001000031.F5	NEOPLASTIC
1001000031.A6	NEOPLASTIC
1001000031.C12	NEOPLASTIC
1001000031.A11	NEOPLASTIC
1001000031.G7	NEOPLASTIC
1001000031.E5	VASCULAR
1001000031.E12	NEOPLASTIC
1001000031.B9	NEOPLASTIC
1001000031.E1	NEOPLASTIC
1001000031.A7	NEOPLASTIC
1001000031.F9	NEOPLASTIC
1001000032.F7	VASCULAR
1001000032.D8	NEOPLASTIC
1001000032.G12	VASCULAR
1001000032.F1	VASCULAR
1001000032.B5	NEOPLASTIC
1001000032.F5	NEOPLASTIC
1001000032.G11	VASCULAR
1001000032.F6	NEOPLASTIC
1001000032.C8	NEOPLASTIC
1001000032.C7	NEOPLASTIC
1001000032.G4	NEOPLASTIC
1001000032.B7	NEOPLASTIC
1001000032.E5	NEOPLASTIC
1001000033.A6	IMMUNE_CELL
1001000033.A7	IMMUNE_CELL
1001000033.D8	IMMUNE_CELL
1001000033.G1	IMMUNE_CELL
1001000033.F12	NEOPLASTIC
1001000033.A12	IMMUNE_CELL
1001000033.H3	IMMUNE_CELL
1001000033.H4	IMMUNE_CELL
1001000033.E11	IMMUNE_CELL
1001000033.G10	IMMUNE_CELL
1001000033.G8	IMMUNE_CELL
1001000033.G4	IMMUNE_CELL
1001000033.F4	IMMUNE_CELL
1001000033.A10	IMMUNE_CELL
1001000033.E12	IMMUNE_CELL
1001000033.F1	IMMUNE_CELL
1001000033.C1	IMMUNE_CELL
1001000033.G7	IMMUNE_CELL
1001000033.D4	IMMUNE_CELL
1001000034.H10	OLIGODENDROCYTE
1001000036.H9	OLIGODENDROCYTE
1001000036.D11	OLIGODENDROCYTE
1001000036.F4	OLIGODENDROCYTE
1001000036.A11	IMMUNE_CELL
1001000036.A8	IMMUNE_CELL
1001000037.C6	IMMUNE_CELL
1001000037.B12	NEOPLASTIC
1001000037.C7	NEOPLASTIC
1001000037.D7	NEOPLASTIC
1001000037.B11	NEOPLASTIC
1001000037.G7	NEOPLASTIC
1001000037.B7	NEOPLASTIC
1001000037.B1	OPC
1001000037.G2	NEOPLASTIC
1001000037.H10	NEOPLASTIC
1001000037.G4	NEOPLASTIC
1001000037.F2	NEOPLASTIC
1001000037.H8	NEOPLASTIC
1001000037.C10	NEOPLASTIC
1001000037.G3	NEOPLASTIC
1001000037.B6	NEOPLASTIC
1001000037.A2	NEOPLASTIC
1001000037.H1	NEOPLASTIC
1001000037.H5	NEOPLASTIC
1001000037.D9	NEOPLASTIC
1001000037.F4	NEOPLASTIC
1001000037.D6	NEOPLASTIC
1001000037.H4	NEOPLASTIC
1001000229.B3	IMMUNE_CELL
1001000229.H7	IMMUNE_CELL
1001000229.G9	IMMUNE_CELL
1001000229.D6	IMMUNE_CELL
1001000229.C2	IMMUNE_CELL
1001000229.D4	IMMUNE_CELL
1001000229.A4	IMMUNE_CELL
1001000229.E2	IMMUNE_CELL
1001000229.C5	IMMUNE_CELL
1001000229.D10	IMMUNE_CELL
1001000229.G1	IMMUNE_CELL
1001000229.B4	NEOPLASTIC
1001000229.F1	IMMUNE_CELL
1001000229.A1	IMMUNE_CELL
1001000229.F8	NEOPLASTIC
1001000229.A8	IMMUNE_CELL
1001000229.C10	IMMUNE_CELL
1001000229.A5	IMMUNE_CELL
1001000229.B1	IMMUNE_CELL
1001000229.C12	IMMUNE_CELL
1001000229.H11	IMMUNE_CELL
1001000229.A10	IMMUNE_CELL
1001000230.D4	IMMUNE_CELL
1001000230.E1	UNLABELED
1001000230.D2	IMMUNE_CELL
1001000230.F8	IMMUNE_CELL
1001000230.A2	IMMUNE_CELL
1001000230.D6	IMMUNE_CELL
1001000230.A7	IMMUNE_CELL
1001000230.G2	IMMUNE_CELL
1001000230.F5	NEOPLASTIC
1001000230.G12	IMMUNE_CELL
1001000230.A3	IMMUNE_CELL
1001000230.C7	IMMUNE_CELL
1001000230.H6	IMMUNE_CELL
1001000231.F8	IMMUNE_CELL
1001000231.F1	IMMUNE_CELL
1001000231.A11	IMMUNE_CELL
1001000231.B9	IMMUNE_CELL
1001000231.B7	IMMUNE_CELL
1001000231.F2	IMMUNE_CELL
1001000231.D12	IMMUNE_CELL
1001000231.C11	IMMUNE_CELL
1001000231.B4	IMMUNE_CELL
1001000231.E1	IMMUNE_CELL
1001000231.C5	IMMUNE_CELL
1001000231.C10	NEOPLASTIC
1001000231.B12	IMMUNE_CELL
1001000231.E2	IMMUNE_CELL
1001000231.H10	IMMUNE_CELL
1001000231.A1	IMMUNE_CELL
1001000231.B10	NEOPLASTIC
1001000231.A5	IMMUNE_CELL
1001000231.G4	NEOPLASTIC
1001000231.D2	IMMUNE_CELL
1001000231.H1	IMMUNE_CELL
1001000232.G3	OLIGODENDROCYTE
1001000232.B3	OPC
1001000235.C1	IMMUNE_CELL
1001000235.A9	IMMUNE_CELL
1001000235.F4	IMMUNE_CELL
1001000235.D6	IMMUNE_CELL
1001000235.F2	IMMUNE_CELL
1001000235.B8	IMMUNE_CELL
1001000235.B5	IMMUNE_CELL
1001000235.G11	IMMUNE_CELL
1001000235.B7	IMMUNE_CELL
1001000235.G12	IMMUNE_CELL
1001000235.G3	IMMUNE_CELL
1001000235.B6	IMMUNE_CELL
1001000235.A10	IMMUNE_CELL
1001000235.G7	IMMUNE_CELL
1001000235.E1	IMMUNE_CELL
1001000235.C11	IMMUNE_CELL
1001000235.D12	IMMUNE_CELL
1001000235.C5	IMMUNE_CELL
1001000235.D2	IMMUNE_CELL
1001000236.H3	IMMUNE_CELL
1001000236.H11	IMMUNE_CELL
1001000236.D3	IMMUNE_CELL
1001000236.H1	IMMUNE_CELL
1001000236.C4	IMMUNE_CELL
1001000236.D10	IMMUNE_CELL
1001000236.D12	IMMUNE_CELL
1001000236.D11	IMMUNE_CELL
1001000236.F7	IMMUNE_CELL
1001000236.H2	IMMUNE_CELL
1001000236.D6	IMMUNE_CELL
1001000236.G4	IMMUNE_CELL
1001000236.D8	IMMUNE_CELL
1001000236.A5	IMMUNE_CELL
1001000237.B5	IMMUNE_CELL
1001000237.A12	IMMUNE_CELL
1001000237.F3	IMMUNE_CELL
1001000237.D1	IMMUNE_CELL
1001000237.F12	IMMUNE_CELL
1001000237.H3	IMMUNE_CELL
1001000237.D7	IMMUNE_CELL
1001000237.E12	IMMUNE_CELL
1001000237.E4	IMMUNE_CELL
1001000237.D4	IMMUNE_CELL
1001000237.G5	IMMUNE_CELL
1001000237.G9	IMMUNE_CELL
1001000237.B7	IMMUNE_CELL
1001000238.F12	IMMUNE_CELL
1001000238.F3	IMMUNE_CELL
1001000238.F8	IMMUNE_CELL
1001000238.A6	IMMUNE_CELL
1001000238.E1	IMMUNE_CELL
1001000238.A11	IMMUNE_CELL
1001000238.B4	IMMUNE_CELL
1001000238.B10	IMMUNE_CELL
1001000238.E5	IMMUNE_CELL
1001000238.B12	IMMUNE_CELL
1001000238.G11	IMMUNE_CELL
1001000238.D4	IMMUNE_CELL
1001000238.A9	IMMUNE_CELL
1001000239.G5	IMMUNE_CELL
1001000239.C9	IMMUNE_CELL
1001000239.G7	IMMUNE_CELL
1001000239.F10	IMMUNE_CELL
1001000239.B10	IMMUNE_CELL
1001000239.C4	IMMUNE_CELL
1001000239.E2	IMMUNE_CELL
1001000239.G1	IMMUNE_CELL
1001000239.A2	IMMUNE_CELL
1001000239.A9	IMMUNE_CELL
1001000239.E12	IMMUNE_CELL
1001000239.C3	IMMUNE_CELL
1001000239.A10	IMMUNE_CELL
1001000239.C7	IMMUNE_CELL
1001000239.E11	IMMUNE_CELL
1001000239.C12	IMMUNE_CELL
1001000240.H5	IMMUNE_CELL
1001000240.B2	IMMUNE_CELL
1001000240.C5	IMMUNE_CELL
1001000240.H7	IMMUNE_CELL
1001000240.B11	IMMUNE_CELL
1001000240.D6	IMMUNE_CELL
1001000240.A2	IMMUNE_CELL
1001000240.D8	IMMUNE_CELL
1001000240.A9	IMMUNE_CELL
1001000240.D12	IMMUNE_CELL
1001000240.F7	IMMUNE_CELL
1001000240.C10	IMMUNE_CELL
1001000240.G8	IMMUNE_CELL
1001000240.F4	IMMUNE_CELL
1001000240.H1	IMMUNE_CELL
1001000240.C12	IMMUNE_CELL
1001000240.E2	IMMUNE_CELL
1001000240.F8	IMMUNE_CELL
1001000240.G10	IMMUNE_CELL
1001000240.G12	IMMUNE_CELL
1001000240.E4	IMMUNE_CELL
1001000241.F1	IMMUNE_CELL
1001000241.A6	IMMUNE_CELL
1001000241.D1	IMMUNE_CELL
1001000241.B5	IMMUNE_CELL
1001000241.C3	IMMUNE_CELL
1001000241.D6	IMMUNE_CELL
1001000241.A1	IMMUNE_CELL
1001000241.C4	IMMUNE_CELL
1001000241.B2	IMMUNE_CELL
1001000241.C6	IMMUNE_CELL
1001000241.B9	OLIGODENDROCYTE
1001000241.A11	IMMUNE_CELL
1001000241.G3	IMMUNE_CELL
1001000241.F3	IMMUNE_CELL
1001000241.H5	IMMUNE_CELL
1001000241.E10	IMMUNE_CELL
1001000241.H3	IMMUNE_CELL
1001000241.G10	IMMUNE_CELL
1001000241.H4	IMMUNE_CELL
1001000242.D4	IMMUNE_CELL
1001000242.F9	IMMUNE_CELL
1001000242.F5	IMMUNE_CELL
1001000242.B6	IMMUNE_CELL
1001000242.H2	IMMUNE_CELL
1001000242.D7	IMMUNE_CELL
1001000242.F11	IMMUNE_CELL
1001000242.B11	IMMUNE_CELL
1001000242.B1	IMMUNE_CELL
1001000242.E9	IMMUNE_CELL
1001000242.B12	IMMUNE_CELL
1001000242.G1	IMMUNE_CELL
1001000242.C6	IMMUNE_CELL
1001000242.A3	IMMUNE_CELL
1001000243.B12	IMMUNE_CELL
1001000244.A6	OPC
1001000244.A8	OPC
1001000244.C10	OPC
1001000244.F8	OPC
1001000244.H11	OPC
1001000244.G8	OPC
1001000244.B7	IMMUNE_CELL
1001000244.E12	IMMUNE_CELL
1001000244.B5	OPC
1001000244.A12	OPC
1001000244.A5	OPC
1001000245.A8	IMMUNE_CELL
1001000245.F1	IMMUNE_CELL
1001000245.B4	NEOPLASTIC
1001000245.G9	IMMUNE_CELL
1001000245.A5	IMMUNE_CELL
1001000245.G11	IMMUNE_CELL
1001000245.G6	IMMUNE_CELL
1001000245.B6	IMMUNE_CELL
1001000245.G4	IMMUNE_CELL
1001000245.F9	IMMUNE_CELL
1001000245.A12	IMMUNE_CELL
1001000245.G1	IMMUNE_CELL
1001000245.D9	IMMUNE_CELL
1001000245.B8	NEOPLASTIC
1001000246.F3	IMMUNE_CELL
1001000246.A12	NEOPLASTIC
1001000246.G7	IMMUNE_CELL
1001000246.E12	IMMUNE_CELL
1001000246.F12	IMMUNE_CELL
1001000246.G9	NEOPLASTIC
1001000246.H11	NEOPLASTIC
1001000246.B12	NEOPLASTIC
1001000246.A11	NEOPLASTIC
1001000246.G8	NEOPLASTIC
1001000246.G1	IMMUNE_CELL
1001000246.B10	IMMUNE_CELL
1001000246.B2	NEOPLASTIC
1001000246.C1	IMMUNE_CELL
1001000246.H10	IMMUNE_CELL
1001000246.F11	IMMUNE_CELL
1001000246.E4	IMMUNE_CELL
1001000246.D11	IMMUNE_CELL
1001000247.H6	IMMUNE_CELL
1001000247.D2	IMMUNE_CELL
1001000247.E11	IMMUNE_CELL
1001000247.E8	IMMUNE_CELL
1001000247.C9	OPC
1001000247.H5	NEOPLASTIC
1001000247.G10	IMMUNE_CELL
1001000247.H4	NEOPLASTIC
1001000247.D9	IMMUNE_CELL
1001000247.H3	IMMUNE_CELL
1001000247.C5	IMMUNE_CELL
1001000247.D5	IMMUNE_CELL
1001000248.F1	OPC
1001000248.H5	OPC
1001000248.A9	OPC
1001000248.D2	OPC
1001000248.H10	IMMUNE_CELL
1001000248.E3	OPC
1001000248.B10	OPC
1001000248.D10	IMMUNE_CELL
1001000248.D6	IMMUNE_CELL
1001000248.C5	OPC
1001000248.C11	OPC
1001000249.F3	IMMUNE_CELL
1001000249.E4	OPC
1001000249.H2	NEURON
1001000249.E5	OPC
1001000249.D6	OPC
1001000249.H7	IMMUNE_CELL
1001000249.F12	OPC
1001000249.E11	IMMUNE_CELL
1001000249.F1	IMMUNE_CELL
1001000249.F4	IMMUNE_CELL
1001000249.A3	OPC
1001000249.D1	IMMUNE_CELL
1001000249.H1	OPC
1001000249.F11	OPC
1001000250.A4	NEOPLASTIC
1001000250.G3	NEOPLASTIC
1001000250.F2	NEOPLASTIC
1001000250.G4	NEOPLASTIC
1001000250.C1	UNLABELED
1001000250.E1	NEOPLASTIC
1001000252.G6	NEOPLASTIC
1001000252.D5	NEOPLASTIC
1001000252.A12	NEOPLASTIC
1001000253.B11	ASTOCYTE
1001000253.H11	OPC
1001000253.E12	ASTOCYTE
1001000253.B1	NEOPLASTIC
1001000253.H5	ASTOCYTE
1001000253.E4	ASTOCYTE
1001000253.C10	ASTOCYTE
1001000254.H10	OPC
1001000254.C12	UNLABELED
1001000254.C3	OPC
1001000254.C9	OPC
1001000254.F12	ASTOCYTE
1001000254.F3	ASTOCYTE
1001000254.B5	ASTOCYTE
1001000254.H5	OPC
1001000254.B8	ASTOCYTE
1001000254.D9	NEOPLASTIC
1001000254.F5	OPC
1001000254.D4	OPC
1001000255.F3	OPC
1001000255.B6	ASTOCYTE
1001000255.G1	NEOPLASTIC
1001000255.A6	OPC
1001000255.B12	OPC
1001000255.G3	OPC
1001000255.B5	ASTOCYTE
1001000255.C9	OPC
1001000255.A7	OPC
1001000255.B3	OPC
1001000258.G2	VASCULAR
1001000258.D12	NEOPLASTIC
1001000258.H5	NEOPLASTIC
1001000258.A12	NEOPLASTIC
1001000258.H11	NEOPLASTIC
1001000258.G10	NEOPLASTIC
1001000258.F7	NEOPLASTIC
1001000258.E7	IMMUNE_CELL
1001000258.E11	IMMUNE_CELL
1001000258.E4	NEOPLASTIC
1001000259.G4	IMMUNE_CELL
1001000259.D12	UNLABELED
1001000259.C6	IMMUNE_CELL
1001000259.F11	NEOPLASTIC
1001000259.A6	NEOPLASTIC
1001000259.G12	NEOPLASTIC
1001000259.C7	IMMUNE_CELL
1001000260.A5	NEOPLASTIC
1001000260.E7	IMMUNE_CELL
1001000260.B4	NEOPLASTIC
1001000260.E2	NEOPLASTIC
1001000260.E9	NEOPLASTIC
1001000260.A1	NEOPLASTIC
1001000260.G5	NEOPLASTIC
1001000260.B8	IMMUNE_CELL
1001000260.B10	NEOPLASTIC
1001000260.H8	IMMUNE_CELL
1001000260.F10	IMMUNE_CELL
1001000260.F7	NEOPLASTIC
1001000260.C4	IMMUNE_CELL
1001000260.F3	IMMUNE_CELL
1001000260.F1	NEOPLASTIC
1001000260.B11	NEOPLASTIC
1001000260.C12	NEOPLASTIC
1001000260.F11	NEOPLASTIC
1001000260.A4	NEOPLASTIC
1001000260.E5	NEOPLASTIC
1001000260.H5	VASCULAR
1001000262.G12	VASCULAR
1001000264.C10	IMMUNE_CELL
1001000264.A6	IMMUNE_CELL
1001000264.F10	IMMUNE_CELL
1001000264.A8	IMMUNE_CELL
1001000264.D4	IMMUNE_CELL
1001000264.C5	IMMUNE_CELL
1001000264.G8	IMMUNE_CELL
1001000264.A10	IMMUNE_CELL
1001000264.H7	IMMUNE_CELL
1001000265.B11	IMMUNE_CELL
1001000265.G11	IMMUNE_CELL
1001000265.E8	IMMUNE_CELL
1001000265.G9	IMMUNE_CELL
1001000265.C4	IMMUNE_CELL
1001000265.G10	IMMUNE_CELL
1001000265.C5	IMMUNE_CELL
1001000265.F4	IMMUNE_CELL
1001000265.C2	IMMUNE_CELL
1001000265.D10	IMMUNE_CELL
1001000266.B5	IMMUNE_CELL
1001000266.A7	IMMUNE_CELL
1001000267.E10	OPC
1001000267.F5	ASTOCYTE
1001000267.F12	OPC
1001000267.G1	OPC
1001000267.H5	UNLABELED
1001000267.G7	IMMUNE_CELL
1001000267.B4	ASTOCYTE
1001000267.G5	NEOPLASTIC
1001000267.D12	OPC
1001000267.C8	OPC
1001000267.B12	OPC
1001000268.D4	NEOPLASTIC
1001000268.F1	NEOPLASTIC
1001000268.H2	NEOPLASTIC
1001000268.G2	NEOPLASTIC
1001000268.C5	NEOPLASTIC
1001000268.E6	NEOPLASTIC
1001000268.E4	NEOPLASTIC
1001000268.H3	NEOPLASTIC
1001000270.F4	NEURON
1001000270.H6	IMMUNE_CELL
1001000271.E1	VASCULAR
1001000271.F1	VASCULAR
1001000173.G8	NEOPLASTIC
1001000173.D4	OLIGODENDROCYTE
1001000173.B8	NEOPLASTIC
1001000173.A9	NEOPLASTIC
1001000173.H9	NEOPLASTIC
1001000173.H5	NEOPLASTIC
1001000173.A5	NEOPLASTIC
1001000173.B11	NEOPLASTIC
1001000173.G9	NEOPLASTIC
1001000173.F1	NEOPLASTIC
1001000173.E12	NEOPLASTIC
1001000173.C7	NEOPLASTIC
1001000173.B2	NEOPLASTIC
1001000174.G5	NEOPLASTIC
1001000174.A5	NEOPLASTIC
1001000174.G2	NEOPLASTIC
1001000174.A7	NEOPLASTIC
1001000174.C5	NEOPLASTIC
1001000174.D1	NEOPLASTIC
1001000174.C2	NEOPLASTIC
1001000174.B5	NEOPLASTIC
1001000174.B1	NEOPLASTIC
1001000174.D10	NEOPLASTIC
1001000174.A3	NEOPLASTIC
1001000174.E3	NEOPLASTIC
1001000174.C6	NEOPLASTIC
1001000174.D3	NEOPLASTIC
1001000175.C11	NEOPLASTIC
1001000175.B9	NEOPLASTIC
1001000175.G2	NEOPLASTIC
1001000175.H9	NEOPLASTIC
1001000175.D2	NEOPLASTIC
1001000175.B6	VASCULAR
1001000175.G4	NEOPLASTIC
1001000175.A2	IMMUNE_CELL
1001000175.E6	NEOPLASTIC
1001000175.A6	NEOPLASTIC
1001000176.A7	IMMUNE_CELL
1001000176.G5	IMMUNE_CELL
1001000176.C9	IMMUNE_CELL
1001000176.A5	IMMUNE_CELL
1001000176.F2	IMMUNE_CELL
1001000176.E8	IMMUNE_CELL
1001000176.E11	IMMUNE_CELL
1001000176.E3	IMMUNE_CELL
1001000176.G8	IMMUNE_CELL
1001000176.G7	IMMUNE_CELL
1001000176.C5	IMMUNE_CELL
1001000176.G4	IMMUNE_CELL
1001000176.E10	IMMUNE_CELL
1001000176.C8	IMMUNE_CELL
1001000176.B11	IMMUNE_CELL
1001000176.F4	IMMUNE_CELL
1001000177.A8	IMMUNE_CELL
1001000177.D6	IMMUNE_CELL
1001000177.B10	IMMUNE_CELL
1001000177.A6	IMMUNE_CELL
1001000177.B7	IMMUNE_CELL
1001000177.H5	UNLABELED
1001000177.D10	IMMUNE_CELL
1001000177.F5	IMMUNE_CELL
1001000177.B4	IMMUNE_CELL
1001000177.H3	IMMUNE_CELL
1001000177.D4	IMMUNE_CELL
1001000177.F1	IMMUNE_CELL
1001000177.C9	IMMUNE_CELL
1001000177.H8	IMMUNE_CELL
1001000178.E5	IMMUNE_CELL
1001000178.E3	IMMUNE_CELL
1001000178.B3	IMMUNE_CELL
1001000178.E1	IMMUNE_CELL
1001000178.C12	IMMUNE_CELL
1001000178.E8	IMMUNE_CELL
1001000178.B8	IMMUNE_CELL
1001000178.F1	IMMUNE_CELL
1001000178.A5	IMMUNE_CELL
1001000178.D6	IMMUNE_CELL
1001000178.B9	IMMUNE_CELL
1001000178.H7	IMMUNE_CELL
1001000178.G11	IMMUNE_CELL
1001000178.H2	IMMUNE_CELL
1001000179.C1	IMMUNE_CELL
1001000179.B4	IMMUNE_CELL
1001000179.D9	IMMUNE_CELL
1001000179.D11	IMMUNE_CELL
1001000179.F5	IMMUNE_CELL
1001000179.B7	IMMUNE_CELL
1001000179.G5	IMMUNE_CELL
1001000179.H9	IMMUNE_CELL
1001000179.A12	IMMUNE_CELL
1001000179.E5	IMMUNE_CELL
1001000179.H4	IMMUNE_CELL
1001000179.E1	IMMUNE_CELL
1001000179.A5	IMMUNE_CELL
1001000179.D10	IMMUNE_CELL
1001000179.F2	IMMUNE_CELL
1001000179.B11	IMMUNE_CELL
1001000179.G10	IMMUNE_CELL
1001000179.E4	IMMUNE_CELL
1001000179.H2	IMMUNE_CELL
1001000179.F3	IMMUNE_CELL
1001000179.G12	IMMUNE_CELL
1001000179.H8	IMMUNE_CELL
1001000180.G9	ASTOCYTE
1001000180.D8	NEOPLASTIC
1001000180.A10	OLIGODENDROCYTE
1001000180.H4	OPC
1001000180.B2	OPC
1001000180.A12	OPC
1001000180.D11	NEOPLASTIC
1001000180.B3	NEOPLASTIC
1001000180.H5	OPC
1001000180.C5	OPC
1001000180.G4	ASTOCYTE
1001000180.F9	OPC
1001000181.A5	OPC
1001000181.G3	OPC
1001000181.F8	OPC
1001000181.F1	OPC
1001000181.D2	ASTOCYTE
1001000181.E11	OPC
1001000181.F10	NEOPLASTIC
1001000181.B7	OPC
1001000181.F3	OPC
1001000181.G6	NEOPLASTIC
1001000181.B4	NEOPLASTIC
1001000181.F9	IMMUNE_CELL
1001000182.E6	NEOPLASTIC
1001000182.D10	NEOPLASTIC
1001000182.A5	NEOPLASTIC
1001000182.B12	NEOPLASTIC
1001000182.F1	NEOPLASTIC
1001000182.E4	NEOPLASTIC
1001000182.E5	NEOPLASTIC
1001000182.A2	NEOPLASTIC
1001000182.F5	NEOPLASTIC
1001000182.F10	NEOPLASTIC
1001000182.E10	NEOPLASTIC
1001000182.C5	NEOPLASTIC
1001000182.B6	NEOPLASTIC
1001000182.E12	NEOPLASTIC
1001000182.H6	OPC
1001000182.A8	NEOPLASTIC
1001000183.F6	NEOPLASTIC
1001000183.B4	NEOPLASTIC
1001000183.B9	NEOPLASTIC
1001000183.H2	NEOPLASTIC
1001000183.H4	NEOPLASTIC
1001000183.B6	NEOPLASTIC
1001000183.C2	NEOPLASTIC
1001000183.B11	NEOPLASTIC
1001000183.A8	NEOPLASTIC
1001000183.F10	NEOPLASTIC
1001000183.B7	NEOPLASTIC
1001000183.D10	NEOPLASTIC
1001000183.C12	NEOPLASTIC
1001000183.F3	NEOPLASTIC
1001000183.D9	NEOPLASTIC
1001000183.F2	NEOPLASTIC
1001000183.H1	NEOPLASTIC
1001000183.B10	NEOPLASTIC
1001000183.F7	NEOPLASTIC
1001000183.E2	NEOPLASTIC
1001000184.A7	NEOPLASTIC
1001000184.G11	NEOPLASTIC
1001000184.C5	NEOPLASTIC
1001000184.C3	NEOPLASTIC
1001000184.H10	NEOPLASTIC
1001000184.H5	IMMUNE_CELL
1001000184.F3	NEOPLASTIC
1001000184.H8	NEOPLASTIC
1001000184.H2	OPC
1001000184.G12	NEOPLASTIC
1001000184.H3	NEOPLASTIC
1001000184.H6	NEOPLASTIC
1001000184.G6	NEOPLASTIC
1001000184.C7	NEOPLASTIC
1001000184.D2	NEOPLASTIC
1001000184.E6	NEOPLASTIC
1001000185.A5	NEOPLASTIC
1001000185.D5	NEOPLASTIC
1001000185.E5	NEOPLASTIC
1001000185.F12	NEOPLASTIC
1001000185.E11	NEOPLASTIC
1001000185.E3	NEOPLASTIC
1001000185.E8	NEOPLASTIC
1001000185.A3	NEOPLASTIC
1001000185.C3	OPC
1001000185.F8	NEOPLASTIC
1001000185.H11	NEOPLASTIC
1001000185.A12	NEOPLASTIC
1001000185.E4	NEOPLASTIC
1001000185.F1	NEOPLASTIC
1001000185.F3	NEOPLASTIC
1001000185.H9	OPC
1001000185.G4	OPC
1001000185.H7	NEOPLASTIC
1001000186.D2	NEURON
1001000186.B10	OPC
1001000186.G4	IMMUNE_CELL
1001000186.F7	OPC
1001000186.H3	OPC
1001000186.F1	NEURON
1001000186.B7	OPC
1001000186.D12	OPC
1001000186.H5	OPC
1001000186.F11	IMMUNE_CELL
1001000186.E6	OPC
1001000186.C10	OPC
1001000186.C6	OPC
1001000186.D9	IMMUNE_CELL
1001000186.D11	OPC
1001000186.D5	NEURON
1001000186.A12	OPC
1001000187.A3	OPC
1001000187.A8	OPC
1001000187.G3	ASTOCYTE
1001000187.G2	OPC
1001000187.F8	OPC
1001000187.H8	OPC
1001000187.B11	OPC
1001000187.A2	NEURON
1001000187.G12	OPC
1001000187.G8	OPC
1001000187.C4	IMMUNE_CELL
1001000187.H2	OPC
1001000187.G11	OPC
1001000194.G11	NEOPLASTIC
1001000010.D9	OLIGODENDROCYTE
1001000010.C5	IMMUNE_CELL
1001000012.C7	NEOPLASTIC
1001000012.E10	NEOPLASTIC
1001000012.F1	NEOPLASTIC
1001000012.H5	NEOPLASTIC
1001000012.B1	NEOPLASTIC
1001000012.A8	NEOPLASTIC
1001000012.F2	NEOPLASTIC
1001000012.A4	NEOPLASTIC
1001000012.F9	NEOPLASTIC
1001000012.C3	NEOPLASTIC
1001000012.C1	NEOPLASTIC
1001000012.C10	NEOPLASTIC
1001000012.A6	NEOPLASTIC
1001000012.G6	NEOPLASTIC
1001000012.B10	NEOPLASTIC
1001000012.H2	NEOPLASTIC
1001000012.D11	NEOPLASTIC
1001000012.G3	NEOPLASTIC
1001000012.E7	NEOPLASTIC
1001000012.C12	NEOPLASTIC
1001000012.E11	NEOPLASTIC
1001000012.G11	NEOPLASTIC
1001000014.E5	OLIGODENDROCYTE
1001000015.B2	NEOPLASTIC
1001000017.A3	IMMUNE_CELL
1001000017.A4	IMMUNE_CELL
1001000017.H7	OLIGODENDROCYTE
1001000017.F6	OLIGODENDROCYTE
1001000017.C9	OPC
1001000017.E10	NEOPLASTIC
1001000017.D9	OLIGODENDROCYTE
1001000017.B5	OLIGODENDROCYTE
1001000017.B12	OPC
1001000019.C6	IMMUNE_CELL
1001000019.B10	IMMUNE_CELL
1001000019.C1	IMMUNE_CELL
1001000019.D5	IMMUNE_CELL
1001000019.E3	OLIGODENDROCYTE
1001000028.C6	NEOPLASTIC
1001000031.F12	NEOPLASTIC
1001000031.A1	NEOPLASTIC
1001000031.D11	NEOPLASTIC
1001000031.A8	IMMUNE_CELL
1001000031.C8	NEOPLASTIC
1001000031.F10	NEOPLASTIC
1001000031.D6	VASCULAR
1001000031.E2	NEOPLASTIC
1001000031.A10	NEOPLASTIC
1001000031.C1	NEOPLASTIC
1001000031.E4	NEOPLASTIC
1001000031.B12	NEOPLASTIC
1001000031.D12	NEOPLASTIC
1001000031.G5	NEOPLASTIC
1001000032.H10	NEOPLASTIC
1001000032.A9	VASCULAR
1001000032.F12	VASCULAR
1001000032.C11	NEOPLASTIC
1001000032.F10	VASCULAR
1001000033.F3	NEOPLASTIC
1001000033.C12	IMMUNE_CELL
1001000033.E5	IMMUNE_CELL
1001000033.C10	IMMUNE_CELL
1001000033.E6	IMMUNE_CELL
1001000033.C5	IMMUNE_CELL
1001000033.C11	IMMUNE_CELL
1001000033.B2	IMMUNE_CELL
1001000033.D6	IMMUNE_CELL
1001000033.E9	IMMUNE_CELL
1001000033.H5	IMMUNE_CELL
1001000033.A3	IMMUNE_CELL
1001000033.G6	IMMUNE_CELL
1001000033.D2	IMMUNE_CELL
1001000033.B1	IMMUNE_CELL
1001000033.B7	IMMUNE_CELL
1001000033.C4	IMMUNE_CELL
1001000033.C9	IMMUNE_CELL
1001000033.F2	IMMUNE_CELL
1001000033.D1	IMMUNE_CELL
1001000033.E3	IMMUNE_CELL
1001000033.G5	IMMUNE_CELL
1001000034.D3	OLIGODENDROCYTE
1001000036.C1	OLIGODENDROCYTE
1001000036.D10	IMMUNE_CELL
1001000036.D2	IMMUNE_CELL
1001000036.E12	OLIGODENDROCYTE
1001000037.C9	NEOPLASTIC
1001000037.G1	NEOPLASTIC
1001000037.E10	NEOPLASTIC
1001000037.E8	NEOPLASTIC
1001000037.D2	NEOPLASTIC
1001000037.B5	NEOPLASTIC
1001000037.F5	NEOPLASTIC
1001000037.G12	NEOPLASTIC
1001000037.H6	NEOPLASTIC
1001000037.A4	NEOPLASTIC
1001000037.E11	NEOPLASTIC
1001000037.H7	NEOPLASTIC
1001000037.C1	NEOPLASTIC
1001000229.C4	IMMUNE_CELL
1001000229.H2	IMMUNE_CELL
1001000229.F9	IMMUNE_CELL
1001000229.H9	IMMUNE_CELL
1001000229.F11	IMMUNE_CELL
1001000229.G7	NEOPLASTIC
1001000229.H6	IMMUNE_CELL
1001000229.B2	IMMUNE_CELL
1001000229.F6	IMMUNE_CELL
1001000229.E10	IMMUNE_CELL
1001000229.E12	IMMUNE_CELL
1001000229.H3	OPC
1001000229.A11	IMMUNE_CELL
1001000229.C1	IMMUNE_CELL
1001000229.A3	IMMUNE_CELL
1001000229.E3	IMMUNE_CELL
1001000229.E1	IMMUNE_CELL
1001000229.F5	NEOPLASTIC
1001000229.F12	IMMUNE_CELL
1001000230.E8	IMMUNE_CELL
1001000230.C8	NEOPLASTIC
1001000230.B5	IMMUNE_CELL
1001000230.G5	NEOPLASTIC
1001000230.F9	NEOPLASTIC
1001000230.E12	IMMUNE_CELL
1001000230.A4	IMMUNE_CELL
1001000230.B10	IMMUNE_CELL
1001000230.C4	NEOPLASTIC
1001000230.A5	IMMUNE_CELL
1001000230.E9	IMMUNE_CELL
1001000230.D3	NEOPLASTIC
1001000230.B1	IMMUNE_CELL
1001000230.F7	IMMUNE_CELL
1001000230.G6	NEOPLASTIC
1001000230.H10	IMMUNE_CELL
1001000230.E7	NEOPLASTIC
1001000230.C1	NEOPLASTIC
1001000230.G11	IMMUNE_CELL
1001000230.C3	IMMUNE_CELL
1001000230.G1	IMMUNE_CELL
1001000230.H9	IMMUNE_CELL
1001000231.H11	IMMUNE_CELL
1001000231.F10	IMMUNE_CELL
1001000231.A6	IMMUNE_CELL
1001000231.D7	IMMUNE_CELL
1001000231.C4	IMMUNE_CELL
1001000231.H5	IMMUNE_CELL
1001000231.D8	IMMUNE_CELL
1001000231.G3	IMMUNE_CELL
1001000231.B2	VASCULAR
1001000231.G6	IMMUNE_CELL
1001000231.E3	IMMUNE_CELL
1001000231.C9	IMMUNE_CELL
1001000231.F3	IMMUNE_CELL
1001000231.H4	IMMUNE_CELL
1001000231.D11	IMMUNE_CELL
1001000233.D10	OLIGODENDROCYTE
1001000233.C4	OLIGODENDROCYTE
1001000235.G4	IMMUNE_CELL
1001000235.G2	IMMUNE_CELL
1001000235.C12	IMMUNE_CELL
1001000235.F6	IMMUNE_CELL
1001000235.B10	IMMUNE_CELL
1001000235.C10	IMMUNE_CELL
1001000235.H1	IMMUNE_CELL
1001000235.E10	IMMUNE_CELL
1001000235.G1	IMMUNE_CELL
1001000235.D3	IMMUNE_CELL
1001000235.H6	IMMUNE_CELL
1001000235.H9	IMMUNE_CELL
1001000235.D5	IMMUNE_CELL
1001000235.C3	IMMUNE_CELL
1001000236.E12	IMMUNE_CELL
1001000236.B4	IMMUNE_CELL
1001000236.C6	IMMUNE_CELL
1001000236.E1	IMMUNE_CELL
1001000236.D7	IMMUNE_CELL
1001000236.C1	IMMUNE_CELL
1001000236.C8	IMMUNE_CELL
1001000236.F6	IMMUNE_CELL
1001000236.A7	IMMUNE_CELL
1001000236.E6	IMMUNE_CELL
1001000236.B11	IMMUNE_CELL
1001000236.E8	IMMUNE_CELL
1001000236.F9	IMMUNE_CELL
1001000236.C10	IMMUNE_CELL
1001000236.C7	IMMUNE_CELL
1001000236.B12	IMMUNE_CELL
1001000236.A1	IMMUNE_CELL
1001000236.G6	IMMUNE_CELL
1001000236.H6	IMMUNE_CELL
1001000237.B11	IMMUNE_CELL
1001000237.G12	IMMUNE_CELL
1001000237.C9	IMMUNE_CELL
1001000237.A5	IMMUNE_CELL
1001000237.A7	IMMUNE_CELL
1001000237.D12	IMMUNE_CELL
1001000237.F6	IMMUNE_CELL
1001000237.F8	IMMUNE_CELL
1001000237.E6	IMMUNE_CELL
1001000237.F9	IMMUNE_CELL
1001000237.A11	IMMUNE_CELL
1001000237.E2	IMMUNE_CELL
1001000237.D2	IMMUNE_CELL
1001000237.B6	IMMUNE_CELL
1001000237.G3	IMMUNE_CELL
1001000237.C5	IMMUNE_CELL
1001000237.F5	IMMUNE_CELL
1001000237.B4	IMMUNE_CELL
1001000237.B2	IMMUNE_CELL
1001000237.D11	IMMUNE_CELL
1001000237.E9	IMMUNE_CELL
1001000238.A4	IMMUNE_CELL
1001000238.G6	IMMUNE_CELL
1001000238.B11	IMMUNE_CELL
1001000238.B6	IMMUNE_CELL
1001000238.F10	IMMUNE_CELL
1001000238.A5	IMMUNE_CELL
1001000238.C12	IMMUNE_CELL
1001000238.D2	IMMUNE_CELL
1001000238.B2	IMMUNE_CELL
1001000238.C11	IMMUNE_CELL
1001000238.G10	IMMUNE_CELL
1001000238.F2	UNLABELED
1001000238.H11	IMMUNE_CELL
1001000238.B7	IMMUNE_CELL
1001000238.F11	IMMUNE_CELL
1001000238.F4	IMMUNE_CELL
1001000238.D6	IMMUNE_CELL
1001000238.B8	IMMUNE_CELL
1001000238.E2	IMMUNE_CELL
1001000239.F8	IMMUNE_CELL
1001000239.B9	IMMUNE_CELL
1001000239.E10	IMMUNE_CELL
1001000239.D2	IMMUNE_CELL
1001000239.H5	IMMUNE_CELL
1001000239.E4	IMMUNE_CELL
1001000239.G3	IMMUNE_CELL
1001000239.F9	IMMUNE_CELL
1001000239.G6	IMMUNE_CELL
1001000239.D3	IMMUNE_CELL
1001000239.B1	IMMUNE_CELL
1001000239.D5	IMMUNE_CELL
1001000239.D10	IMMUNE_CELL
1001000239.C8	IMMUNE_CELL
1001000239.F5	IMMUNE_CELL
1001000239.G2	IMMUNE_CELL
1001000239.G10	IMMUNE_CELL
1001000239.C5	IMMUNE_CELL
1001000240.H3	IMMUNE_CELL
1001000240.B4	IMMUNE_CELL
1001000240.C3	IMMUNE_CELL
1001000240.G7	IMMUNE_CELL
1001000240.G11	IMMUNE_CELL
1001000240.G2	IMMUNE_CELL
1001000240.C4	IMMUNE_CELL
1001000240.A1	IMMUNE_CELL
1001000240.H2	IMMUNE_CELL
1001000240.G1	IMMUNE_CELL
1001000240.F2	IMMUNE_CELL
1001000240.A12	IMMUNE_CELL
1001000240.A3	IMMUNE_CELL
1001000241.D7	IMMUNE_CELL
1001000241.C5	IMMUNE_CELL
1001000241.A7	IMMUNE_CELL
1001000241.E5	IMMUNE_CELL
1001000241.A3	IMMUNE_CELL
1001000241.E4	IMMUNE_CELL
1001000241.D5	IMMUNE_CELL
1001000241.C2	IMMUNE_CELL
1001000241.E6	IMMUNE_CELL
1001000241.F10	IMMUNE_CELL
1001000241.E7	IMMUNE_CELL
1001000241.H11	IMMUNE_CELL
1001000241.G6	IMMUNE_CELL
1001000241.G11	IMMUNE_CELL
1001000241.E9	IMMUNE_CELL
1001000241.F12	IMMUNE_CELL
1001000241.H2	IMMUNE_CELL
1001000242.C10	IMMUNE_CELL
1001000242.F2	IMMUNE_CELL
1001000242.F4	IMMUNE_CELL
1001000242.B2	IMMUNE_CELL
1001000242.D12	IMMUNE_CELL
1001000242.C1	IMMUNE_CELL
1001000242.H5	IMMUNE_CELL
1001000242.D5	IMMUNE_CELL
1001000242.B10	IMMUNE_CELL
1001000242.E7	IMMUNE_CELL
1001000242.A11	IMMUNE_CELL
1001000242.B4	IMMUNE_CELL
1001000242.C8	IMMUNE_CELL
1001000242.E10	IMMUNE_CELL
1001000242.F8	IMMUNE_CELL
1001000242.A12	IMMUNE_CELL
1001000244.G12	OPC
1001000244.B12	OPC
1001000244.A11	OPC
1001000244.G11	OPC
1001000245.E11	IMMUNE_CELL
1001000245.H7	IMMUNE_CELL
1001000245.F11	IMMUNE_CELL
1001000245.B9	IMMUNE_CELL
1001000245.B2	IMMUNE_CELL
1001000245.C6	IMMUNE_CELL
1001000245.E6	IMMUNE_CELL
1001000245.F4	NEOPLASTIC
1001000245.G12	NEOPLASTIC
1001000245.F3	IMMUNE_CELL
1001000245.A3	IMMUNE_CELL
1001000245.F6	NEOPLASTIC
1001000246.E2	IMMUNE_CELL
1001000246.D3	IMMUNE_CELL
1001000246.E1	IMMUNE_CELL
1001000246.G12	IMMUNE_CELL
1001000246.G2	NEOPLASTIC
1001000246.F7	IMMUNE_CELL
1001000246.F10	NEOPLASTIC
1001000246.B3	NEOPLASTIC
1001000246.D12	IMMUNE_CELL
1001000246.B1	NEOPLASTIC
1001000246.C4	IMMUNE_CELL
1001000246.A9	IMMUNE_CELL
1001000246.G3	NEOPLASTIC
1001000246.F6	IMMUNE_CELL
1001000246.D10	IMMUNE_CELL
1001000246.H9	NEOPLASTIC
1001000246.D8	IMMUNE_CELL
1001000246.G11	IMMUNE_CELL
1001000246.F2	IMMUNE_CELL
1001000246.E7	IMMUNE_CELL
1001000246.C6	VASCULAR
1001000246.E11	VASCULAR
1001000246.A1	NEOPLASTIC
1001000246.C5	IMMUNE_CELL
1001000246.B7	NEOPLASTIC
1001000246.D1	IMMUNE_CELL
1001000247.G3	NEOPLASTIC
1001000247.D6	IMMUNE_CELL
1001000247.G6	IMMUNE_CELL
1001000247.G9	IMMUNE_CELL
1001000247.H10	IMMUNE_CELL
1001000247.E9	IMMUNE_CELL
1001000247.C12	IMMUNE_CELL
1001000247.H1	IMMUNE_CELL
1001000247.F12	IMMUNE_CELL
1001000247.C3	NEOPLASTIC
1001000247.G8	IMMUNE_CELL
1001000248.A2	OPC
1001000248.H9	OPC
1001000248.F9	OPC
1001000248.A6	IMMUNE_CELL
1001000248.E7	OPC
1001000248.D7	IMMUNE_CELL
1001000248.E8	IMMUNE_CELL
1001000248.A10	IMMUNE_CELL
1001000248.D1	OPC
1001000248.F8	IMMUNE_CELL
1001000248.A8	IMMUNE_CELL
1001000248.H3	IMMUNE_CELL
1001000248.G11	OPC
1001000248.H1	OPC
1001000248.G9	OPC
1001000248.A1	IMMUNE_CELL
1001000249.C2	OPC
1001000249.B3	OPC
1001000249.G11	OPC
1001000249.H6	OPC
1001000249.B5	OPC
1001000249.F6	OPC
1001000249.G5	OPC
1001000249.E8	OPC
1001000249.G12	IMMUNE_CELL
1001000250.C2	NEOPLASTIC
1001000250.B2	NEOPLASTIC
1001000250.F6	NEOPLASTIC
1001000250.C5	NEOPLASTIC
1001000250.C11	NEOPLASTIC
1001000250.H6	NEOPLASTIC
1001000250.G2	NEOPLASTIC
1001000250.F9	NEOPLASTIC
1001000250.C4	NEOPLASTIC
1001000252.B2	NEOPLASTIC
1001000252.A6	NEOPLASTIC
1001000252.H3	NEOPLASTIC
1001000253.E5	ASTOCYTE
1001000253.H7	OPC
1001000253.F9	OPC
1001000253.E9	ASTOCYTE
1001000253.G2	NEOPLASTIC
1001000253.A7	OPC
1001000253.H1	ASTOCYTE
1001000253.A11	NEOPLASTIC
1001000253.D9	OPC
1001000253.B6	OPC
1001000253.C4	ASTOCYTE
1001000253.G1	ASTOCYTE
1001000254.E5	OPC
1001000254.C11	ASTOCYTE
1001000254.G5	OPC
1001000254.E1	ASTOCYTE
1001000254.E3	OPC
1001000254.A5	ASTOCYTE
1001000254.A3	OPC
1001000254.A9	OPC
1001000254.B3	OPC
1001000255.B4	NEOPLASTIC
1001000255.A10	OPC
1001000255.A12	OPC
1001000255.D8	ASTOCYTE
1001000255.E5	ASTOCYTE
1001000255.G5	ASTOCYTE
1001000255.E9	ASTOCYTE
1001000255.G8	OPC
1001000255.D12	NEOPLASTIC
1001000255.D3	OPC
1001000258.E2	IMMUNE_CELL
1001000258.F11	NEOPLASTIC
1001000258.C8	IMMUNE_CELL
1001000258.C9	NEOPLASTIC
1001000258.G11	NEOPLASTIC
1001000258.H2	IMMUNE_CELL
1001000258.F6	NEOPLASTIC
1001000259.E12	OLIGODENDROCYTE
1001000259.G3	NEOPLASTIC
1001000259.E4	IMMUNE_CELL
1001000259.B7	NEOPLASTIC
1001000259.C9	NEOPLASTIC
1001000259.A4	NEOPLASTIC
1001000259.G10	IMMUNE_CELL
1001000259.C2	NEOPLASTIC
1001000259.E11	IMMUNE_CELL
1001000259.E2	NEOPLASTIC
1001000259.G7	IMMUNE_CELL
1001000260.G9	NEOPLASTIC
1001000260.H9	NEOPLASTIC
1001000260.A7	NEOPLASTIC
1001000260.D10	VASCULAR
1001000260.E6	NEOPLASTIC
1001000260.E4	NEOPLASTIC
1001000260.D6	NEOPLASTIC
1001000260.G3	NEOPLASTIC
1001000260.A9	NEOPLASTIC
1001000260.B3	NEOPLASTIC
1001000264.F11	IMMUNE_CELL
1001000264.G7	IMMUNE_CELL
1001000264.C1	IMMUNE_CELL
1001000264.E7	IMMUNE_CELL
1001000264.F9	IMMUNE_CELL
1001000264.H10	IMMUNE_CELL
1001000264.D12	IMMUNE_CELL
1001000264.G9	IMMUNE_CELL
1001000264.B9	IMMUNE_CELL
1001000264.B1	IMMUNE_CELL
1001000264.D11	IMMUNE_CELL
1001000264.D7	IMMUNE_CELL
1001000264.F12	IMMUNE_CELL
1001000264.E9	IMMUNE_CELL
1001000264.G11	IMMUNE_CELL
1001000265.E4	IMMUNE_CELL
1001000265.H7	IMMUNE_CELL
1001000265.E9	IMMUNE_CELL
1001000265.A5	IMMUNE_CELL
1001000265.B3	IMMUNE_CELL
1001000265.F12	IMMUNE_CELL
1001000265.F8	IMMUNE_CELL
1001000265.D11	IMMUNE_CELL
1001000265.D9	IMMUNE_CELL
1001000266.D7	IMMUNE_CELL
1001000266.B6	IMMUNE_CELL
1001000266.E4	IMMUNE_CELL
1001000267.H6	IMMUNE_CELL
1001000267.G12	IMMUNE_CELL
1001000267.B3	OPC
1001000267.E8	ASTOCYTE
1001000267.G11	OLIGODENDROCYTE
1001000267.G9	OPC
1001000267.D9	OPC
1001000267.F11	OPC
1001000267.B10	IMMUNE_CELL
1001000267.A6	IMMUNE_CELL
1001000267.G10	ASTOCYTE
1001000268.D6	NEOPLASTIC
1001000268.F6	NEOPLASTIC
1001000268.H4	NEOPLASTIC
1001000268.F5	NEOPLASTIC
1001000268.A5	IMMUNE_CELL
1001000268.G1	NEOPLASTIC
1001000270.A2	IMMUNE_CELL
1001000270.E12	IMMUNE_CELL
1001000270.C1	IMMUNE_CELL
1001000270.D9	VASCULAR
1001000271.A3	NEOPLASTIC
1001000271.H2	VASCULAR
