cell	scPred
RHC3556	EPITHELIAL
RHC3577	EPITHELIAL
RHC3584	EPITHELIAL
RHC3598	EPITHELIAL
RHC3602	BCELL
RHC3609	EPITHELIAL
RHC3863	EPITHELIAL
RHC3870	EPITHELIAL
RHC3872	EPITHELIAL
RHC3874	EPITHELIAL
RHC3878	EPITHELIAL
RHC3879	EPITHELIAL
RHC3884	EPITHELIAL
RHC3898	EPITHELIAL
RHC3902	EPITHELIAL
RHC3925	EPITHELIAL
RHC3920	EPITHELIAL
RHC3924	EPITHELIAL
RHC4128	FIBROBLAST
RHC4142	EPITHELIAL
RHC4053	TCELL
RHC4073	EPITHELIAL
RHC4861	EPITHELIAL
RHC4872	EPITHELIAL
RHC4910	EPITHELIAL
RHC4915	EPITHELIAL
RHC4921	EPITHELIAL
RHC4940	EPITHELIAL
RHC4944	EPITHELIAL
RHC4947	EPITHELIAL
RHC4743	EPITHELIAL
RHC4747	TCELL
RHC4751	MACROPHAGE
RHC4757	EPITHELIAL
RHC4772	EPITHELIAL
RHC4774	EPITHELIAL
RHC4784	EPITHELIAL
RHC4801	EPITHELIAL
RHL2724	EPITHELIAL
RHL2738	EPITHELIAL
RHL2747	EPITHELIAL
RHL2759	EPITHELIAL
RHL2788	EPITHELIAL
RHL2789	EPITHELIAL
RHC5546	EPITHELIAL
RHC5547	EPITHELIAL
RHC5558	EPITHELIAL
RHC5561	EPITHELIAL
RHC5563	EPITHELIAL
RHC5566	EPITHELIAL
RHC5567	EPITHELIAL
RHC5586	EPITHELIAL
RHC5597	EPITHELIAL
RHC5613	EPITHELIAL
RHC5615	EPITHELIAL
RHC5620	TCELL
RHC5627	EPITHELIAL
RHC5628	EPITHELIAL
RHC5930	TCELL
RHC5967	TCELL
RHC6022	EPITHELIAL
RHC6033	MACROPHAGE
RHC6041	MACROPHAGE
RHC3553	EPITHELIAL
RHC3565	EPITHELIAL
RHC3567	EPITHELIAL
RHC3568	EPITHELIAL
RHC3569	EPITHELIAL
RHC3596	BCELL
RHC3629	EPITHELIAL
RHC3640	EPITHELIAL
RHC3839	EPITHELIAL
RHC3840	EPITHELIAL
RHC3845	EPITHELIAL
RHC3849	EPITHELIAL
RHC3862	EPITHELIAL
RHC3875	EPITHELIAL
RHC3876	EPITHELIAL
RHC3883	EPITHELIAL
RHC3890	FIBROBLAST
RHC3911	EPITHELIAL
RHC3922	EPITHELIAL
RHC3903	EPITHELIAL
RHC3912	BCELL
RHC3914	EPITHELIAL
RHC3927	MACROPHAGE
RHC4123	EPITHELIAL
RHC4131	EPITHELIAL
RHC4148	EPITHELIAL
RHC4155	EPITHELIAL
RHC4169	FIBROBLAST
RHC4067	MACROPHAGE
RHC4877	EPITHELIAL
RHC4880	EPITHELIAL
RHC4890	EPITHELIAL
RHC4916	EPITHELIAL
RHC4922	EPITHELIAL
RHC4926	EPITHELIAL
RHC4931	EPITHELIAL
RHC4935	EPITHELIAL
RHC4758	MACROPHAGE
RHC4771	TCELL
RHC4787	MACROPHAGE
RHC4789	EPITHELIAL
RHL2701	EPITHELIAL
RHL2704	TCELL
RHL2716	EPITHELIAL
RHL2718	EPITHELIAL
RHL2752	TCELL
RHL2753	EPITHELIAL
RHL2765	EPITHELIAL
RHL2766	EPITHELIAL
RHL2779	EPITHELIAL
RHL2786	BCELL
RHC5554	EPITHELIAL
RHC5562	EPITHELIAL
RHC5570	EPITHELIAL
RHC5577	EPITHELIAL
RHC5582	EPITHELIAL
RHC5594	EPITHELIAL
RHC5599	EPITHELIAL
RHC5604	EPITHELIAL
RHC5611	EPITHELIAL
RHC5612	EPITHELIAL
RHC5614	TCELL
RHC5616	EPITHELIAL
RHC5624	EPITHELIAL
RHC5644	EPITHELIAL
RHC5647	EPITHELIAL
RHC5666	EPITHELIAL
RHC5814	EPITHELIAL
RHC5827	TCELL
RHC5840	EPITHELIAL
RHC5899	FIBROBLAST
RHC5908	EPITHELIAL
RHC5991	FIBROBLAST
RHC5995	TCELL
RHC3562	BCELL
RHC3579	EPITHELIAL
RHC3581	EPITHELIAL
RHC3585	EPITHELIAL
RHC3591	EPITHELIAL
RHC3593	EPITHELIAL
RHC3594	BCELL
RHC3597	EPITHELIAL
RHC3599	EPITHELIAL
RHC3836	EPITHELIAL
RHC3847	FIBROBLAST
RHC3865	EPITHELIAL
RHC3868	EPITHELIAL
RHC3871	EPITHELIAL
RHC3885	FIBROBLAST
RHC3886	MACROPHAGE
RHC3897	EPITHELIAL
RHC3900	EPITHELIAL
RHC3919	EPITHELIAL
RHC3904	EPITHELIAL
RHC3909	MACROPHAGE
RHC4021	EPITHELIAL
RHC4134	EPITHELIAL
RHC4141	EPITHELIAL
RHC4144	EPITHELIAL
RHC4159	EPITHELIAL
RHC4161	EPITHELIAL
RHC4174	EPITHELIAL
RHC4196	EPITHELIAL
RHC4079	BCELL
RHC4080	MACROPHAGE
RHC4864	BCELL
RHC4911	EPITHELIAL
RHC4938	EPITHELIAL
RHC4745	UNLABELED
RHC4761	EPITHELIAL
RHC4775	FIBROBLAST
RHC4776	TCELL
RHC4800	EPITHELIAL
RHC4807	EPITHELIAL
RHC4813	EPITHELIAL
RHC4815	EPITHELIAL
RHL2672	EPITHELIAL
RHL2768	EPITHELIAL
RHL2769	EPITHELIAL
RHL2773	EPITHELIAL
RHL2780	EPITHELIAL
RHC5549	EPITHELIAL
RHC5550	EPITHELIAL
RHC5552	EPITHELIAL
RHC5564	EPITHELIAL
RHC5565	EPITHELIAL
RHC5576	TCELL
RHC5600	EPITHELIAL
RHC5601	EPITHELIAL
RHC5606	EPITHELIAL
RHC5622	EPITHELIAL
RHC5623	EPITHELIAL
RHC5629	EPITHELIAL
RHC5633	EPITHELIAL
RHC5643	EPITHELIAL
RHC5665	EPITHELIAL
RHC5702	TCELL
RHC5707	EPITHELIAL
RHC5714	EPITHELIAL
RHC5716	EPITHELIAL
RHC5768	EPITHELIAL
RHC5811	MACROPHAGE
RHC5816	EPITHELIAL
RHC5831	EPITHELIAL
RHC5834	MACROPHAGE
RHC5879	EPITHELIAL
RHC5910	TCELL
RHC6010	TCELL
RHC3552	EPITHELIAL
RHC3555	BCELL
RHC3557	BCELL
RHC3619	EPITHELIAL
RHC3628	EPITHELIAL
RHC3635	EPITHELIAL
RHC3638	EPITHELIAL
RHC3641	EPITHELIAL
RHC3835	EPITHELIAL
RHC3837	EPITHELIAL
RHC3838	EPITHELIAL
RHC3843	FIBROBLAST
RHC3852	EPITHELIAL
RHC3864	EPITHELIAL
RHC3866	MACROPHAGE
RHC3869	EPITHELIAL
RHC3881	EPITHELIAL
RHC3882	EPITHELIAL
RHC3891	EPITHELIAL
RHC3923	EPITHELIAL
RHC3905	EPITHELIAL
RHC3926	EPITHELIAL
RHC3947	EPITHELIAL
RHC4130	EPITHELIAL
RHC4031	EPITHELIAL
RHC4075	EPITHELIAL
RHC4083	TCELL
RHC4859	EPITHELIAL
RHC4862	EPITHELIAL
RHC4874	EPITHELIAL
RHC4879	EPITHELIAL
RHC4881	EPITHELIAL
RHC4945	EPITHELIAL
RHC4746	EPITHELIAL
RHC4760	EPITHELIAL
RHC4763	EPITHELIAL
RHC4767	MACROPHAGE
RHC4769	FIBROBLAST
RHC4780	EPITHELIAL
RHC4781	EPITHELIAL
RHC4788	EPITHELIAL
RHC4804	TCELL
RHC4810	MACROPHAGE
RHC4811	EPITHELIAL
RHL2717	EPITHELIAL
RHL2749	EPITHELIAL
RHL2781	EPITHELIAL
RHL2791	EPITHELIAL
RHC5555	EPITHELIAL
RHC5557	EPITHELIAL
RHC5569	EPITHELIAL
RHC5575	EPITHELIAL
RHC5578	EPITHELIAL
RHC5598	EPITHELIAL
RHC5602	EPITHELIAL
RHC5605	EPITHELIAL
RHC5617	EPITHELIAL
RHC5626	EPITHELIAL
RHC5632	EPITHELIAL
RHC5637	EPITHELIAL
RHC5646	TCELL
RHC5699	TCELL
RHC5701	EPITHELIAL
RHC5711	BCELL
RHC5718	TCELL
RHC5765	EPITHELIAL
RHC5801	EPITHELIAL
RHC5808	EPITHELIAL
RHC5815	EPITHELIAL
RHC5906	EPITHELIAL
RHC5999	MACROPHAGE
RHC6004	TCELL
RHC6030	FIBROBLAST
RHC6039	TCELL
RHC3546	TCELL
RHC3563	MACROPHAGE
RHC3582	MACROPHAGE
RHC3589	EPITHELIAL
RHC3590	EPITHELIAL
RHC3600	BCELL
RHC3608	EPITHELIAL
RHC3617	EPITHELIAL
RHC3621	EPITHELIAL
RHC3625	EPITHELIAL
RHC3633	BCELL
RHC3844	EPITHELIAL
RHC3846	EPITHELIAL
RHC3848	EPITHELIAL
RHC3850	EPITHELIAL
RHC3851	EPITHELIAL
RHC3855	EPITHELIAL
RHC3856	EPITHELIAL
RHC3895	EPITHELIAL
RHC3915	EPITHELIAL
RHC3901	EPITHELIAL
RHC3906	EPITHELIAL
RHC3907	MACROPHAGE
RHC3910	EPITHELIAL
RHC4014	EPITHELIAL
RHC4122	EPITHELIAL
RHC4124	EPITHELIAL
RHC4165	FIBROBLAST
RHC4050	EPITHELIAL
RHC4051	MACROPHAGE
RHC4065	EPITHELIAL
RHC4068	EPITHELIAL
RHC4871	EPITHELIAL
RHC4878	EPITHELIAL
RHC4886	EPITHELIAL
RHC4887	EPITHELIAL
RHC4897	BCELL
RHC4900	EPITHELIAL
RHC4902	EPITHELIAL
RHC4924	EPITHELIAL
RHC4925	EPITHELIAL
RHC4937	EPITHELIAL
RHC4755	TCELL
RHC4768	EPITHELIAL
RHC4797	FIBROBLAST
RHL2679	EPITHELIAL
RHL2723	EPITHELIAL
RHL2733	EPITHELIAL
RHL2758	EPITHELIAL
RHL2762	MACROPHAGE
RHL2767	EPITHELIAL
RHL2770	EPITHELIAL
RHC5544	EPITHELIAL
RHC5553	EPITHELIAL
RHC5560	EPITHELIAL
RHC5568	EPITHELIAL
RHC5571	TCELL
RHC5574	EPITHELIAL
RHC5580	EPITHELIAL
RHC5585	EPITHELIAL
RHC5592	EPITHELIAL
RHC5607	EPITHELIAL
RHC5608	EPITHELIAL
RHC5610	EPITHELIAL
RHC5658	EPITHELIAL
RHC5698	EPITHELIAL
RHC5704	EPITHELIAL
RHC5710	EPITHELIAL
RHC5764	EPITHELIAL
RHC5783	EPITHELIAL
RHC5790	EPITHELIAL
RHC5810	TCELL
RHC5896	EPITHELIAL
RHC5982	TCELL
