	truth	SVM	SVMrej	RF	LDA	LDArej	NMC	kNN9	ACTINN	SingleCellNet	LAmbDA	scPred	CaSTLe	CHETAH	scID	scmapcell	scmapcluster	singleR	scVI	Cell_BLAST
1001000235.F11	IMMUNE_CELL	IMMUNE_CELL	IMMUNE_CELL	IMMUNE_CELL	IMMUNE_CELL	IMMUNE_CELL	IMMUNE_CELL	IMMUNE_CELL	IMMUNE_CELL	IMMUNE_CELL	IMMUNE_CELL	IMMUNE_CELL	IMMUNE_CELL	IMMUNE_CELL	IMMUNE_CELL	IMMUNE_CELL	IMMUNE_CELL	IMMUNE_CELL	IMMUNE_CELL	IMMUNE_CELL
1001000245.A2	IMMUNE_CELL	IMMUNE_CELL	IMMUNE_CELL	IMMUNE_CELL	IMMUNE_CELL	IMMUNE_CELL	IMMUNE_CELL	VASCULAR	IMMUNE_CELL	IMMUNE_CELL	IMMUNE_CELL	IMMUNE_CELL	IMMUNE_CELL	IMMUNE_CELL	IMMUNE_CELL	IMMUNE_CELL	UNLABELED	IMMUNE_CELL	IMMUNE_CELL	UNLABELED
1001000179.H9	IMMUNE_CELL	IMMUNE_CELL	IMMUNE_CELL	IMMUNE_CELL	IMMUNE_CELL	IMMUNE_CELL	IMMUNE_CELL	VASCULAR	IMMUNE_CELL	IMMUNE_CELL	IMMUNE_CELL	IMMUNE_CELL	IMMUNE_CELL	IMMUNE_CELL	IMMUNE_CELL	IMMUNE_CELL	IMMUNE_CELL	IMMUNE_CELL	IMMUNE_CELL	UNLABELED
1001000241.D4	IMMUNE_CELL	IMMUNE_CELL	IMMUNE_CELL	IMMUNE_CELL	IMMUNE_CELL	IMMUNE_CELL	IMMUNE_CELL	VASCULAR	IMMUNE_CELL	IMMUNE_CELL	IMMUNE_CELL	IMMUNE_CELL	IMMUNE_CELL	IMMUNE_CELL	IMMUNE_CELL	IMMUNE_CELL	UNLABELED	IMMUNE_CELL	IMMUNE_CELL	UNLABELED
1001000176.B9	IMMUNE_CELL	IMMUNE_CELL	IMMUNE_CELL	IMMUNE_CELL	IMMUNE_CELL	IMMUNE_CELL	IMMUNE_CELL	IMMUNE_CELL	IMMUNE_CELL	IMMUNE_CELL	IMMUNE_CELL	IMMUNE_CELL	IMMUNE_CELL	IMMUNE_CELL	IMMUNE_CELL	IMMUNE_CELL	IMMUNE_CELL	IMMUNE_CELL	IMMUNE_CELL	IMMUNE_CELL
1001000242.H5	IMMUNE_CELL	IMMUNE_CELL	IMMUNE_CELL	IMMUNE_CELL	IMMUNE_CELL	IMMUNE_CELL	IMMUNE_CELL	IMMUNE_CELL	IMMUNE_CELL	IMMUNE_CELL	IMMUNE_CELL	IMMUNE_CELL	IMMUNE_CELL	IMMUNE_CELL	IMMUNE_CELL	IMMUNE_CELL	IMMUNE_CELL	IMMUNE_CELL	IMMUNE_CELL	IMMUNE_CELL
1001000176.D7	IMMUNE_CELL	IMMUNE_CELL	IMMUNE_CELL	IMMUNE_CELL	IMMUNE_CELL	IMMUNE_CELL	IMMUNE_CELL	IMMUNE_CELL	IMMUNE_CELL	IMMUNE_CELL	IMMUNE_CELL	IMMUNE_CELL	IMMUNE_CELL	IMMUNE_CELL	IMMUNE_CELL	IMMUNE_CELL	IMMUNE_CELL	IMMUNE_CELL	IMMUNE_CELL	IMMUNE_CELL
1001000176.A1	IMMUNE_CELL	IMMUNE_CELL	IMMUNE_CELL	IMMUNE_CELL	IMMUNE_CELL	IMMUNE_CELL	IMMUNE_CELL	IMMUNE_CELL	IMMUNE_CELL	IMMUNE_CELL	IMMUNE_CELL	IMMUNE_CELL	IMMUNE_CELL	IMMUNE_CELL	IMMUNE_CELL	IMMUNE_CELL	IMMUNE_CELL	IMMUNE_CELL	IMMUNE_CELL	UNLABELED
1001000177.G4	IMMUNE_CELL	IMMUNE_CELL	IMMUNE_CELL	IMMUNE_CELL	IMMUNE_CELL	IMMUNE_CELL	IMMUNE_CELL	IMMUNE_CELL	IMMUNE_CELL	IMMUNE_CELL	IMMUNE_CELL	IMMUNE_CELL	IMMUNE_CELL	IMMUNE_CELL	IMMUNE_CELL	IMMUNE_CELL	UNLABELED	IMMUNE_CELL	IMMUNE_CELL	UNLABELED
1001000033.E9	IMMUNE_CELL	IMMUNE_CELL	IMMUNE_CELL	IMMUNE_CELL	IMMUNE_CELL	IMMUNE_CELL	IMMUNE_CELL	IMMUNE_CELL	IMMUNE_CELL	IMMUNE_CELL	IMMUNE_CELL	IMMUNE_CELL	IMMUNE_CELL	IMMUNE_CELL	IMMUNE_CELL	IMMUNE_CELL	UNLABELED	IMMUNE_CELL	IMMUNE_CELL	UNLABELED
1001000246.B3	NEOPLASTIC	NEOPLASTIC	UNLABELED	NEOPLASTIC	NEOPLASTIC	NEOPLASTIC	NEOPLASTIC	VASCULAR	NEOPLASTIC	NEOPLASTIC	NEOPLASTIC	NEOPLASTIC	NEOPLASTIC	NEOPLASTIC	ASTOCYTE	ASTOCYTE	UNLABELED	NEOPLASTIC	NEOPLASTIC	UNLABELED
1001000183.E4	NEOPLASTIC	NEOPLASTIC	NEOPLASTIC	NEOPLASTIC	NEOPLASTIC	NEOPLASTIC	NEOPLASTIC	IMMUNE_CELL	NEOPLASTIC	NEOPLASTIC	NEOPLASTIC	NEOPLASTIC	NEOPLASTIC	NEOPLASTIC	NEOPLASTIC	UNLABELED	UNLABELED	NEOPLASTIC	NEOPLASTIC	UNLABELED
1001000260.G4	NEOPLASTIC	NEOPLASTIC	UNLABELED	NEOPLASTIC	NEOPLASTIC	NEOPLASTIC	NEOPLASTIC	VASCULAR	NEOPLASTIC	NEOPLASTIC	NEOPLASTIC	NEOPLASTIC	NEOPLASTIC	NEOPLASTIC	UNLABELED	UNLABELED	UNLABELED	NEOPLASTIC	NEOPLASTIC	UNLABELED
1001000012.D5	NEOPLASTIC	NEOPLASTIC	NEOPLASTIC	NEOPLASTIC	NEOPLASTIC	NEOPLASTIC	NEOPLASTIC	NEOPLASTIC	NEOPLASTIC	NEOPLASTIC	NEOPLASTIC	NEOPLASTIC	NEOPLASTIC	NEOPLASTIC	NEOPLASTIC	NEOPLASTIC	UNLABELED	NEOPLASTIC	NEOPLASTIC	UNLABELED
1001000031.A6	NEOPLASTIC	NEOPLASTIC	NEOPLASTIC	NEOPLASTIC	NEOPLASTIC	NEOPLASTIC	NEOPLASTIC	VASCULAR	NEOPLASTIC	NEOPLASTIC	NEOPLASTIC	NEOPLASTIC	NEOPLASTIC	NEOPLASTIC	NEOPLASTIC	UNLABELED	UNLABELED	NEOPLASTIC	NEOPLASTIC	UNLABELED
1001000173.B11	NEOPLASTIC	NEOPLASTIC	NEOPLASTIC	NEOPLASTIC	NEOPLASTIC	NEOPLASTIC	NEOPLASTIC	NEOPLASTIC	NEOPLASTIC	NEOPLASTIC	NEOPLASTIC	NEOPLASTIC	VASCULAR	NEOPLASTIC	NEOPLASTIC	NEOPLASTIC	UNLABELED	NEOPLASTIC	NEOPLASTIC	UNLABELED
1001000037.A4	NEOPLASTIC	NEOPLASTIC	UNLABELED	NEOPLASTIC	ASTOCYTE	ASTOCYTE	IMMUNE_CELL	VASCULAR	NEOPLASTIC	UNLABELED	VASCULAR	NEOPLASTIC	OLIGODENDROCYTE	UNLABELED	UNLABELED	UNLABELED	UNLABELED	NEOPLASTIC	NEOPLASTIC	UNLABELED
1001000250.H7	NEOPLASTIC	NEOPLASTIC	NEOPLASTIC	NEOPLASTIC	NEOPLASTIC	NEOPLASTIC	NEOPLASTIC	VASCULAR	NEOPLASTIC	NEOPLASTIC	NEOPLASTIC	NEOPLASTIC	NEOPLASTIC	NEOPLASTIC	UNLABELED	NEOPLASTIC	UNLABELED	NEOPLASTIC	NEOPLASTIC	UNLABELED
1001000031.D11	NEOPLASTIC	NEOPLASTIC	UNLABELED	NEOPLASTIC	NEOPLASTIC	NEOPLASTIC	NEOPLASTIC	VASCULAR	NEOPLASTIC	NEOPLASTIC	NEOPLASTIC	NEOPLASTIC	NEOPLASTIC	NEOPLASTIC	NEOPLASTIC	NEOPLASTIC	UNLABELED	NEOPLASTIC	NEOPLASTIC	UNLABELED
1001000250.B3	NEOPLASTIC	VASCULAR	UNLABELED	NEOPLASTIC	ASTOCYTE	ASTOCYTE	IMMUNE_CELL	VASCULAR	NEOPLASTIC	NEOPLASTIC	NEOPLASTIC	NEOPLASTIC	NEOPLASTIC	NEOPLASTIC	UNLABELED	UNLABELED	UNLABELED	NEOPLASTIC	NEOPLASTIC	UNLABELED
1001000248.C9	OPC	OPC	OPC	OPC	OPC	OPC	OPC	VASCULAR	OPC	OPC	OPC	OPC	OPC	UNLABELED	OPC	OPC	UNLABELED	OPC	OPC	UNLABELED
1001000248.B2	OPC	OPC	OPC	OPC	OPC	OPC	OPC	OPC	OPC	OPC	OPC	OPC	OPC	OPC	OPC	OPC	OPC	OPC	OPC	UNLABELED
1001000036.C11	OPC	OPC	OPC	OPC	OPC	OPC	OPC	VASCULAR	OPC	OPC	OPC	OPC	OPC	OPC	OPC	OPC	UNLABELED	OPC	OPC	UNLABELED
1001000253.F11	OPC	OPC	OPC	OPC	NEURON	NEURON	OPC	VASCULAR	OPC	OPC	OPC	OPC	OPC	OPC	UNLABELED	OPC	UNLABELED	OPC	OPC	UNLABELED
1001000255.G4	OPC	OPC	OPC	OPC	OPC	OPC	OPC	VASCULAR	OPC	OPC	OPC	OPC	OPC	UNLABELED	UNLABELED	OPC	UNLABELED	OPC	OPC	UNLABELED
1001000186.C6	OPC	OPC	OPC	OPC	OPC	OPC	OPC	OPC	OPC	OPC	OPC	OPC	OPC	OPC	OPC	OPC	OPC	OPC	OPC	UNLABELED
1001000234.E10	OPC	OPC	OPC	OPC	OPC	OPC	OPC	OPC	OPC	OPC	OPC	OPC	OPC	OPC	OPC	OPC	OPC	OPC	OPC	UNLABELED
1001000017.B12	OPC	OPC	UNLABELED	OPC	ASTOCYTE	UNLABELED	OPC	VASCULAR	OPC	UNLABELED	OPC	UNLABELED	OPC	OPC	UNLABELED	OPC	UNLABELED	OPC	OPC	UNLABELED
1001000187.C2	OPC	OPC	OPC	OPC	OPC	OPC	OPC	OPC	OPC	OPC	OPC	OPC	OPC	OPC	OPC	OPC	OPC	OPC	OPC	UNLABELED
1001000254.D4	OPC	OPC	OPC	OPC	OPC	OPC	OPC	VASCULAR	OPC	OPC	OPC	OPC	OPC	OPC	UNLABELED	OPC	UNLABELED	OPC	OPC	UNLABELED
1001000254.D10	ASTOCYTE	ASTOCYTE	ASTOCYTE	ASTOCYTE	ASTOCYTE	ASTOCYTE	ASTOCYTE	ASTOCYTE	ASTOCYTE	ASTOCYTE	ASTOCYTE	ASTOCYTE	ASTOCYTE	ASTOCYTE	ASTOCYTE	ASTOCYTE	ASTOCYTE	ASTOCYTE	ASTOCYTE	UNLABELED
1001000255.A2	ASTOCYTE	ASTOCYTE	ASTOCYTE	ASTOCYTE	ASTOCYTE	ASTOCYTE	ASTOCYTE	ASTOCYTE	ASTOCYTE	ASTOCYTE	ASTOCYTE	ASTOCYTE	ASTOCYTE	ASTOCYTE	ASTOCYTE	ASTOCYTE	ASTOCYTE	ASTOCYTE	ASTOCYTE	UNLABELED
1001000253.H2	ASTOCYTE	ASTOCYTE	UNLABELED	ASTOCYTE	NEURON	NEURON	ASTOCYTE	VASCULAR	ASTOCYTE	ASTOCYTE	OPC	ASTOCYTE	ASTOCYTE	ASTOCYTE	UNLABELED	ASTOCYTE	ASTOCYTE	ASTOCYTE	ASTOCYTE	UNLABELED
1001000253.G1	ASTOCYTE	ASTOCYTE	ASTOCYTE	ASTOCYTE	ASTOCYTE	ASTOCYTE	ASTOCYTE	VASCULAR	ASTOCYTE	ASTOCYTE	ASTOCYTE	ASTOCYTE	ASTOCYTE	ASTOCYTE	ASTOCYTE	ASTOCYTE	ASTOCYTE	ASTOCYTE	ASTOCYTE	UNLABELED
1001000255.E8	ASTOCYTE	ASTOCYTE	ASTOCYTE	ASTOCYTE	ASTOCYTE	ASTOCYTE	ASTOCYTE	ASTOCYTE	ASTOCYTE	ASTOCYTE	ASTOCYTE	ASTOCYTE	ASTOCYTE	ASTOCYTE	ASTOCYTE	ASTOCYTE	ASTOCYTE	ASTOCYTE	ASTOCYTE	UNLABELED
1001000254.B8	ASTOCYTE	ASTOCYTE	UNLABELED	ASTOCYTE	ASTOCYTE	ASTOCYTE	ASTOCYTE	VASCULAR	ASTOCYTE	ASTOCYTE	ASTOCYTE	ASTOCYTE	ASTOCYTE	ASTOCYTE	ASTOCYTE	ASTOCYTE	ASTOCYTE	ASTOCYTE	ASTOCYTE	UNLABELED
1001000181.C4	ASTOCYTE	ASTOCYTE	ASTOCYTE	ASTOCYTE	ASTOCYTE	ASTOCYTE	ASTOCYTE	ASTOCYTE	ASTOCYTE	ASTOCYTE	ASTOCYTE	ASTOCYTE	ASTOCYTE	ASTOCYTE	ASTOCYTE	ASTOCYTE	ASTOCYTE	ASTOCYTE	ASTOCYTE	UNLABELED
1001000253.H5	ASTOCYTE	ASTOCYTE	ASTOCYTE	ASTOCYTE	ASTOCYTE	ASTOCYTE	ASTOCYTE	VASCULAR	ASTOCYTE	ASTOCYTE	ASTOCYTE	ASTOCYTE	ASTOCYTE	ASTOCYTE	ASTOCYTE	ASTOCYTE	ASTOCYTE	ASTOCYTE	ASTOCYTE	UNLABELED
1001000253.A8	ASTOCYTE	ASTOCYTE	UNLABELED	ASTOCYTE	ASTOCYTE	ASTOCYTE	ASTOCYTE	VASCULAR	ASTOCYTE	ASTOCYTE	ASTOCYTE	ASTOCYTE	ASTOCYTE	ASTOCYTE	ASTOCYTE	ASTOCYTE	UNLABELED	ASTOCYTE	ASTOCYTE	UNLABELED
1001000253.H1	ASTOCYTE	ASTOCYTE	ASTOCYTE	ASTOCYTE	ASTOCYTE	ASTOCYTE	ASTOCYTE	ASTOCYTE	ASTOCYTE	ASTOCYTE	ASTOCYTE	ASTOCYTE	ASTOCYTE	ASTOCYTE	ASTOCYTE	ASTOCYTE	ASTOCYTE	ASTOCYTE	ASTOCYTE	UNLABELED
1001000194.G10	OLIGODENDROCYTE	OLIGODENDROCYTE	OLIGODENDROCYTE	OLIGODENDROCYTE	OLIGODENDROCYTE	OLIGODENDROCYTE	OLIGODENDROCYTE	VASCULAR	OLIGODENDROCYTE	OLIGODENDROCYTE	OLIGODENDROCYTE	OLIGODENDROCYTE	OLIGODENDROCYTE	OLIGODENDROCYTE	OLIGODENDROCYTE	OLIGODENDROCYTE	OLIGODENDROCYTE	OLIGODENDROCYTE	OLIGODENDROCYTE	OLIGODENDROCYTE
1001000180.A10	OLIGODENDROCYTE	OLIGODENDROCYTE	OLIGODENDROCYTE	OLIGODENDROCYTE	OLIGODENDROCYTE	OLIGODENDROCYTE	OLIGODENDROCYTE	VASCULAR	OLIGODENDROCYTE	OLIGODENDROCYTE	OLIGODENDROCYTE	OLIGODENDROCYTE	OLIGODENDROCYTE	OLIGODENDROCYTE	OLIGODENDROCYTE	OLIGODENDROCYTE	OLIGODENDROCYTE	OLIGODENDROCYTE	OLIGODENDROCYTE	UNLABELED
1001000181.D9	OLIGODENDROCYTE	OLIGODENDROCYTE	OLIGODENDROCYTE	OLIGODENDROCYTE	OLIGODENDROCYTE	OLIGODENDROCYTE	OLIGODENDROCYTE	VASCULAR	OLIGODENDROCYTE	OLIGODENDROCYTE	OLIGODENDROCYTE	OLIGODENDROCYTE	OLIGODENDROCYTE	OLIGODENDROCYTE	OLIGODENDROCYTE	OLIGODENDROCYTE	OLIGODENDROCYTE	OLIGODENDROCYTE	OLIGODENDROCYTE	UNLABELED
1001000194.G3	OLIGODENDROCYTE	OLIGODENDROCYTE	OLIGODENDROCYTE	OLIGODENDROCYTE	OLIGODENDROCYTE	OLIGODENDROCYTE	OLIGODENDROCYTE	VASCULAR	OLIGODENDROCYTE	OLIGODENDROCYTE	OLIGODENDROCYTE	OLIGODENDROCYTE	OLIGODENDROCYTE	OLIGODENDROCYTE	OLIGODENDROCYTE	OLIGODENDROCYTE	OLIGODENDROCYTE	OLIGODENDROCYTE	OLIGODENDROCYTE	UNLABELED
1001000017.F3	OLIGODENDROCYTE	OLIGODENDROCYTE	OLIGODENDROCYTE	OLIGODENDROCYTE	OLIGODENDROCYTE	OLIGODENDROCYTE	OLIGODENDROCYTE	VASCULAR	OLIGODENDROCYTE	OLIGODENDROCYTE	OLIGODENDROCYTE	OLIGODENDROCYTE	OLIGODENDROCYTE	OLIGODENDROCYTE	OLIGODENDROCYTE	OLIGODENDROCYTE	OLIGODENDROCYTE	OLIGODENDROCYTE	OLIGODENDROCYTE	UNLABELED
1001000034.H10	OLIGODENDROCYTE	OLIGODENDROCYTE	OLIGODENDROCYTE	OLIGODENDROCYTE	OLIGODENDROCYTE	OLIGODENDROCYTE	OLIGODENDROCYTE	VASCULAR	OLIGODENDROCYTE	OLIGODENDROCYTE	OLIGODENDROCYTE	OLIGODENDROCYTE	OLIGODENDROCYTE	OLIGODENDROCYTE	OLIGODENDROCYTE	OLIGODENDROCYTE	OLIGODENDROCYTE	OLIGODENDROCYTE	OLIGODENDROCYTE	UNLABELED
1001000180.E11	OLIGODENDROCYTE	OLIGODENDROCYTE	OLIGODENDROCYTE	OLIGODENDROCYTE	OLIGODENDROCYTE	OLIGODENDROCYTE	OLIGODENDROCYTE	VASCULAR	OLIGODENDROCYTE	OLIGODENDROCYTE	OLIGODENDROCYTE	OLIGODENDROCYTE	OLIGODENDROCYTE	OLIGODENDROCYTE	UNLABELED	OLIGODENDROCYTE	UNLABELED	OLIGODENDROCYTE	OLIGODENDROCYTE	UNLABELED
1001000173.B1	OLIGODENDROCYTE	NEOPLASTIC	UNLABELED	OLIGODENDROCYTE	OLIGODENDROCYTE	OLIGODENDROCYTE	NEOPLASTIC	NEOPLASTIC	NEOPLASTIC	OLIGODENDROCYTE	NEOPLASTIC	NEOPLASTIC	OLIGODENDROCYTE	UNLABELED	UNLABELED	NEOPLASTIC	UNLABELED	NEOPLASTIC	OLIGODENDROCYTE	UNLABELED
1001000034.C12	OLIGODENDROCYTE	OLIGODENDROCYTE	OLIGODENDROCYTE	OLIGODENDROCYTE	OLIGODENDROCYTE	OLIGODENDROCYTE	OLIGODENDROCYTE	VASCULAR	OLIGODENDROCYTE	OLIGODENDROCYTE	OLIGODENDROCYTE	OLIGODENDROCYTE	OLIGODENDROCYTE	OLIGODENDROCYTE	OLIGODENDROCYTE	OLIGODENDROCYTE	UNLABELED	OLIGODENDROCYTE	OLIGODENDROCYTE	UNLABELED
1001000233.C6	OLIGODENDROCYTE	OLIGODENDROCYTE	OLIGODENDROCYTE	OLIGODENDROCYTE	OLIGODENDROCYTE	OLIGODENDROCYTE	OLIGODENDROCYTE	VASCULAR	OLIGODENDROCYTE	OLIGODENDROCYTE	OLIGODENDROCYTE	OLIGODENDROCYTE	OLIGODENDROCYTE	OLIGODENDROCYTE	OLIGODENDROCYTE	OLIGODENDROCYTE	OLIGODENDROCYTE	OLIGODENDROCYTE	OLIGODENDROCYTE	UNLABELED
1001000245.F8	VASCULAR	VASCULAR	VASCULAR	VASCULAR	VASCULAR	VASCULAR	VASCULAR	VASCULAR	VASCULAR	VASCULAR	VASCULAR	VASCULAR	VASCULAR	VASCULAR	UNLABELED	VASCULAR	UNLABELED	VASCULAR	VASCULAR	UNLABELED
1001000032.C3	VASCULAR	VASCULAR	VASCULAR	VASCULAR	VASCULAR	VASCULAR	VASCULAR	VASCULAR	VASCULAR	VASCULAR	VASCULAR	VASCULAR	VASCULAR	VASCULAR	VASCULAR	VASCULAR	VASCULAR	VASCULAR	VASCULAR	UNLABELED
1001000032.F9	VASCULAR	VASCULAR	VASCULAR	VASCULAR	VASCULAR	VASCULAR	VASCULAR	VASCULAR	VASCULAR	VASCULAR	VASCULAR	VASCULAR	VASCULAR	VASCULAR	VASCULAR	VASCULAR	VASCULAR	VASCULAR	VASCULAR	UNLABELED
1001000031.D1	VASCULAR	VASCULAR	VASCULAR	VASCULAR	ASTOCYTE	ASTOCYTE	VASCULAR	VASCULAR	VASCULAR	VASCULAR	VASCULAR	VASCULAR	VASCULAR	VASCULAR	VASCULAR	VASCULAR	UNLABELED	VASCULAR	VASCULAR	UNLABELED
1001000032.F7	VASCULAR	VASCULAR	VASCULAR	VASCULAR	VASCULAR	VASCULAR	VASCULAR	VASCULAR	VASCULAR	VASCULAR	VASCULAR	VASCULAR	VASCULAR	VASCULAR	VASCULAR	VASCULAR	UNLABELED	VASCULAR	VASCULAR	UNLABELED
1001000246.A4	VASCULAR	VASCULAR	VASCULAR	VASCULAR	VASCULAR	VASCULAR	VASCULAR	VASCULAR	VASCULAR	VASCULAR	VASCULAR	VASCULAR	VASCULAR	VASCULAR	VASCULAR	VASCULAR	UNLABELED	VASCULAR	VASCULAR	VASCULAR
1001000271.H7	VASCULAR	VASCULAR	UNLABELED	VASCULAR	NEURON	NEURON	IMMUNE_CELL	VASCULAR	VASCULAR	VASCULAR	VASCULAR	VASCULAR	VASCULAR	VASCULAR	UNLABELED	VASCULAR	UNLABELED	VASCULAR	VASCULAR	UNLABELED
1001000031.D6	VASCULAR	VASCULAR	VASCULAR	VASCULAR	VASCULAR	VASCULAR	VASCULAR	VASCULAR	VASCULAR	VASCULAR	VASCULAR	VASCULAR	VASCULAR	VASCULAR	VASCULAR	VASCULAR	VASCULAR	VASCULAR	VASCULAR	UNLABELED
1001000032.H5	VASCULAR	VASCULAR	VASCULAR	VASCULAR	VASCULAR	VASCULAR	VASCULAR	VASCULAR	VASCULAR	VASCULAR	VASCULAR	VASCULAR	VASCULAR	VASCULAR	VASCULAR	VASCULAR	UNLABELED	VASCULAR	VASCULAR	UNLABELED
1001000260.D10	VASCULAR	VASCULAR	VASCULAR	VASCULAR	VASCULAR	VASCULAR	VASCULAR	VASCULAR	VASCULAR	VASCULAR	VASCULAR	VASCULAR	VASCULAR	VASCULAR	UNLABELED	VASCULAR	VASCULAR	VASCULAR	VASCULAR	UNLABELED
1001000187.G5	NEURON	NEURON	NEURON	NEURON	NEURON	NEURON	NEURON	NEURON	NEURON	NEURON	NEURON	NEURON	NEURON	NEURON	NEURON	NEURON	NEURON	NEURON	NEURON	UNLABELED
1001000187.G5	NEURON	NEURON	NEURON	NEURON	NEURON	NEURON	NEURON	NEURON	NEURON	NEURON	NEURON	NEURON	NEURON	NEURON	NEURON	NEURON	NEURON	NEURON	NEURON	UNLABELED
1001000187.G10	NEURON	NEURON	NEURON	NEURON	NEURON	NEURON	NEURON	NEURON	NEURON	NEURON	NEURON	NEURON	NEURON	NEURON	NEURON	NEURON	NEURON	NEURON	NEURON	UNLABELED
1001000187.C6	NEURON	NEURON	NEURON	NEURON	NEURON	NEURON	NEURON	NEURON	NEURON	NEURON	NEURON	NEURON	NEURON	NEURON	NEURON	NEURON	NEURON	NEURON	NEURON	NEURON
1001000187.E9	NEURON	VASCULAR	UNLABELED	VASCULAR	NEURON	NEURON	IMMUNE_CELL	VASCULAR	NEURON	UNLABELED	VASCULAR	NEURON	IMMUNE_CELL	NEURON	UNLABELED	NEURON	UNLABELED	NEURON	NEOPLASTIC	UNLABELED
1001000186.E11	NEURON	NEURON	NEURON	NEURON	NEURON	NEURON	NEURON	NEURON	NEURON	NEURON	NEURON	NEURON	NEURON	NEURON	NEURON	NEURON	NEURON	NEURON	NEURON	UNLABELED
1001000187.H11	NEURON	NEURON	NEURON	NEURON	NEURON	NEURON	NEURON	NEURON	NEURON	NEURON	NEURON	NEURON	NEURON	NEURON	NEURON	NEURON	NEURON	NEURON	NEURON	UNLABELED
1001000187.C7	NEURON	NEURON	NEURON	NEURON	NEURON	NEURON	NEURON	NEURON	NEURON	NEURON	NEURON	NEURON	NEURON	NEURON	NEURON	NEURON	NEURON	NEURON	NEURON	UNLABELED
1001000187.E4	NEURON	NEURON	NEURON	NEURON	OPC	OPC	OPC	VASCULAR	NEURON	NEURON	NEURON	NEURON	NEURON	NEURON	UNLABELED	NEURON	NEURON	NEURON	NEURON	UNLABELED
1001000187.F3	NEURON	NEURON	NEURON	NEURON	NEURON	NEURON	NEURON	NEURON	NEURON	NEURON	NEURON	NEURON	NEURON	NEURON	NEURON	NEURON	NEURON	NEURON	NEURON	UNLABELED
1001000238.C3	IMMUNE_CELL	OLIGODENDROCYTE	UNLABELED	VASCULAR	ASTOCYTE	UNLABELED	IMMUNE_CELL	NEOPLASTIC	NEOPLASTIC	UNLABELED	IMMUNE_CELL	NEOPLASTIC	VASCULAR	IMMUNE_CELL	UNLABELED	UNLABELED	UNLABELED	IMMUNE_CELL	VASCULAR	UNLABELED
1001000176.A8	IMMUNE_CELL	IMMUNE_CELL	IMMUNE_CELL	IMMUNE_CELL	IMMUNE_CELL	IMMUNE_CELL	IMMUNE_CELL	IMMUNE_CELL	IMMUNE_CELL	IMMUNE_CELL	IMMUNE_CELL	IMMUNE_CELL	IMMUNE_CELL	IMMUNE_CELL	IMMUNE_CELL	IMMUNE_CELL	UNLABELED	IMMUNE_CELL	IMMUNE_CELL	UNLABELED
1001000231.H3	IMMUNE_CELL	IMMUNE_CELL	IMMUNE_CELL	IMMUNE_CELL	IMMUNE_CELL	IMMUNE_CELL	IMMUNE_CELL	IMMUNE_CELL	IMMUNE_CELL	IMMUNE_CELL	IMMUNE_CELL	IMMUNE_CELL	IMMUNE_CELL	IMMUNE_CELL	IMMUNE_CELL	IMMUNE_CELL	UNLABELED	IMMUNE_CELL	IMMUNE_CELL	IMMUNE_CELL
1001000241.F12	IMMUNE_CELL	IMMUNE_CELL	IMMUNE_CELL	IMMUNE_CELL	IMMUNE_CELL	IMMUNE_CELL	IMMUNE_CELL	VASCULAR	IMMUNE_CELL	IMMUNE_CELL	IMMUNE_CELL	IMMUNE_CELL	IMMUNE_CELL	IMMUNE_CELL	UNLABELED	IMMUNE_CELL	UNLABELED	IMMUNE_CELL	IMMUNE_CELL	UNLABELED
1001000241.E9	IMMUNE_CELL	IMMUNE_CELL	UNLABELED	IMMUNE_CELL	IMMUNE_CELL	IMMUNE_CELL	IMMUNE_CELL	NEOPLASTIC	IMMUNE_CELL	IMMUNE_CELL	IMMUNE_CELL	IMMUNE_CELL	IMMUNE_CELL	IMMUNE_CELL	UNLABELED	IMMUNE_CELL	UNLABELED	IMMUNE_CELL	IMMUNE_CELL	UNLABELED
1001000033.D9	IMMUNE_CELL	IMMUNE_CELL	IMMUNE_CELL	IMMUNE_CELL	IMMUNE_CELL	IMMUNE_CELL	IMMUNE_CELL	IMMUNE_CELL	IMMUNE_CELL	IMMUNE_CELL	IMMUNE_CELL	IMMUNE_CELL	IMMUNE_CELL	IMMUNE_CELL	IMMUNE_CELL	IMMUNE_CELL	IMMUNE_CELL	IMMUNE_CELL	IMMUNE_CELL	UNLABELED
1001000241.F7	IMMUNE_CELL	IMMUNE_CELL	IMMUNE_CELL	IMMUNE_CELL	IMMUNE_CELL	IMMUNE_CELL	IMMUNE_CELL	IMMUNE_CELL	IMMUNE_CELL	IMMUNE_CELL	IMMUNE_CELL	IMMUNE_CELL	OLIGODENDROCYTE	IMMUNE_CELL	IMMUNE_CELL	IMMUNE_CELL	IMMUNE_CELL	IMMUNE_CELL	IMMUNE_CELL	IMMUNE_CELL
1001000237.D4	IMMUNE_CELL	IMMUNE_CELL	UNLABELED	IMMUNE_CELL	IMMUNE_CELL	IMMUNE_CELL	IMMUNE_CELL	NEOPLASTIC	IMMUNE_CELL	IMMUNE_CELL	IMMUNE_CELL	IMMUNE_CELL	IMMUNE_CELL	IMMUNE_CELL	UNLABELED	IMMUNE_CELL	UNLABELED	IMMUNE_CELL	IMMUNE_CELL	IMMUNE_CELL
1001000238.E10	IMMUNE_CELL	IMMUNE_CELL	IMMUNE_CELL	IMMUNE_CELL	IMMUNE_CELL	IMMUNE_CELL	IMMUNE_CELL	IMMUNE_CELL	IMMUNE_CELL	IMMUNE_CELL	IMMUNE_CELL	IMMUNE_CELL	IMMUNE_CELL	IMMUNE_CELL	IMMUNE_CELL	IMMUNE_CELL	IMMUNE_CELL	IMMUNE_CELL	IMMUNE_CELL	UNLABELED
1001000229.C7	IMMUNE_CELL	IMMUNE_CELL	IMMUNE_CELL	IMMUNE_CELL	IMMUNE_CELL	IMMUNE_CELL	IMMUNE_CELL	IMMUNE_CELL	IMMUNE_CELL	IMMUNE_CELL	IMMUNE_CELL	IMMUNE_CELL	IMMUNE_CELL	IMMUNE_CELL	OPC	IMMUNE_CELL	IMMUNE_CELL	IMMUNE_CELL	IMMUNE_CELL	UNLABELED
1001000174.C6	NEOPLASTIC	VASCULAR	UNLABELED	VASCULAR	OPC	UNLABELED	IMMUNE_CELL	NEOPLASTIC	NEOPLASTIC	NEOPLASTIC	NEOPLASTIC	NEOPLASTIC	VASCULAR	NEOPLASTIC	UNLABELED	UNLABELED	UNLABELED	NEOPLASTIC	ASTOCYTE	UNLABELED
1001000259.H2	NEOPLASTIC	NEOPLASTIC	UNLABELED	NEOPLASTIC	OPC	UNLABELED	NEOPLASTIC	NEOPLASTIC	NEOPLASTIC	NEOPLASTIC	NEOPLASTIC	NEOPLASTIC	NEOPLASTIC	UNLABELED	UNLABELED	ASTOCYTE	UNLABELED	NEOPLASTIC	NEOPLASTIC	UNLABELED
1001000245.E1	NEOPLASTIC	NEOPLASTIC	NEOPLASTIC	NEOPLASTIC	NEOPLASTIC	NEOPLASTIC	NEOPLASTIC	IMMUNE_CELL	NEOPLASTIC	NEOPLASTIC	NEOPLASTIC	NEOPLASTIC	NEOPLASTIC	UNLABELED	UNLABELED	UNLABELED	UNLABELED	NEOPLASTIC	NEOPLASTIC	UNLABELED
1001000180.F4	NEOPLASTIC	NEOPLASTIC	UNLABELED	NEOPLASTIC	NEOPLASTIC	NEOPLASTIC	NEOPLASTIC	NEOPLASTIC	NEOPLASTIC	NEOPLASTIC	NEOPLASTIC	NEOPLASTIC	NEOPLASTIC	NEOPLASTIC	UNLABELED	UNLABELED	UNLABELED	NEOPLASTIC	NEOPLASTIC	UNLABELED
1001000258.G9	NEOPLASTIC	NEOPLASTIC	UNLABELED	NEOPLASTIC	NEOPLASTIC	NEOPLASTIC	NEOPLASTIC	NEOPLASTIC	NEOPLASTIC	NEOPLASTIC	NEOPLASTIC	NEOPLASTIC	OPC	NEOPLASTIC	OPC	UNLABELED	UNLABELED	NEOPLASTIC	NEOPLASTIC	NEURON
1001000258.D7	NEOPLASTIC	NEOPLASTIC	UNLABELED	NEOPLASTIC	NEOPLASTIC	NEOPLASTIC	NEOPLASTIC	NEOPLASTIC	NEOPLASTIC	NEOPLASTIC	NEOPLASTIC	NEOPLASTIC	OPC	NEOPLASTIC	OPC	OPC	UNLABELED	NEOPLASTIC	NEOPLASTIC	UNLABELED
1001000252.C6	NEOPLASTIC	NEOPLASTIC	NEOPLASTIC	NEOPLASTIC	NEOPLASTIC	NEOPLASTIC	NEOPLASTIC	NEOPLASTIC	NEOPLASTIC	NEOPLASTIC	NEOPLASTIC	NEOPLASTIC	NEOPLASTIC	NEOPLASTIC	UNLABELED	NEOPLASTIC	UNLABELED	NEOPLASTIC	NEOPLASTIC	UNLABELED
1001000037.G9	NEOPLASTIC	NEOPLASTIC	NEOPLASTIC	NEOPLASTIC	NEOPLASTIC	NEOPLASTIC	NEOPLASTIC	VASCULAR	NEOPLASTIC	NEOPLASTIC	NEOPLASTIC	NEOPLASTIC	NEOPLASTIC	NEOPLASTIC	UNLABELED	UNLABELED	UNLABELED	NEOPLASTIC	NEOPLASTIC	UNLABELED
1001000260.A7	NEOPLASTIC	NEOPLASTIC	UNLABELED	NEOPLASTIC	OPC	OPC	NEOPLASTIC	VASCULAR	NEOPLASTIC	NEOPLASTIC	NEOPLASTIC	NEOPLASTIC	NEOPLASTIC	UNLABELED	OPC	UNLABELED	UNLABELED	NEOPLASTIC	NEOPLASTIC	UNLABELED
1001000245.D11	NEOPLASTIC	NEOPLASTIC	NEOPLASTIC	NEOPLASTIC	NEOPLASTIC	NEOPLASTIC	NEOPLASTIC	NEOPLASTIC	NEOPLASTIC	NEOPLASTIC	NEOPLASTIC	NEOPLASTIC	NEOPLASTIC	NEOPLASTIC	UNLABELED	NEOPLASTIC	UNLABELED	NEOPLASTIC	NEOPLASTIC	UNLABELED
1001000181.B6	OPC	OPC	OPC	OPC	OPC	OPC	OPC	VASCULAR	OPC	OPC	OPC	OPC	OPC	OPC	OPC	OPC	OPC	OPC	OPC	UNLABELED
1001000181.A9	OPC	OPC	OPC	OPC	OPC	OPC	OPC	OPC	OPC	OPC	OPC	OPC	OPC	OPC	OPC	OPC	OPC	OPC	OPC	UNLABELED
1001000187.E5	OPC	OPC	OPC	OPC	OPC	OPC	OPC	VASCULAR	OPC	OPC	OPC	OPC	OPC	OPC	OPC	OPC	OPC	OPC	OPC	UNLABELED
1001000187.H7	OPC	OPC	OPC	OPC	OPC	OPC	OPC	OPC	OPC	OPC	OPC	OPC	OPC	OPC	OPC	OPC	OPC	OPC	OPC	UNLABELED
1001000186.C1	OPC	OPC	OPC	OPC	OPC	OPC	OPC	VASCULAR	OPC	OPC	OPC	OPC	OPC	OPC	OPC	OPC	OPC	OPC	OPC	UNLABELED
1001000185.G1	OPC	VASCULAR	UNLABELED	OPC	OPC	OPC	OLIGODENDROCYTE	NEOPLASTIC	OPC	OPC	OPC	OPC	VASCULAR	OPC	UNLABELED	OPC	UNLABELED	OPC	OPC	UNLABELED
1001000267.F12	OPC	OPC	UNLABELED	OPC	OPC	OPC	OPC	OPC	OPC	OPC	OPC	OPC	OPC	UNLABELED	OPC	OPC	OPC	OPC	OPC	UNLABELED
1001000187.B12	OPC	OPC	OPC	OPC	OPC	OPC	OPC	OPC	OPC	OPC	OPC	OPC	OPC	OPC	OPC	OPC	OPC	OPC	OPC	UNLABELED
1001000255.A10	OPC	OPC	OPC	OPC	OPC	OPC	OPC	NEOPLASTIC	OPC	OPC	OPC	OPC	OPC	OPC	OPC	OPC	UNLABELED	OPC	OPC	UNLABELED
1001000248.C11	OPC	OPC	OPC	OPC	OPC	OPC	OPC	VASCULAR	OPC	OPC	OPC	OPC	OPC	OPC	OPC	OPC	OPC	OPC	OPC	UNLABELED
1001000267.G10	ASTOCYTE	ASTOCYTE	ASTOCYTE	ASTOCYTE	ASTOCYTE	ASTOCYTE	ASTOCYTE	ASTOCYTE	ASTOCYTE	ASTOCYTE	ASTOCYTE	ASTOCYTE	ASTOCYTE	ASTOCYTE	ASTOCYTE	ASTOCYTE	ASTOCYTE	ASTOCYTE	ASTOCYTE	UNLABELED
1001000253.C6	ASTOCYTE	ASTOCYTE	ASTOCYTE	ASTOCYTE	OPC	OPC	ASTOCYTE	ASTOCYTE	ASTOCYTE	ASTOCYTE	ASTOCYTE	ASTOCYTE	ASTOCYTE	ASTOCYTE	ASTOCYTE	ASTOCYTE	ASTOCYTE	ASTOCYTE	ASTOCYTE	UNLABELED
1001000267.H10	ASTOCYTE	ASTOCYTE	ASTOCYTE	ASTOCYTE	ASTOCYTE	ASTOCYTE	ASTOCYTE	ASTOCYTE	ASTOCYTE	ASTOCYTE	ASTOCYTE	ASTOCYTE	ASTOCYTE	ASTOCYTE	ASTOCYTE	ASTOCYTE	ASTOCYTE	ASTOCYTE	ASTOCYTE	UNLABELED
1001000255.B5	ASTOCYTE	ASTOCYTE	ASTOCYTE	ASTOCYTE	ASTOCYTE	ASTOCYTE	ASTOCYTE	NEOPLASTIC	ASTOCYTE	ASTOCYTE	ASTOCYTE	ASTOCYTE	ASTOCYTE	ASTOCYTE	ASTOCYTE	ASTOCYTE	ASTOCYTE	ASTOCYTE	ASTOCYTE	UNLABELED
1001000255.G10	ASTOCYTE	ASTOCYTE	UNLABELED	ASTOCYTE	ASTOCYTE	ASTOCYTE	ASTOCYTE	ASTOCYTE	ASTOCYTE	ASTOCYTE	ASTOCYTE	ASTOCYTE	ASTOCYTE	ASTOCYTE	ASTOCYTE	ASTOCYTE	ASTOCYTE	ASTOCYTE	ASTOCYTE	UNLABELED
1001000253.E5	ASTOCYTE	ASTOCYTE	ASTOCYTE	ASTOCYTE	ASTOCYTE	ASTOCYTE	ASTOCYTE	VASCULAR	ASTOCYTE	ASTOCYTE	ASTOCYTE	ASTOCYTE	ASTOCYTE	ASTOCYTE	ASTOCYTE	ASTOCYTE	ASTOCYTE	ASTOCYTE	ASTOCYTE	UNLABELED
1001000180.F10	ASTOCYTE	ASTOCYTE	ASTOCYTE	ASTOCYTE	ASTOCYTE	ASTOCYTE	ASTOCYTE	ASTOCYTE	ASTOCYTE	ASTOCYTE	ASTOCYTE	ASTOCYTE	ASTOCYTE	ASTOCYTE	ASTOCYTE	ASTOCYTE	ASTOCYTE	ASTOCYTE	ASTOCYTE	ASTOCYTE
1001000186.E9	ASTOCYTE	ASTOCYTE	ASTOCYTE	ASTOCYTE	ASTOCYTE	ASTOCYTE	ASTOCYTE	ASTOCYTE	ASTOCYTE	ASTOCYTE	ASTOCYTE	ASTOCYTE	ASTOCYTE	ASTOCYTE	ASTOCYTE	ASTOCYTE	ASTOCYTE	ASTOCYTE	ASTOCYTE	ASTOCYTE
1001000180.G9	ASTOCYTE	ASTOCYTE	ASTOCYTE	ASTOCYTE	ASTOCYTE	ASTOCYTE	ASTOCYTE	ASTOCYTE	ASTOCYTE	ASTOCYTE	ASTOCYTE	ASTOCYTE	ASTOCYTE	ASTOCYTE	ASTOCYTE	ASTOCYTE	ASTOCYTE	ASTOCYTE	ASTOCYTE	UNLABELED
1001000255.A4	ASTOCYTE	ASTOCYTE	ASTOCYTE	ASTOCYTE	ASTOCYTE	ASTOCYTE	ASTOCYTE	ASTOCYTE	ASTOCYTE	ASTOCYTE	ASTOCYTE	ASTOCYTE	ASTOCYTE	ASTOCYTE	ASTOCYTE	ASTOCYTE	ASTOCYTE	ASTOCYTE	ASTOCYTE	UNLABELED
1001000036.E12	OLIGODENDROCYTE	OLIGODENDROCYTE	OLIGODENDROCYTE	OLIGODENDROCYTE	OLIGODENDROCYTE	OLIGODENDROCYTE	OLIGODENDROCYTE	VASCULAR	OLIGODENDROCYTE	OLIGODENDROCYTE	OLIGODENDROCYTE	OLIGODENDROCYTE	OLIGODENDROCYTE	OLIGODENDROCYTE	OLIGODENDROCYTE	OLIGODENDROCYTE	OLIGODENDROCYTE	OLIGODENDROCYTE	OLIGODENDROCYTE	UNLABELED
1001000173.D4	OLIGODENDROCYTE	OLIGODENDROCYTE	UNLABELED	OLIGODENDROCYTE	OPC	OPC	OLIGODENDROCYTE	NEOPLASTIC	OLIGODENDROCYTE	NEOPLASTIC	NEOPLASTIC	OLIGODENDROCYTE	OLIGODENDROCYTE	UNLABELED	OLIGODENDROCYTE	OLIGODENDROCYTE	UNLABELED	OLIGODENDROCYTE	OLIGODENDROCYTE	UNLABELED
1001000241.B9	OLIGODENDROCYTE	IMMUNE_CELL	UNLABELED	IMMUNE_CELL	OLIGODENDROCYTE	OLIGODENDROCYTE	IMMUNE_CELL	IMMUNE_CELL	IMMUNE_CELL	IMMUNE_CELL	OLIGODENDROCYTE	IMMUNE_CELL	OLIGODENDROCYTE	UNLABELED	OLIGODENDROCYTE	OLIGODENDROCYTE	UNLABELED	IMMUNE_CELL	OLIGODENDROCYTE	UNLABELED
1001000017.G5	OLIGODENDROCYTE	OLIGODENDROCYTE	OLIGODENDROCYTE	OLIGODENDROCYTE	OLIGODENDROCYTE	OLIGODENDROCYTE	OLIGODENDROCYTE	NEOPLASTIC	OLIGODENDROCYTE	OLIGODENDROCYTE	OLIGODENDROCYTE	OLIGODENDROCYTE	OLIGODENDROCYTE	OLIGODENDROCYTE	OLIGODENDROCYTE	OLIGODENDROCYTE	UNLABELED	OLIGODENDROCYTE	OLIGODENDROCYTE	UNLABELED
1001000018.C1	OLIGODENDROCYTE	OLIGODENDROCYTE	OLIGODENDROCYTE	OLIGODENDROCYTE	OLIGODENDROCYTE	OLIGODENDROCYTE	OLIGODENDROCYTE	NEOPLASTIC	OLIGODENDROCYTE	OLIGODENDROCYTE	OLIGODENDROCYTE	OLIGODENDROCYTE	OLIGODENDROCYTE	OLIGODENDROCYTE	OLIGODENDROCYTE	OLIGODENDROCYTE	UNLABELED	OLIGODENDROCYTE	OLIGODENDROCYTE	UNLABELED
1001000034.G7	OLIGODENDROCYTE	OLIGODENDROCYTE	OLIGODENDROCYTE	OLIGODENDROCYTE	OLIGODENDROCYTE	OLIGODENDROCYTE	OLIGODENDROCYTE	VASCULAR	OLIGODENDROCYTE	OLIGODENDROCYTE	OLIGODENDROCYTE	OLIGODENDROCYTE	OLIGODENDROCYTE	OLIGODENDROCYTE	OLIGODENDROCYTE	OLIGODENDROCYTE	UNLABELED	OLIGODENDROCYTE	OLIGODENDROCYTE	UNLABELED
1001000233.C4	OLIGODENDROCYTE	OLIGODENDROCYTE	OLIGODENDROCYTE	OLIGODENDROCYTE	OLIGODENDROCYTE	OLIGODENDROCYTE	OLIGODENDROCYTE	VASCULAR	OLIGODENDROCYTE	OLIGODENDROCYTE	OLIGODENDROCYTE	OLIGODENDROCYTE	OLIGODENDROCYTE	OLIGODENDROCYTE	OLIGODENDROCYTE	OLIGODENDROCYTE	UNLABELED	OLIGODENDROCYTE	OLIGODENDROCYTE	UNLABELED
1001000036.E5	OLIGODENDROCYTE	OLIGODENDROCYTE	OLIGODENDROCYTE	OLIGODENDROCYTE	OLIGODENDROCYTE	OLIGODENDROCYTE	OLIGODENDROCYTE	OLIGODENDROCYTE	OLIGODENDROCYTE	OLIGODENDROCYTE	OLIGODENDROCYTE	OLIGODENDROCYTE	OLIGODENDROCYTE	OLIGODENDROCYTE	OLIGODENDROCYTE	OLIGODENDROCYTE	OLIGODENDROCYTE	OLIGODENDROCYTE	OLIGODENDROCYTE	UNLABELED
1001000014.D6	OLIGODENDROCYTE	OLIGODENDROCYTE	OLIGODENDROCYTE	OLIGODENDROCYTE	OLIGODENDROCYTE	OLIGODENDROCYTE	OLIGODENDROCYTE	NEOPLASTIC	OLIGODENDROCYTE	OLIGODENDROCYTE	OLIGODENDROCYTE	OLIGODENDROCYTE	OLIGODENDROCYTE	OLIGODENDROCYTE	OLIGODENDROCYTE	OLIGODENDROCYTE	UNLABELED	OLIGODENDROCYTE	OLIGODENDROCYTE	UNLABELED
1001000267.G11	OLIGODENDROCYTE	OLIGODENDROCYTE	OLIGODENDROCYTE	OLIGODENDROCYTE	OLIGODENDROCYTE	OLIGODENDROCYTE	OLIGODENDROCYTE	OLIGODENDROCYTE	OLIGODENDROCYTE	OLIGODENDROCYTE	OLIGODENDROCYTE	OLIGODENDROCYTE	OLIGODENDROCYTE	OLIGODENDROCYTE	OLIGODENDROCYTE	OLIGODENDROCYTE	OLIGODENDROCYTE	OLIGODENDROCYTE	OLIGODENDROCYTE	UNLABELED
1001000247.H7	VASCULAR	VASCULAR	VASCULAR	VASCULAR	VASCULAR	VASCULAR	VASCULAR	VASCULAR	VASCULAR	VASCULAR	VASCULAR	VASCULAR	VASCULAR	VASCULAR	VASCULAR	VASCULAR	VASCULAR	VASCULAR	VASCULAR	UNLABELED
1001000231.B10	VASCULAR	IMMUNE_CELL	UNLABELED	IMMUNE_CELL	IMMUNE_CELL	IMMUNE_CELL	IMMUNE_CELL	NEOPLASTIC	NEOPLASTIC	IMMUNE_CELL	VASCULAR	NEOPLASTIC	IMMUNE_CELL	IMMUNE_CELL	UNLABELED	IMMUNE_CELL	UNLABELED	IMMUNE_CELL	NEOPLASTIC	UNLABELED
1001000032.G12	VASCULAR	VASCULAR	VASCULAR	VASCULAR	VASCULAR	VASCULAR	VASCULAR	VASCULAR	VASCULAR	VASCULAR	VASCULAR	VASCULAR	VASCULAR	VASCULAR	VASCULAR	VASCULAR	UNLABELED	VASCULAR	VASCULAR	UNLABELED
1001000031.C5	VASCULAR	VASCULAR	VASCULAR	VASCULAR	VASCULAR	VASCULAR	VASCULAR	VASCULAR	VASCULAR	VASCULAR	VASCULAR	VASCULAR	VASCULAR	UNLABELED	VASCULAR	VASCULAR	UNLABELED	VASCULAR	VASCULAR	UNLABELED
1001000031.B10	VASCULAR	VASCULAR	VASCULAR	VASCULAR	VASCULAR	VASCULAR	VASCULAR	VASCULAR	VASCULAR	VASCULAR	VASCULAR	VASCULAR	VASCULAR	VASCULAR	VASCULAR	VASCULAR	UNLABELED	VASCULAR	VASCULAR	UNLABELED
1001000032.D11	VASCULAR	VASCULAR	VASCULAR	VASCULAR	VASCULAR	VASCULAR	VASCULAR	VASCULAR	VASCULAR	VASCULAR	VASCULAR	VASCULAR	VASCULAR	VASCULAR	VASCULAR	VASCULAR	UNLABELED	VASCULAR	VASCULAR	UNLABELED
1001000031.E5	VASCULAR	VASCULAR	VASCULAR	VASCULAR	IMMUNE_CELL	IMMUNE_CELL	VASCULAR	VASCULAR	VASCULAR	VASCULAR	VASCULAR	VASCULAR	VASCULAR	UNLABELED	VASCULAR	VASCULAR	UNLABELED	VASCULAR	VASCULAR	UNLABELED
1001000260.H5	VASCULAR	VASCULAR	VASCULAR	VASCULAR	IMMUNE_CELL	IMMUNE_CELL	VASCULAR	VASCULAR	VASCULAR	VASCULAR	VASCULAR	VASCULAR	VASCULAR	VASCULAR	VASCULAR	VASCULAR	UNLABELED	VASCULAR	VASCULAR	UNLABELED
1001000032.F1	VASCULAR	VASCULAR	VASCULAR	VASCULAR	VASCULAR	VASCULAR	VASCULAR	VASCULAR	VASCULAR	VASCULAR	VASCULAR	VASCULAR	VASCULAR	VASCULAR	VASCULAR	VASCULAR	VASCULAR	VASCULAR	VASCULAR	UNLABELED
1001000271.E1	VASCULAR	VASCULAR	VASCULAR	VASCULAR	VASCULAR	VASCULAR	VASCULAR	VASCULAR	VASCULAR	VASCULAR	VASCULAR	VASCULAR	NEOPLASTIC	VASCULAR	VASCULAR	VASCULAR	UNLABELED	VASCULAR	VASCULAR	UNLABELED
1001000187.G5	NEURON	NEURON	NEURON	NEURON	NEURON	NEURON	NEURON	NEURON	NEURON	NEURON	NEURON	NEURON	NEURON	NEURON	NEURON	NEURON	NEURON	NEURON	NEURON	UNLABELED
1001000187.F6	NEURON	NEURON	NEURON	NEURON	NEURON	NEURON	OPC	VASCULAR	NEURON	NEURON	NEURON	NEURON	NEURON	NEURON	UNLABELED	NEURON	NEURON	NEURON	NEURON	UNLABELED
1001000187.F3	NEURON	NEURON	NEURON	NEURON	NEURON	NEURON	NEURON	NEURON	NEURON	NEURON	NEURON	NEURON	NEURON	NEURON	NEURON	NEURON	NEURON	NEURON	NEURON	UNLABELED
1001000175.H9	NEURON	NEURON	UNLABELED	NEURON	NEURON	NEURON	IMMUNE_CELL	VASCULAR	NEURON	NEURON	NEURON	NEOPLASTIC	NEURON	UNLABELED	UNLABELED	UNLABELED	UNLABELED	NEOPLASTIC	NEURON	UNLABELED
1001000187.F6	NEURON	NEURON	NEURON	NEURON	NEURON	NEURON	OPC	VASCULAR	NEURON	NEURON	NEURON	NEURON	NEURON	NEURON	UNLABELED	NEURON	NEURON	NEURON	NEURON	UNLABELED
1001000187.E12	NEURON	NEURON	NEURON	NEURON	NEURON	NEURON	NEURON	NEURON	NEURON	NEURON	NEURON	NEURON	NEURON	NEURON	NEURON	NEURON	NEURON	NEURON	NEURON	UNLABELED
1001000187.H11	NEURON	NEURON	NEURON	NEURON	NEURON	NEURON	NEURON	NEURON	NEURON	NEURON	NEURON	NEURON	NEURON	NEURON	NEURON	NEURON	NEURON	NEURON	NEURON	UNLABELED
1001000175.H9	NEURON	NEURON	UNLABELED	NEURON	NEURON	NEURON	IMMUNE_CELL	VASCULAR	NEURON	NEURON	NEURON	NEOPLASTIC	NEURON	UNLABELED	UNLABELED	UNLABELED	UNLABELED	NEOPLASTIC	NEURON	UNLABELED
1001000186.E7	NEURON	NEURON	NEURON	NEURON	NEURON	NEURON	NEURON	NEURON	NEURON	NEURON	NEURON	NEURON	NEURON	NEURON	NEURON	NEURON	NEURON	NEURON	NEURON	UNLABELED
1001000187.E12	NEURON	NEURON	NEURON	NEURON	NEURON	NEURON	NEURON	NEURON	NEURON	NEURON	NEURON	NEURON	NEURON	NEURON	NEURON	NEURON	NEURON	NEURON	NEURON	UNLABELED
1001000179.E5	IMMUNE_CELL	IMMUNE_CELL	IMMUNE_CELL	IMMUNE_CELL	IMMUNE_CELL	IMMUNE_CELL	IMMUNE_CELL	VASCULAR	IMMUNE_CELL	IMMUNE_CELL	IMMUNE_CELL	IMMUNE_CELL	IMMUNE_CELL	IMMUNE_CELL	IMMUNE_CELL	IMMUNE_CELL	UNLABELED	IMMUNE_CELL	IMMUNE_CELL	UNLABELED
1001000177.H10	IMMUNE_CELL	IMMUNE_CELL	IMMUNE_CELL	IMMUNE_CELL	IMMUNE_CELL	IMMUNE_CELL	IMMUNE_CELL	IMMUNE_CELL	IMMUNE_CELL	IMMUNE_CELL	IMMUNE_CELL	IMMUNE_CELL	IMMUNE_CELL	IMMUNE_CELL	IMMUNE_CELL	IMMUNE_CELL	UNLABELED	IMMUNE_CELL	IMMUNE_CELL	IMMUNE_CELL
1001000178.A8	IMMUNE_CELL	IMMUNE_CELL	IMMUNE_CELL	IMMUNE_CELL	IMMUNE_CELL	IMMUNE_CELL	IMMUNE_CELL	VASCULAR	IMMUNE_CELL	IMMUNE_CELL	IMMUNE_CELL	IMMUNE_CELL	IMMUNE_CELL	IMMUNE_CELL	IMMUNE_CELL	IMMUNE_CELL	UNLABELED	IMMUNE_CELL	IMMUNE_CELL	UNLABELED
1001000239.E9	IMMUNE_CELL	IMMUNE_CELL	IMMUNE_CELL	IMMUNE_CELL	IMMUNE_CELL	IMMUNE_CELL	IMMUNE_CELL	VASCULAR	IMMUNE_CELL	IMMUNE_CELL	IMMUNE_CELL	IMMUNE_CELL	IMMUNE_CELL	IMMUNE_CELL	UNLABELED	IMMUNE_CELL	UNLABELED	IMMUNE_CELL	IMMUNE_CELL	UNLABELED
1001000036.D2	IMMUNE_CELL	IMMUNE_CELL	IMMUNE_CELL	IMMUNE_CELL	IMMUNE_CELL	IMMUNE_CELL	IMMUNE_CELL	VASCULAR	IMMUNE_CELL	IMMUNE_CELL	IMMUNE_CELL	IMMUNE_CELL	IMMUNE_CELL	IMMUNE_CELL	IMMUNE_CELL	IMMUNE_CELL	UNLABELED	IMMUNE_CELL	IMMUNE_CELL	UNLABELED
1001000176.B3	IMMUNE_CELL	IMMUNE_CELL	IMMUNE_CELL	IMMUNE_CELL	IMMUNE_CELL	IMMUNE_CELL	IMMUNE_CELL	IMMUNE_CELL	IMMUNE_CELL	IMMUNE_CELL	IMMUNE_CELL	IMMUNE_CELL	IMMUNE_CELL	IMMUNE_CELL	IMMUNE_CELL	IMMUNE_CELL	IMMUNE_CELL	IMMUNE_CELL	IMMUNE_CELL	IMMUNE_CELL
1001000178.E9	IMMUNE_CELL	IMMUNE_CELL	IMMUNE_CELL	IMMUNE_CELL	IMMUNE_CELL	IMMUNE_CELL	IMMUNE_CELL	VASCULAR	IMMUNE_CELL	IMMUNE_CELL	IMMUNE_CELL	IMMUNE_CELL	IMMUNE_CELL	IMMUNE_CELL	IMMUNE_CELL	IMMUNE_CELL	IMMUNE_CELL	IMMUNE_CELL	IMMUNE_CELL	UNLABELED
1001000229.H2	IMMUNE_CELL	IMMUNE_CELL	IMMUNE_CELL	IMMUNE_CELL	IMMUNE_CELL	IMMUNE_CELL	IMMUNE_CELL	IMMUNE_CELL	IMMUNE_CELL	IMMUNE_CELL	IMMUNE_CELL	IMMUNE_CELL	IMMUNE_CELL	IMMUNE_CELL	IMMUNE_CELL	IMMUNE_CELL	IMMUNE_CELL	IMMUNE_CELL	IMMUNE_CELL	UNLABELED
1001000229.H6	IMMUNE_CELL	IMMUNE_CELL	IMMUNE_CELL	IMMUNE_CELL	IMMUNE_CELL	IMMUNE_CELL	IMMUNE_CELL	IMMUNE_CELL	IMMUNE_CELL	IMMUNE_CELL	IMMUNE_CELL	IMMUNE_CELL	IMMUNE_CELL	IMMUNE_CELL	IMMUNE_CELL	IMMUNE_CELL	IMMUNE_CELL	IMMUNE_CELL	IMMUNE_CELL	UNLABELED
1001000270.D1	IMMUNE_CELL	IMMUNE_CELL	UNLABELED	IMMUNE_CELL	IMMUNE_CELL	IMMUNE_CELL	IMMUNE_CELL	VASCULAR	IMMUNE_CELL	IMMUNE_CELL	IMMUNE_CELL	IMMUNE_CELL	IMMUNE_CELL	IMMUNE_CELL	UNLABELED	UNLABELED	UNLABELED	IMMUNE_CELL	IMMUNE_CELL	UNLABELED
1001000173.E10	NEOPLASTIC	NEOPLASTIC	NEOPLASTIC	NEOPLASTIC	NEOPLASTIC	NEOPLASTIC	NEOPLASTIC	NEOPLASTIC	NEOPLASTIC	NEOPLASTIC	NEOPLASTIC	NEOPLASTIC	NEOPLASTIC	NEOPLASTIC	NEOPLASTIC	UNLABELED	UNLABELED	NEOPLASTIC	NEOPLASTIC	UNLABELED
1001000183.D6	NEOPLASTIC	NEOPLASTIC	NEOPLASTIC	NEOPLASTIC	NEOPLASTIC	NEOPLASTIC	NEOPLASTIC	VASCULAR	NEOPLASTIC	NEOPLASTIC	NEOPLASTIC	NEOPLASTIC	NEOPLASTIC	UNLABELED	NEOPLASTIC	UNLABELED	UNLABELED	NEOPLASTIC	NEOPLASTIC	UNLABELED
1001000182.B3	NEOPLASTIC	NEOPLASTIC	NEOPLASTIC	NEOPLASTIC	NEOPLASTIC	NEOPLASTIC	NEOPLASTIC	IMMUNE_CELL	NEOPLASTIC	NEOPLASTIC	NEOPLASTIC	NEOPLASTIC	NEOPLASTIC	UNLABELED	NEOPLASTIC	NEOPLASTIC	UNLABELED	NEOPLASTIC	NEOPLASTIC	UNLABELED
1001000245.B8	NEOPLASTIC	NEOPLASTIC	NEOPLASTIC	NEOPLASTIC	NEOPLASTIC	NEOPLASTIC	NEOPLASTIC	VASCULAR	NEOPLASTIC	NEOPLASTIC	NEOPLASTIC	NEOPLASTIC	NEOPLASTIC	NEOPLASTIC	NEOPLASTIC	ASTOCYTE	UNLABELED	NEOPLASTIC	NEOPLASTIC	UNLABELED
1001000184.A8	NEOPLASTIC	NEOPLASTIC	NEOPLASTIC	NEOPLASTIC	NEOPLASTIC	NEOPLASTIC	NEOPLASTIC	VASCULAR	NEOPLASTIC	NEOPLASTIC	NEOPLASTIC	NEOPLASTIC	NEOPLASTIC	NEOPLASTIC	NEOPLASTIC	NEOPLASTIC	UNLABELED	NEOPLASTIC	NEOPLASTIC	UNLABELED
1001000182.C4	NEOPLASTIC	NEOPLASTIC	NEOPLASTIC	NEOPLASTIC	NEOPLASTIC	NEOPLASTIC	NEOPLASTIC	NEOPLASTIC	NEOPLASTIC	NEOPLASTIC	NEOPLASTIC	NEOPLASTIC	ASTOCYTE	NEOPLASTIC	NEOPLASTIC	UNLABELED	UNLABELED	NEOPLASTIC	NEOPLASTIC	UNLABELED
1001000249.F2	NEOPLASTIC	NEOPLASTIC	UNLABELED	NEOPLASTIC	NEOPLASTIC	NEOPLASTIC	NEOPLASTIC	VASCULAR	NEOPLASTIC	NEOPLASTIC	NEOPLASTIC	NEOPLASTIC	NEOPLASTIC	NEOPLASTIC	NEOPLASTIC	UNLABELED	UNLABELED	NEOPLASTIC	NEOPLASTIC	UNLABELED
1001000175.D1	NEOPLASTIC	NEOPLASTIC	NEOPLASTIC	NEOPLASTIC	NEOPLASTIC	NEOPLASTIC	NEOPLASTIC	NEOPLASTIC	NEOPLASTIC	NEOPLASTIC	NEOPLASTIC	NEOPLASTIC	NEOPLASTIC	NEOPLASTIC	NEOPLASTIC	NEOPLASTIC	UNLABELED	NEOPLASTIC	NEOPLASTIC	UNLABELED
1001000179.B12	NEOPLASTIC	VASCULAR	UNLABELED	VASCULAR	ASTOCYTE	ASTOCYTE	IMMUNE_CELL	VASCULAR	VASCULAR	UNLABELED	NEURON	UNLABELED	IMMUNE_CELL	UNLABELED	UNLABELED	UNLABELED	UNLABELED	IMMUNE_CELL	VASCULAR	UNLABELED
1001000183.A4	NEOPLASTIC	NEOPLASTIC	NEOPLASTIC	NEOPLASTIC	NEOPLASTIC	NEOPLASTIC	NEOPLASTIC	NEOPLASTIC	NEOPLASTIC	NEOPLASTIC	NEOPLASTIC	NEOPLASTIC	NEOPLASTIC	NEOPLASTIC	NEOPLASTIC	NEOPLASTIC	NEOPLASTIC	NEOPLASTIC	NEOPLASTIC	UNLABELED
1001000248.H8	OPC	OPC	OPC	OPC	OPC	OPC	OPC	NEURON	OPC	OPC	OPC	OPC	OPC	OPC	OPC	OPC	OPC	OPC	OPC	UNLABELED
1001000247.C9	OPC	OPC	OPC	OPC	OPC	OPC	OPC	VASCULAR	OPC	OPC	OPC	OPC	OPC	OPC	UNLABELED	OPC	UNLABELED	OPC	OPC	UNLABELED
1001000187.F2	OPC	OPC	OPC	OPC	OPC	OPC	OPC	OPC	OPC	OPC	OPC	OPC	OPC	OPC	OPC	OPC	OPC	OPC	OPC	UNLABELED
1001000253.H9	OPC	OPC	OPC	OPC	OPC	OPC	OPC	VASCULAR	OPC	OPC	OPC	OPC	OPC	OPC	UNLABELED	OPC	OPC	OPC	OPC	UNLABELED
1001000187.G8	OPC	OPC	OPC	OPC	OPC	OPC	OPC	OPC	OPC	OPC	OPC	OPC	OPC	OPC	OPC	OPC	OPC	OPC	OPC	UNLABELED
1001000180.F2	OPC	OPC	OPC	OPC	OPC	OPC	OPC	NEURON	OPC	OPC	OPC	OPC	OPC	OPC	OPC	OPC	OPC	OPC	OPC	UNLABELED
1001000187.G11	OPC	OPC	OPC	OPC	OPC	OPC	OPC	NEURON	OPC	OPC	OPC	OPC	OPC	OPC	OPC	OPC	UNLABELED	OPC	OPC	UNLABELED
1001000184.C8	OPC	NEOPLASTIC	UNLABELED	OPC	OPC	UNLABELED	NEOPLASTIC	NEOPLASTIC	NEOPLASTIC	OPC	NEOPLASTIC	NEOPLASTIC	NEOPLASTIC	UNLABELED	NEOPLASTIC	UNLABELED	UNLABELED	NEOPLASTIC	NEOPLASTIC	UNLABELED
1001000254.G2	OPC	OPC	OPC	OPC	OPC	OPC	OPC	VASCULAR	OPC	OPC	OPC	OPC	OPC	OPC	UNLABELED	OPC	OPC	OPC	OPC	UNLABELED
1001000253.F9	OPC	OPC	OPC	OPC	OPC	OPC	OPC	NEURON	OPC	OPC	OPC	OPC	OPC	OPC	UNLABELED	OPC	OPC	OPC	OPC	UNLABELED
1001000181.E1	ASTOCYTE	ASTOCYTE	ASTOCYTE	ASTOCYTE	ASTOCYTE	ASTOCYTE	ASTOCYTE	ASTOCYTE	ASTOCYTE	ASTOCYTE	ASTOCYTE	ASTOCYTE	ASTOCYTE	ASTOCYTE	ASTOCYTE	ASTOCYTE	ASTOCYTE	ASTOCYTE	ASTOCYTE	UNLABELED
1001000253.E9	ASTOCYTE	ASTOCYTE	UNLABELED	ASTOCYTE	ASTOCYTE	ASTOCYTE	ASTOCYTE	NEURON	ASTOCYTE	ASTOCYTE	ASTOCYTE	ASTOCYTE	ASTOCYTE	ASTOCYTE	ASTOCYTE	ASTOCYTE	ASTOCYTE	ASTOCYTE	ASTOCYTE	UNLABELED
1001000267.A1	ASTOCYTE	ASTOCYTE	ASTOCYTE	ASTOCYTE	ASTOCYTE	ASTOCYTE	ASTOCYTE	ASTOCYTE	ASTOCYTE	ASTOCYTE	ASTOCYTE	ASTOCYTE	ASTOCYTE	ASTOCYTE	ASTOCYTE	ASTOCYTE	ASTOCYTE	ASTOCYTE	ASTOCYTE	UNLABELED
1001000018.D10	ASTOCYTE	NEOPLASTIC	UNLABELED	NEOPLASTIC	NEOPLASTIC	NEOPLASTIC	NEOPLASTIC	VASCULAR	NEOPLASTIC	NEOPLASTIC	NEOPLASTIC	NEOPLASTIC	OPC	NEOPLASTIC	NEOPLASTIC	ASTOCYTE	UNLABELED	NEOPLASTIC	NEOPLASTIC	UNLABELED
1001000267.C7	ASTOCYTE	ASTOCYTE	UNLABELED	ASTOCYTE	ASTOCYTE	UNLABELED	ASTOCYTE	VASCULAR	ASTOCYTE	ASTOCYTE	NEOPLASTIC	NEOPLASTIC	NEOPLASTIC	UNLABELED	ASTOCYTE	ASTOCYTE	UNLABELED	NEOPLASTIC	ASTOCYTE	UNLABELED
1001000254.C11	ASTOCYTE	ASTOCYTE	UNLABELED	ASTOCYTE	ASTOCYTE	ASTOCYTE	ASTOCYTE	VASCULAR	ASTOCYTE	ASTOCYTE	ASTOCYTE	ASTOCYTE	ASTOCYTE	ASTOCYTE	ASTOCYTE	ASTOCYTE	UNLABELED	ASTOCYTE	ASTOCYTE	UNLABELED
1001000187.H1	ASTOCYTE	ASTOCYTE	ASTOCYTE	ASTOCYTE	ASTOCYTE	ASTOCYTE	ASTOCYTE	ASTOCYTE	ASTOCYTE	ASTOCYTE	ASTOCYTE	ASTOCYTE	ASTOCYTE	ASTOCYTE	ASTOCYTE	ASTOCYTE	ASTOCYTE	ASTOCYTE	ASTOCYTE	UNLABELED
1001000267.H11	ASTOCYTE	NEOPLASTIC	UNLABELED	NEOPLASTIC	ASTOCYTE	ASTOCYTE	IMMUNE_CELL	VASCULAR	NEOPLASTIC	NEOPLASTIC	NEOPLASTIC	UNLABELED	NEOPLASTIC	UNLABELED	UNLABELED	UNLABELED	UNLABELED	NEOPLASTIC	NEOPLASTIC	UNLABELED
1001000255.E9	ASTOCYTE	ASTOCYTE	ASTOCYTE	ASTOCYTE	ASTOCYTE	ASTOCYTE	ASTOCYTE	ASTOCYTE	ASTOCYTE	ASTOCYTE	ASTOCYTE	ASTOCYTE	ASTOCYTE	ASTOCYTE	ASTOCYTE	ASTOCYTE	ASTOCYTE	ASTOCYTE	ASTOCYTE	UNLABELED
1001000253.G12	ASTOCYTE	ASTOCYTE	ASTOCYTE	ASTOCYTE	ASTOCYTE	ASTOCYTE	ASTOCYTE	ASTOCYTE	ASTOCYTE	ASTOCYTE	ASTOCYTE	ASTOCYTE	ASTOCYTE	ASTOCYTE	ASTOCYTE	ASTOCYTE	ASTOCYTE	ASTOCYTE	ASTOCYTE	UNLABELED
1001000014.G12	OLIGODENDROCYTE	OLIGODENDROCYTE	OLIGODENDROCYTE	OLIGODENDROCYTE	OLIGODENDROCYTE	OLIGODENDROCYTE	OLIGODENDROCYTE	VASCULAR	OLIGODENDROCYTE	OLIGODENDROCYTE	OLIGODENDROCYTE	OLIGODENDROCYTE	OLIGODENDROCYTE	OLIGODENDROCYTE	OLIGODENDROCYTE	OLIGODENDROCYTE	UNLABELED	OLIGODENDROCYTE	OLIGODENDROCYTE	UNLABELED
1001000036.D11	OLIGODENDROCYTE	OLIGODENDROCYTE	OLIGODENDROCYTE	OLIGODENDROCYTE	OLIGODENDROCYTE	OLIGODENDROCYTE	OLIGODENDROCYTE	VASCULAR	OLIGODENDROCYTE	OLIGODENDROCYTE	OLIGODENDROCYTE	OLIGODENDROCYTE	OLIGODENDROCYTE	OLIGODENDROCYTE	OLIGODENDROCYTE	OLIGODENDROCYTE	UNLABELED	OLIGODENDROCYTE	OLIGODENDROCYTE	UNLABELED
1001000036.B9	OLIGODENDROCYTE	OLIGODENDROCYTE	OLIGODENDROCYTE	OLIGODENDROCYTE	OLIGODENDROCYTE	OLIGODENDROCYTE	OLIGODENDROCYTE	VASCULAR	OLIGODENDROCYTE	OLIGODENDROCYTE	OLIGODENDROCYTE	OLIGODENDROCYTE	OLIGODENDROCYTE	OLIGODENDROCYTE	OLIGODENDROCYTE	OLIGODENDROCYTE	OLIGODENDROCYTE	OLIGODENDROCYTE	OLIGODENDROCYTE	UNLABELED
1001000017.C10	OLIGODENDROCYTE	OLIGODENDROCYTE	OLIGODENDROCYTE	OLIGODENDROCYTE	OLIGODENDROCYTE	OLIGODENDROCYTE	OLIGODENDROCYTE	VASCULAR	OLIGODENDROCYTE	OLIGODENDROCYTE	OLIGODENDROCYTE	OLIGODENDROCYTE	OLIGODENDROCYTE	OLIGODENDROCYTE	OLIGODENDROCYTE	OLIGODENDROCYTE	UNLABELED	OLIGODENDROCYTE	OLIGODENDROCYTE	UNLABELED
1001000267.H8	OLIGODENDROCYTE	OLIGODENDROCYTE	OLIGODENDROCYTE	OLIGODENDROCYTE	OLIGODENDROCYTE	OLIGODENDROCYTE	OLIGODENDROCYTE	VASCULAR	OLIGODENDROCYTE	OLIGODENDROCYTE	OLIGODENDROCYTE	OLIGODENDROCYTE	OLIGODENDROCYTE	OLIGODENDROCYTE	OLIGODENDROCYTE	OLIGODENDROCYTE	UNLABELED	OLIGODENDROCYTE	OLIGODENDROCYTE	UNLABELED
1001000034.C11	OLIGODENDROCYTE	OLIGODENDROCYTE	OLIGODENDROCYTE	OLIGODENDROCYTE	OLIGODENDROCYTE	OLIGODENDROCYTE	OLIGODENDROCYTE	VASCULAR	OLIGODENDROCYTE	OLIGODENDROCYTE	OLIGODENDROCYTE	OLIGODENDROCYTE	OLIGODENDROCYTE	OLIGODENDROCYTE	OLIGODENDROCYTE	OLIGODENDROCYTE	OLIGODENDROCYTE	OLIGODENDROCYTE	OLIGODENDROCYTE	UNLABELED
1001000014.E6	OLIGODENDROCYTE	OLIGODENDROCYTE	OLIGODENDROCYTE	OLIGODENDROCYTE	OLIGODENDROCYTE	OLIGODENDROCYTE	OLIGODENDROCYTE	VASCULAR	OLIGODENDROCYTE	OLIGODENDROCYTE	OLIGODENDROCYTE	OLIGODENDROCYTE	OLIGODENDROCYTE	OLIGODENDROCYTE	OLIGODENDROCYTE	OLIGODENDROCYTE	OLIGODENDROCYTE	OLIGODENDROCYTE	OLIGODENDROCYTE	UNLABELED
1001000036.G3	OLIGODENDROCYTE	OLIGODENDROCYTE	OLIGODENDROCYTE	OLIGODENDROCYTE	OLIGODENDROCYTE	OLIGODENDROCYTE	OLIGODENDROCYTE	VASCULAR	OLIGODENDROCYTE	OLIGODENDROCYTE	OLIGODENDROCYTE	OLIGODENDROCYTE	OLIGODENDROCYTE	OLIGODENDROCYTE	OLIGODENDROCYTE	OLIGODENDROCYTE	OLIGODENDROCYTE	OLIGODENDROCYTE	OLIGODENDROCYTE	UNLABELED
1001000019.F9	OLIGODENDROCYTE	OLIGODENDROCYTE	OLIGODENDROCYTE	OLIGODENDROCYTE	OLIGODENDROCYTE	OLIGODENDROCYTE	OLIGODENDROCYTE	OLIGODENDROCYTE	OLIGODENDROCYTE	OLIGODENDROCYTE	OLIGODENDROCYTE	OLIGODENDROCYTE	OLIGODENDROCYTE	OLIGODENDROCYTE	OLIGODENDROCYTE	OLIGODENDROCYTE	OLIGODENDROCYTE	OLIGODENDROCYTE	OLIGODENDROCYTE	UNLABELED
1001000180.F5	OLIGODENDROCYTE	OLIGODENDROCYTE	OLIGODENDROCYTE	OLIGODENDROCYTE	OLIGODENDROCYTE	OLIGODENDROCYTE	OLIGODENDROCYTE	VASCULAR	OLIGODENDROCYTE	OLIGODENDROCYTE	OLIGODENDROCYTE	OLIGODENDROCYTE	OLIGODENDROCYTE	OLIGODENDROCYTE	OLIGODENDROCYTE	OLIGODENDROCYTE	OLIGODENDROCYTE	OLIGODENDROCYTE	OLIGODENDROCYTE	UNLABELED
1001000271.C2	VASCULAR	VASCULAR	VASCULAR	VASCULAR	VASCULAR	VASCULAR	VASCULAR	VASCULAR	VASCULAR	VASCULAR	VASCULAR	VASCULAR	VASCULAR	VASCULAR	VASCULAR	VASCULAR	UNLABELED	VASCULAR	VASCULAR	UNLABELED
1001000239.C2	VASCULAR	VASCULAR	VASCULAR	VASCULAR	VASCULAR	VASCULAR	VASCULAR	VASCULAR	VASCULAR	VASCULAR	VASCULAR	VASCULAR	VASCULAR	VASCULAR	VASCULAR	VASCULAR	UNLABELED	VASCULAR	VASCULAR	UNLABELED
1001000032.F10	VASCULAR	VASCULAR	VASCULAR	VASCULAR	VASCULAR	VASCULAR	VASCULAR	VASCULAR	VASCULAR	VASCULAR	VASCULAR	VASCULAR	VASCULAR	VASCULAR	VASCULAR	VASCULAR	UNLABELED	VASCULAR	VASCULAR	UNLABELED
1001000271.D1	VASCULAR	VASCULAR	VASCULAR	VASCULAR	VASCULAR	VASCULAR	VASCULAR	VASCULAR	VASCULAR	VASCULAR	VASCULAR	VASCULAR	VASCULAR	VASCULAR	UNLABELED	VASCULAR	UNLABELED	VASCULAR	VASCULAR	UNLABELED
1001000238.D5	VASCULAR	VASCULAR	VASCULAR	VASCULAR	VASCULAR	VASCULAR	VASCULAR	VASCULAR	VASCULAR	VASCULAR	VASCULAR	VASCULAR	VASCULAR	VASCULAR	UNLABELED	VASCULAR	UNLABELED	VASCULAR	VASCULAR	UNLABELED
1001000270.D9	VASCULAR	VASCULAR	VASCULAR	VASCULAR	VASCULAR	VASCULAR	VASCULAR	VASCULAR	VASCULAR	VASCULAR	VASCULAR	VASCULAR	VASCULAR	VASCULAR	VASCULAR	VASCULAR	UNLABELED	VASCULAR	VASCULAR	UNLABELED
1001000246.C6	VASCULAR	VASCULAR	VASCULAR	VASCULAR	VASCULAR	VASCULAR	VASCULAR	VASCULAR	VASCULAR	VASCULAR	VASCULAR	VASCULAR	VASCULAR	VASCULAR	VASCULAR	VASCULAR	UNLABELED	VASCULAR	VASCULAR	UNLABELED
1001000271.F1	VASCULAR	VASCULAR	VASCULAR	VASCULAR	NEOPLASTIC	NEOPLASTIC	IMMUNE_CELL	VASCULAR	VASCULAR	UNLABELED	IMMUNE_CELL	VASCULAR	VASCULAR	VASCULAR	UNLABELED	UNLABELED	UNLABELED	VASCULAR	VASCULAR	UNLABELED
1001000266.A3	VASCULAR	VASCULAR	VASCULAR	VASCULAR	VASCULAR	VASCULAR	VASCULAR	VASCULAR	VASCULAR	VASCULAR	VASCULAR	VASCULAR	VASCULAR	VASCULAR	VASCULAR	VASCULAR	UNLABELED	VASCULAR	VASCULAR	UNLABELED
1001000258.G2	VASCULAR	VASCULAR	VASCULAR	VASCULAR	VASCULAR	VASCULAR	VASCULAR	VASCULAR	VASCULAR	VASCULAR	VASCULAR	VASCULAR	VASCULAR	VASCULAR	VASCULAR	VASCULAR	UNLABELED	VASCULAR	VASCULAR	UNLABELED
1001000187.G5	NEURON	NEURON	NEURON	NEURON	NEURON	NEURON	NEURON	NEURON	NEURON	NEURON	NEURON	NEURON	NEURON	NEURON	NEURON	NEURON	NEURON	NEURON	NEURON	UNLABELED
1001000186.F1	NEURON	NEURON	NEURON	NEURON	NEURON	NEURON	NEURON	NEURON	NEURON	NEURON	NEURON	NEURON	NEURON	NEURON	NEURON	NEURON	NEURON	NEURON	NEURON	UNLABELED
1001000187.F10	NEURON	NEURON	NEURON	NEURON	NEURON	NEURON	NEURON	NEURON	NEURON	NEURON	NEURON	NEURON	NEURON	NEURON	NEURON	NEURON	NEURON	NEURON	NEURON	UNLABELED
1001000186.E7	NEURON	NEURON	NEURON	NEURON	NEURON	NEURON	NEURON	NEURON	NEURON	NEURON	NEURON	NEURON	NEURON	NEURON	NEURON	NEURON	NEURON	NEURON	NEURON	UNLABELED
1001000186.E11	NEURON	NEURON	NEURON	NEURON	NEURON	NEURON	NEURON	NEURON	NEURON	NEURON	NEURON	NEURON	NEURON	NEURON	NEURON	NEURON	NEURON	NEURON	NEURON	UNLABELED
1001000187.G10	NEURON	NEURON	NEURON	NEURON	NEURON	NEURON	NEURON	NEURON	NEURON	NEURON	NEURON	NEURON	NEURON	NEURON	NEURON	NEURON	NEURON	NEURON	NEURON	UNLABELED
1001000187.A2	NEURON	NEURON	NEURON	NEURON	NEURON	NEURON	NEURON	NEURON	NEURON	NEURON	NEURON	NEURON	NEURON	NEURON	NEURON	NEURON	NEURON	NEURON	NEURON	NEURON
1001000249.H2	NEURON	NEURON	NEURON	NEURON	NEURON	NEURON	NEURON	NEURON	NEURON	NEURON	NEURON	NEURON	NEURON	NEURON	NEURON	NEURON	NEURON	NEURON	NEURON	UNLABELED
1001000187.F10	NEURON	NEURON	NEURON	NEURON	NEURON	NEURON	NEURON	NEURON	NEURON	NEURON	NEURON	NEURON	NEURON	NEURON	NEURON	NEURON	NEURON	NEURON	NEURON	UNLABELED
1001000186.F1	NEURON	NEURON	NEURON	NEURON	NEURON	NEURON	NEURON	NEURON	NEURON	NEURON	NEURON	NEURON	NEURON	NEURON	NEURON	NEURON	NEURON	NEURON	NEURON	UNLABELED
1001000246.H8	IMMUNE_CELL	IMMUNE_CELL	IMMUNE_CELL	IMMUNE_CELL	IMMUNE_CELL	IMMUNE_CELL	IMMUNE_CELL	VASCULAR	IMMUNE_CELL	IMMUNE_CELL	IMMUNE_CELL	IMMUNE_CELL	IMMUNE_CELL	UNLABELED	IMMUNE_CELL	IMMUNE_CELL	UNLABELED	IMMUNE_CELL	IMMUNE_CELL	UNLABELED
1001000236.E8	IMMUNE_CELL	IMMUNE_CELL	IMMUNE_CELL	IMMUNE_CELL	IMMUNE_CELL	IMMUNE_CELL	IMMUNE_CELL	VASCULAR	IMMUNE_CELL	IMMUNE_CELL	IMMUNE_CELL	IMMUNE_CELL	IMMUNE_CELL	IMMUNE_CELL	IMMUNE_CELL	IMMUNE_CELL	IMMUNE_CELL	IMMUNE_CELL	IMMUNE_CELL	UNLABELED
1001000248.G2	IMMUNE_CELL	IMMUNE_CELL	IMMUNE_CELL	IMMUNE_CELL	IMMUNE_CELL	IMMUNE_CELL	IMMUNE_CELL	VASCULAR	IMMUNE_CELL	IMMUNE_CELL	IMMUNE_CELL	IMMUNE_CELL	IMMUNE_CELL	IMMUNE_CELL	IMMUNE_CELL	IMMUNE_CELL	IMMUNE_CELL	IMMUNE_CELL	IMMUNE_CELL	UNLABELED
1001000239.E10	IMMUNE_CELL	IMMUNE_CELL	IMMUNE_CELL	IMMUNE_CELL	IMMUNE_CELL	IMMUNE_CELL	IMMUNE_CELL	IMMUNE_CELL	IMMUNE_CELL	IMMUNE_CELL	IMMUNE_CELL	IMMUNE_CELL	IMMUNE_CELL	IMMUNE_CELL	IMMUNE_CELL	IMMUNE_CELL	UNLABELED	IMMUNE_CELL	IMMUNE_CELL	UNLABELED
1001000247.G10	IMMUNE_CELL	IMMUNE_CELL	IMMUNE_CELL	IMMUNE_CELL	IMMUNE_CELL	IMMUNE_CELL	IMMUNE_CELL	IMMUNE_CELL	IMMUNE_CELL	IMMUNE_CELL	IMMUNE_CELL	IMMUNE_CELL	IMMUNE_CELL	UNLABELED	IMMUNE_CELL	IMMUNE_CELL	UNLABELED	IMMUNE_CELL	IMMUNE_CELL	UNLABELED
1001000235.E10	IMMUNE_CELL	IMMUNE_CELL	IMMUNE_CELL	IMMUNE_CELL	IMMUNE_CELL	IMMUNE_CELL	IMMUNE_CELL	IMMUNE_CELL	IMMUNE_CELL	IMMUNE_CELL	IMMUNE_CELL	IMMUNE_CELL	IMMUNE_CELL	IMMUNE_CELL	IMMUNE_CELL	IMMUNE_CELL	UNLABELED	IMMUNE_CELL	IMMUNE_CELL	UNLABELED
1001000010.B5	IMMUNE_CELL	IMMUNE_CELL	IMMUNE_CELL	IMMUNE_CELL	IMMUNE_CELL	IMMUNE_CELL	IMMUNE_CELL	VASCULAR	IMMUNE_CELL	IMMUNE_CELL	IMMUNE_CELL	IMMUNE_CELL	IMMUNE_CELL	IMMUNE_CELL	IMMUNE_CELL	IMMUNE_CELL	UNLABELED	IMMUNE_CELL	IMMUNE_CELL	UNLABELED
1001000230.H3	IMMUNE_CELL	IMMUNE_CELL	IMMUNE_CELL	IMMUNE_CELL	IMMUNE_CELL	IMMUNE_CELL	IMMUNE_CELL	VASCULAR	IMMUNE_CELL	IMMUNE_CELL	IMMUNE_CELL	IMMUNE_CELL	IMMUNE_CELL	IMMUNE_CELL	IMMUNE_CELL	IMMUNE_CELL	UNLABELED	IMMUNE_CELL	IMMUNE_CELL	UNLABELED
1001000240.F1	IMMUNE_CELL	IMMUNE_CELL	IMMUNE_CELL	IMMUNE_CELL	IMMUNE_CELL	IMMUNE_CELL	IMMUNE_CELL	VASCULAR	IMMUNE_CELL	IMMUNE_CELL	IMMUNE_CELL	IMMUNE_CELL	IMMUNE_CELL	IMMUNE_CELL	IMMUNE_CELL	IMMUNE_CELL	IMMUNE_CELL	IMMUNE_CELL	IMMUNE_CELL	UNLABELED
1001000247.G11	IMMUNE_CELL	IMMUNE_CELL	IMMUNE_CELL	IMMUNE_CELL	IMMUNE_CELL	IMMUNE_CELL	IMMUNE_CELL	IMMUNE_CELL	IMMUNE_CELL	IMMUNE_CELL	IMMUNE_CELL	IMMUNE_CELL	VASCULAR	IMMUNE_CELL	IMMUNE_CELL	IMMUNE_CELL	IMMUNE_CELL	IMMUNE_CELL	IMMUNE_CELL	UNLABELED
1001000037.H3	NEOPLASTIC	NEOPLASTIC	NEOPLASTIC	NEOPLASTIC	NEOPLASTIC	NEOPLASTIC	NEOPLASTIC	VASCULAR	NEOPLASTIC	NEOPLASTIC	NEOPLASTIC	NEOPLASTIC	NEOPLASTIC	NEOPLASTIC	NEOPLASTIC	UNLABELED	UNLABELED	NEOPLASTIC	NEOPLASTIC	UNLABELED
1001000260.B9	NEOPLASTIC	NEOPLASTIC	UNLABELED	NEOPLASTIC	NEOPLASTIC	NEOPLASTIC	NEOPLASTIC	VASCULAR	NEOPLASTIC	NEOPLASTIC	NEOPLASTIC	NEOPLASTIC	NEOPLASTIC	NEOPLASTIC	NEOPLASTIC	UNLABELED	UNLABELED	NEOPLASTIC	NEOPLASTIC	UNLABELED
1001000183.A10	NEOPLASTIC	VASCULAR	UNLABELED	NEOPLASTIC	NEOPLASTIC	NEOPLASTIC	NEOPLASTIC	NEOPLASTIC	NEOPLASTIC	NEOPLASTIC	VASCULAR	NEOPLASTIC	NEOPLASTIC	NEOPLASTIC	NEOPLASTIC	UNLABELED	UNLABELED	NEOPLASTIC	NEOPLASTIC	UNLABELED
1001000032.D8	NEOPLASTIC	NEOPLASTIC	NEOPLASTIC	NEOPLASTIC	NEOPLASTIC	NEOPLASTIC	NEOPLASTIC	VASCULAR	NEOPLASTIC	NEOPLASTIC	NEOPLASTIC	NEOPLASTIC	NEOPLASTIC	NEOPLASTIC	NEOPLASTIC	NEOPLASTIC	UNLABELED	NEOPLASTIC	NEOPLASTIC	UNLABELED
1001000252.B2	NEOPLASTIC	NEOPLASTIC	NEOPLASTIC	NEOPLASTIC	NEOPLASTIC	NEOPLASTIC	NEOPLASTIC	VASCULAR	NEOPLASTIC	NEOPLASTIC	NEOPLASTIC	NEOPLASTIC	NEOPLASTIC	NEOPLASTIC	NEOPLASTIC	NEOPLASTIC	UNLABELED	NEOPLASTIC	NEOPLASTIC	UNLABELED
1001000250.B2	NEOPLASTIC	NEOPLASTIC	UNLABELED	NEOPLASTIC	NEOPLASTIC	NEOPLASTIC	NEOPLASTIC	VASCULAR	NEOPLASTIC	NEOPLASTIC	NEOPLASTIC	ASTOCYTE	ASTOCYTE	UNLABELED	NEOPLASTIC	UNLABELED	ASTOCYTE	NEOPLASTIC	NEOPLASTIC	UNLABELED
1001000173.H9	NEOPLASTIC	NEOPLASTIC	NEOPLASTIC	NEOPLASTIC	NEOPLASTIC	NEOPLASTIC	NEOPLASTIC	NEOPLASTIC	NEOPLASTIC	NEOPLASTIC	NEOPLASTIC	NEOPLASTIC	NEOPLASTIC	NEOPLASTIC	NEOPLASTIC	UNLABELED	UNLABELED	NEOPLASTIC	NEOPLASTIC	UNLABELED
1001000174.H5	NEOPLASTIC	NEOPLASTIC	NEOPLASTIC	NEOPLASTIC	NEOPLASTIC	NEOPLASTIC	NEOPLASTIC	VASCULAR	NEOPLASTIC	NEOPLASTIC	NEOPLASTIC	NEOPLASTIC	NEOPLASTIC	NEOPLASTIC	NEOPLASTIC	UNLABELED	UNLABELED	NEOPLASTIC	NEOPLASTIC	UNLABELED
1001000031.C8	NEOPLASTIC	NEOPLASTIC	NEOPLASTIC	NEOPLASTIC	NEOPLASTIC	NEOPLASTIC	NEOPLASTIC	VASCULAR	NEOPLASTIC	NEOPLASTIC	NEOPLASTIC	NEOPLASTIC	NEOPLASTIC	NEOPLASTIC	NEOPLASTIC	NEOPLASTIC	UNLABELED	NEOPLASTIC	NEOPLASTIC	UNLABELED
1001000037.B10	NEOPLASTIC	NEOPLASTIC	NEOPLASTIC	NEOPLASTIC	NEOPLASTIC	NEOPLASTIC	NEOPLASTIC	NEOPLASTIC	NEOPLASTIC	NEOPLASTIC	NEOPLASTIC	NEOPLASTIC	NEOPLASTIC	NEOPLASTIC	NEOPLASTIC	NEOPLASTIC	UNLABELED	NEOPLASTIC	NEOPLASTIC	UNLABELED
1001000184.B4	OPC	OPC	OPC	OPC	OPC	OPC	OPC	OPC	OPC	OPC	OPC	OPC	OPC	UNLABELED	OPC	OPC	OPC	OPC	OPC	UNLABELED
1001000017.A11	OPC	OPC	UNLABELED	OPC	OLIGODENDROCYTE	OLIGODENDROCYTE	OPC	VASCULAR	OPC	OPC	NEOPLASTIC	OPC	OPC	UNLABELED	UNLABELED	OPC	UNLABELED	NEOPLASTIC	OPC	UNLABELED
1001000253.F12	OPC	OPC	OPC	OPC	OLIGODENDROCYTE	UNLABELED	OPC	VASCULAR	OPC	OPC	OPC	OPC	OPC	OPC	UNLABELED	OPC	UNLABELED	OPC	OPC	UNLABELED
1001000248.E11	OPC	OPC	OPC	OPC	OPC	OPC	OPC	VASCULAR	OPC	OPC	OPC	OPC	OPC	OPC	OPC	OPC	OPC	OPC	OPC	UNLABELED
1001000187.H5	OPC	OPC	OPC	OPC	OPC	OPC	OPC	OPC	OPC	OPC	OPC	OPC	OPC	OPC	OPC	OPC	OPC	OPC	OPC	UNLABELED
1001000180.F1	OPC	OPC	OPC	OPC	OPC	OPC	OPC	VASCULAR	OPC	OPC	OPC	OPC	OPC	OPC	OPC	OPC	OPC	OPC	OPC	UNLABELED
1001000186.G10	OPC	OPC	OPC	OPC	OPC	OPC	OPC	VASCULAR	OPC	OPC	OPC	OPC	OPC	OPC	OPC	OPC	OPC	OPC	OPC	UNLABELED
1001000181.F7	OPC	OPC	OPC	OPC	OPC	OPC	OPC	NEURON	OPC	OPC	OPC	OPC	OPC	OPC	OPC	OPC	OPC	OPC	OPC	UNLABELED
1001000244.C3	OPC	OPC	OPC	OPC	OPC	OPC	OPC	OPC	OPC	OPC	OPC	OPC	OPC	OPC	OPC	OPC	OPC	OPC	OPC	UNLABELED
1001000181.C8	OPC	OPC	OPC	OPC	OPC	OPC	OPC	OPC	OPC	OPC	OPC	OPC	OPC	OPC	OPC	OPC	OPC	OPC	OPC	UNLABELED
1001000254.G8	ASTOCYTE	ASTOCYTE	ASTOCYTE	ASTOCYTE	ASTOCYTE	ASTOCYTE	ASTOCYTE	ASTOCYTE	ASTOCYTE	ASTOCYTE	ASTOCYTE	ASTOCYTE	ASTOCYTE	ASTOCYTE	ASTOCYTE	ASTOCYTE	ASTOCYTE	ASTOCYTE	ASTOCYTE	ASTOCYTE
1001000253.E4	ASTOCYTE	ASTOCYTE	UNLABELED	ASTOCYTE	ASTOCYTE	ASTOCYTE	ASTOCYTE	VASCULAR	ASTOCYTE	ASTOCYTE	ASTOCYTE	ASTOCYTE	ASTOCYTE	ASTOCYTE	UNLABELED	ASTOCYTE	UNLABELED	ASTOCYTE	ASTOCYTE	UNLABELED
1001000180.H11	ASTOCYTE	ASTOCYTE	ASTOCYTE	ASTOCYTE	ASTOCYTE	ASTOCYTE	ASTOCYTE	ASTOCYTE	ASTOCYTE	ASTOCYTE	ASTOCYTE	ASTOCYTE	ASTOCYTE	ASTOCYTE	ASTOCYTE	ASTOCYTE	ASTOCYTE	ASTOCYTE	ASTOCYTE	UNLABELED
1001000253.D5	ASTOCYTE	ASTOCYTE	ASTOCYTE	ASTOCYTE	ASTOCYTE	ASTOCYTE	ASTOCYTE	ASTOCYTE	ASTOCYTE	ASTOCYTE	ASTOCYTE	ASTOCYTE	ASTOCYTE	ASTOCYTE	ASTOCYTE	ASTOCYTE	ASTOCYTE	ASTOCYTE	ASTOCYTE	UNLABELED
1001000254.F3	ASTOCYTE	ASTOCYTE	ASTOCYTE	ASTOCYTE	ASTOCYTE	ASTOCYTE	ASTOCYTE	ASTOCYTE	ASTOCYTE	ASTOCYTE	ASTOCYTE	ASTOCYTE	ASTOCYTE	ASTOCYTE	ASTOCYTE	ASTOCYTE	ASTOCYTE	ASTOCYTE	ASTOCYTE	UNLABELED
1001000180.H6	ASTOCYTE	ASTOCYTE	ASTOCYTE	ASTOCYTE	ASTOCYTE	ASTOCYTE	ASTOCYTE	ASTOCYTE	ASTOCYTE	ASTOCYTE	ASTOCYTE	ASTOCYTE	ASTOCYTE	ASTOCYTE	ASTOCYTE	ASTOCYTE	ASTOCYTE	ASTOCYTE	ASTOCYTE	UNLABELED
1001000018.F11	ASTOCYTE	VASCULAR	UNLABELED	NEOPLASTIC	ASTOCYTE	UNLABELED	ASTOCYTE	VASCULAR	ASTOCYTE	NEOPLASTIC	NEOPLASTIC	NEOPLASTIC	ASTOCYTE	UNLABELED	NEOPLASTIC	ASTOCYTE	UNLABELED	NEOPLASTIC	ASTOCYTE	UNLABELED
1001000267.B4	ASTOCYTE	ASTOCYTE	UNLABELED	ASTOCYTE	ASTOCYTE	ASTOCYTE	ASTOCYTE	VASCULAR	ASTOCYTE	ASTOCYTE	ASTOCYTE	ASTOCYTE	ASTOCYTE	ASTOCYTE	UNLABELED	ASTOCYTE	UNLABELED	ASTOCYTE	ASTOCYTE	UNLABELED
1001000253.D8	ASTOCYTE	ASTOCYTE	ASTOCYTE	ASTOCYTE	ASTOCYTE	ASTOCYTE	ASTOCYTE	ASTOCYTE	ASTOCYTE	ASTOCYTE	ASTOCYTE	ASTOCYTE	ASTOCYTE	ASTOCYTE	ASTOCYTE	ASTOCYTE	ASTOCYTE	ASTOCYTE	ASTOCYTE	UNLABELED
1001000255.C10	ASTOCYTE	ASTOCYTE	UNLABELED	ASTOCYTE	ASTOCYTE	ASTOCYTE	ASTOCYTE	VASCULAR	ASTOCYTE	ASTOCYTE	ASTOCYTE	ASTOCYTE	ASTOCYTE	ASTOCYTE	UNLABELED	ASTOCYTE	UNLABELED	ASTOCYTE	ASTOCYTE	UNLABELED
1001000017.F6	OLIGODENDROCYTE	OLIGODENDROCYTE	UNLABELED	OLIGODENDROCYTE	OLIGODENDROCYTE	OLIGODENDROCYTE	OLIGODENDROCYTE	VASCULAR	OLIGODENDROCYTE	OLIGODENDROCYTE	OLIGODENDROCYTE	OLIGODENDROCYTE	OLIGODENDROCYTE	OLIGODENDROCYTE	NEOPLASTIC	OLIGODENDROCYTE	UNLABELED	OLIGODENDROCYTE	OLIGODENDROCYTE	UNLABELED
1001000194.G11	OLIGODENDROCYTE	IMMUNE_CELL	UNLABELED	NEOPLASTIC	OLIGODENDROCYTE	OLIGODENDROCYTE	OLIGODENDROCYTE	VASCULAR	VASCULAR	OLIGODENDROCYTE	OLIGODENDROCYTE	UNLABELED	OLIGODENDROCYTE	OLIGODENDROCYTE	UNLABELED	UNLABELED	UNLABELED	OLIGODENDROCYTE	VASCULAR	UNLABELED
1001000180.C12	OLIGODENDROCYTE	OLIGODENDROCYTE	OLIGODENDROCYTE	OLIGODENDROCYTE	OLIGODENDROCYTE	OLIGODENDROCYTE	OLIGODENDROCYTE	VASCULAR	OLIGODENDROCYTE	OLIGODENDROCYTE	OLIGODENDROCYTE	OLIGODENDROCYTE	OLIGODENDROCYTE	OLIGODENDROCYTE	OLIGODENDROCYTE	OLIGODENDROCYTE	UNLABELED	OLIGODENDROCYTE	OLIGODENDROCYTE	UNLABELED
1001000194.E8	OLIGODENDROCYTE	OLIGODENDROCYTE	OLIGODENDROCYTE	OLIGODENDROCYTE	OLIGODENDROCYTE	OLIGODENDROCYTE	OLIGODENDROCYTE	VASCULAR	OLIGODENDROCYTE	OLIGODENDROCYTE	OLIGODENDROCYTE	OLIGODENDROCYTE	OLIGODENDROCYTE	OLIGODENDROCYTE	OLIGODENDROCYTE	OLIGODENDROCYTE	OLIGODENDROCYTE	OLIGODENDROCYTE	OLIGODENDROCYTE	OLIGODENDROCYTE
1001000010.D9	OLIGODENDROCYTE	OLIGODENDROCYTE	OLIGODENDROCYTE	OLIGODENDROCYTE	OLIGODENDROCYTE	OLIGODENDROCYTE	OLIGODENDROCYTE	VASCULAR	OLIGODENDROCYTE	OLIGODENDROCYTE	OLIGODENDROCYTE	OLIGODENDROCYTE	OLIGODENDROCYTE	OLIGODENDROCYTE	OLIGODENDROCYTE	OLIGODENDROCYTE	UNLABELED	OLIGODENDROCYTE	OLIGODENDROCYTE	UNLABELED
1001000234.C3	OLIGODENDROCYTE	OLIGODENDROCYTE	OLIGODENDROCYTE	OLIGODENDROCYTE	OLIGODENDROCYTE	OLIGODENDROCYTE	OLIGODENDROCYTE	OLIGODENDROCYTE	OLIGODENDROCYTE	OLIGODENDROCYTE	OLIGODENDROCYTE	OLIGODENDROCYTE	OLIGODENDROCYTE	OLIGODENDROCYTE	OLIGODENDROCYTE	OLIGODENDROCYTE	OLIGODENDROCYTE	OLIGODENDROCYTE	OLIGODENDROCYTE	UNLABELED
1001000014.D12	OLIGODENDROCYTE	OLIGODENDROCYTE	OLIGODENDROCYTE	OLIGODENDROCYTE	OLIGODENDROCYTE	OLIGODENDROCYTE	OLIGODENDROCYTE	VASCULAR	OLIGODENDROCYTE	OLIGODENDROCYTE	OLIGODENDROCYTE	OLIGODENDROCYTE	OLIGODENDROCYTE	OLIGODENDROCYTE	OLIGODENDROCYTE	OLIGODENDROCYTE	UNLABELED	OLIGODENDROCYTE	OLIGODENDROCYTE	UNLABELED
1001000194.F5	OLIGODENDROCYTE	OLIGODENDROCYTE	OLIGODENDROCYTE	OLIGODENDROCYTE	OLIGODENDROCYTE	OLIGODENDROCYTE	OLIGODENDROCYTE	OLIGODENDROCYTE	OLIGODENDROCYTE	OLIGODENDROCYTE	OLIGODENDROCYTE	OLIGODENDROCYTE	OLIGODENDROCYTE	OLIGODENDROCYTE	OLIGODENDROCYTE	OLIGODENDROCYTE	OLIGODENDROCYTE	OLIGODENDROCYTE	OLIGODENDROCYTE	UNLABELED
1001000017.H7	OLIGODENDROCYTE	OLIGODENDROCYTE	OLIGODENDROCYTE	OLIGODENDROCYTE	OLIGODENDROCYTE	OLIGODENDROCYTE	OLIGODENDROCYTE	VASCULAR	OLIGODENDROCYTE	OLIGODENDROCYTE	OLIGODENDROCYTE	OLIGODENDROCYTE	OLIGODENDROCYTE	OLIGODENDROCYTE	OLIGODENDROCYTE	OLIGODENDROCYTE	OLIGODENDROCYTE	OLIGODENDROCYTE	OLIGODENDROCYTE	UNLABELED
1001000036.C1	OLIGODENDROCYTE	OLIGODENDROCYTE	OLIGODENDROCYTE	OLIGODENDROCYTE	OLIGODENDROCYTE	OLIGODENDROCYTE	OLIGODENDROCYTE	VASCULAR	OLIGODENDROCYTE	OLIGODENDROCYTE	OLIGODENDROCYTE	OLIGODENDROCYTE	OLIGODENDROCYTE	OLIGODENDROCYTE	OLIGODENDROCYTE	OLIGODENDROCYTE	OLIGODENDROCYTE	OLIGODENDROCYTE	OLIGODENDROCYTE	OLIGODENDROCYTE
1001000031.G1	VASCULAR	VASCULAR	VASCULAR	VASCULAR	VASCULAR	VASCULAR	VASCULAR	VASCULAR	VASCULAR	VASCULAR	VASCULAR	VASCULAR	VASCULAR	VASCULAR	VASCULAR	VASCULAR	UNLABELED	VASCULAR	VASCULAR	UNLABELED
1001000262.G12	VASCULAR	VASCULAR	VASCULAR	VASCULAR	VASCULAR	VASCULAR	VASCULAR	VASCULAR	VASCULAR	VASCULAR	VASCULAR	VASCULAR	VASCULAR	VASCULAR	VASCULAR	VASCULAR	UNLABELED	VASCULAR	VASCULAR	UNLABELED
1001000032.E7	VASCULAR	VASCULAR	VASCULAR	VASCULAR	VASCULAR	VASCULAR	VASCULAR	VASCULAR	VASCULAR	VASCULAR	VASCULAR	VASCULAR	VASCULAR	VASCULAR	NEOPLASTIC	VASCULAR	VASCULAR	VASCULAR	VASCULAR	UNLABELED
1001000271.B3	VASCULAR	VASCULAR	VASCULAR	VASCULAR	VASCULAR	VASCULAR	VASCULAR	VASCULAR	VASCULAR	VASCULAR	VASCULAR	VASCULAR	VASCULAR	VASCULAR	VASCULAR	VASCULAR	UNLABELED	VASCULAR	VASCULAR	UNLABELED
1001000271.H2	VASCULAR	VASCULAR	VASCULAR	VASCULAR	VASCULAR	VASCULAR	VASCULAR	VASCULAR	VASCULAR	VASCULAR	VASCULAR	VASCULAR	VASCULAR	VASCULAR	VASCULAR	VASCULAR	UNLABELED	VASCULAR	VASCULAR	UNLABELED
1001000231.C3	VASCULAR	VASCULAR	VASCULAR	VASCULAR	VASCULAR	VASCULAR	VASCULAR	VASCULAR	VASCULAR	VASCULAR	VASCULAR	VASCULAR	VASCULAR	VASCULAR	VASCULAR	VASCULAR	UNLABELED	VASCULAR	VASCULAR	UNLABELED
1001000231.F11	VASCULAR	VASCULAR	VASCULAR	VASCULAR	VASCULAR	VASCULAR	NEOPLASTIC	VASCULAR	VASCULAR	VASCULAR	VASCULAR	VASCULAR	VASCULAR	VASCULAR	VASCULAR	VASCULAR	UNLABELED	VASCULAR	VASCULAR	UNLABELED
1001000246.B4	VASCULAR	VASCULAR	VASCULAR	VASCULAR	VASCULAR	VASCULAR	VASCULAR	VASCULAR	VASCULAR	VASCULAR	VASCULAR	VASCULAR	VASCULAR	VASCULAR	NEOPLASTIC	VASCULAR	UNLABELED	VASCULAR	VASCULAR	UNLABELED
1001000031.E10	VASCULAR	VASCULAR	VASCULAR	VASCULAR	VASCULAR	VASCULAR	VASCULAR	VASCULAR	VASCULAR	VASCULAR	VASCULAR	VASCULAR	VASCULAR	VASCULAR	VASCULAR	VASCULAR	VASCULAR	VASCULAR	VASCULAR	UNLABELED
1001000175.B6	VASCULAR	VASCULAR	VASCULAR	VASCULAR	VASCULAR	VASCULAR	VASCULAR	VASCULAR	VASCULAR	VASCULAR	VASCULAR	VASCULAR	VASCULAR	VASCULAR	UNLABELED	VASCULAR	UNLABELED	VASCULAR	VASCULAR	UNLABELED
1001000175.H9	NEURON	NEURON	NEURON	NEURON	NEURON	NEURON	IMMUNE_CELL	NEURON	NEURON	NEURON	NEURON	UNLABELED	NEURON	NEOPLASTIC	UNLABELED	UNLABELED	UNLABELED	NEOPLASTIC	NEURON	UNLABELED
1001000187.G10	NEURON	NEURON	NEURON	NEURON	NEURON	NEURON	NEURON	NEURON	NEURON	NEURON	NEURON	NEURON	NEURON	NEURON	NEURON	NEURON	NEURON	NEURON	NEURON	UNLABELED
1001000187.E4	NEURON	NEURON	NEURON	NEURON	NEURON	NEURON	OPC	VASCULAR	NEURON	NEURON	NEURON	NEURON	NEURON	NEURON	NEURON	NEURON	NEURON	NEURON	NEURON	UNLABELED
1001000186.D2	NEURON	NEURON	NEURON	NEURON	NEURON	NEURON	NEURON	NEURON	NEURON	NEURON	NEURON	NEURON	NEURON	NEURON	NEURON	NEURON	NEURON	NEURON	NEURON	NEURON
1001000249.H2	NEURON	NEURON	NEURON	NEURON	NEURON	NEURON	NEURON	NEURON	NEURON	NEURON	NEURON	NEURON	NEURON	NEURON	NEURON	NEURON	NEURON	NEURON	NEURON	UNLABELED
1001000187.C6	NEURON	NEURON	NEURON	NEURON	NEURON	NEURON	NEURON	NEURON	NEURON	NEURON	NEURON	NEURON	NEURON	NEURON	NEURON	NEURON	NEURON	NEURON	NEURON	UNLABELED
1001000186.F1	NEURON	NEURON	NEURON	NEURON	NEURON	NEURON	NEURON	NEURON	NEURON	NEURON	NEURON	NEURON	NEURON	NEURON	NEURON	NEURON	NEURON	NEURON	NEURON	UNLABELED
1001000187.F3	NEURON	NEURON	NEURON	NEURON	NEURON	NEURON	NEURON	NEURON	NEURON	NEURON	NEURON	NEURON	NEURON	NEURON	NEURON	NEURON	NEURON	NEURON	NEURON	NEURON
1001000187.C6	NEURON	NEURON	NEURON	NEURON	NEURON	NEURON	NEURON	NEURON	NEURON	NEURON	NEURON	NEURON	NEURON	NEURON	NEURON	NEURON	NEURON	NEURON	NEURON	UNLABELED
1001000187.E12	NEURON	NEURON	NEURON	NEURON	NEURON	NEURON	NEURON	NEURON	NEURON	NEURON	NEURON	NEURON	NEURON	NEURON	NEURON	NEURON	NEURON	NEURON	NEURON	NEURON
1001000237.C4	IMMUNE_CELL	IMMUNE_CELL	IMMUNE_CELL	IMMUNE_CELL	IMMUNE_CELL	IMMUNE_CELL	IMMUNE_CELL	IMMUNE_CELL	IMMUNE_CELL	IMMUNE_CELL	IMMUNE_CELL	IMMUNE_CELL	IMMUNE_CELL	IMMUNE_CELL	UNLABELED	IMMUNE_CELL	UNLABELED	IMMUNE_CELL	IMMUNE_CELL	UNLABELED
1001000236.A12	IMMUNE_CELL	IMMUNE_CELL	UNLABELED	IMMUNE_CELL	IMMUNE_CELL	IMMUNE_CELL	IMMUNE_CELL	IMMUNE_CELL	IMMUNE_CELL	IMMUNE_CELL	IMMUNE_CELL	IMMUNE_CELL	IMMUNE_CELL	IMMUNE_CELL	UNLABELED	IMMUNE_CELL	UNLABELED	IMMUNE_CELL	IMMUNE_CELL	UNLABELED
1001000238.G10	IMMUNE_CELL	IMMUNE_CELL	IMMUNE_CELL	IMMUNE_CELL	IMMUNE_CELL	IMMUNE_CELL	IMMUNE_CELL	IMMUNE_CELL	IMMUNE_CELL	IMMUNE_CELL	IMMUNE_CELL	IMMUNE_CELL	IMMUNE_CELL	IMMUNE_CELL	IMMUNE_CELL	IMMUNE_CELL	IMMUNE_CELL	IMMUNE_CELL	IMMUNE_CELL	UNLABELED
1001000242.H8	IMMUNE_CELL	IMMUNE_CELL	IMMUNE_CELL	IMMUNE_CELL	IMMUNE_CELL	IMMUNE_CELL	IMMUNE_CELL	IMMUNE_CELL	IMMUNE_CELL	IMMUNE_CELL	IMMUNE_CELL	IMMUNE_CELL	IMMUNE_CELL	IMMUNE_CELL	IMMUNE_CELL	IMMUNE_CELL	IMMUNE_CELL	IMMUNE_CELL	IMMUNE_CELL	IMMUNE_CELL
1001000270.D12	IMMUNE_CELL	IMMUNE_CELL	IMMUNE_CELL	IMMUNE_CELL	IMMUNE_CELL	IMMUNE_CELL	IMMUNE_CELL	IMMUNE_CELL	IMMUNE_CELL	IMMUNE_CELL	IMMUNE_CELL	IMMUNE_CELL	IMMUNE_CELL	IMMUNE_CELL	IMMUNE_CELL	IMMUNE_CELL	UNLABELED	IMMUNE_CELL	IMMUNE_CELL	IMMUNE_CELL
1001000230.A9	IMMUNE_CELL	IMMUNE_CELL	IMMUNE_CELL	IMMUNE_CELL	IMMUNE_CELL	IMMUNE_CELL	IMMUNE_CELL	IMMUNE_CELL	IMMUNE_CELL	IMMUNE_CELL	IMMUNE_CELL	IMMUNE_CELL	IMMUNE_CELL	IMMUNE_CELL	IMMUNE_CELL	IMMUNE_CELL	IMMUNE_CELL	IMMUNE_CELL	IMMUNE_CELL	UNLABELED
1001000241.D10	IMMUNE_CELL	IMMUNE_CELL	UNLABELED	IMMUNE_CELL	IMMUNE_CELL	IMMUNE_CELL	IMMUNE_CELL	IMMUNE_CELL	IMMUNE_CELL	IMMUNE_CELL	IMMUNE_CELL	IMMUNE_CELL	IMMUNE_CELL	IMMUNE_CELL	IMMUNE_CELL	IMMUNE_CELL	UNLABELED	IMMUNE_CELL	IMMUNE_CELL	UNLABELED
1001000019.G9	IMMUNE_CELL	IMMUNE_CELL	IMMUNE_CELL	IMMUNE_CELL	IMMUNE_CELL	IMMUNE_CELL	IMMUNE_CELL	IMMUNE_CELL	IMMUNE_CELL	IMMUNE_CELL	IMMUNE_CELL	IMMUNE_CELL	IMMUNE_CELL	IMMUNE_CELL	IMMUNE_CELL	IMMUNE_CELL	UNLABELED	IMMUNE_CELL	IMMUNE_CELL	IMMUNE_CELL
1001000247.H1	IMMUNE_CELL	IMMUNE_CELL	IMMUNE_CELL	IMMUNE_CELL	IMMUNE_CELL	IMMUNE_CELL	IMMUNE_CELL	IMMUNE_CELL	IMMUNE_CELL	IMMUNE_CELL	IMMUNE_CELL	IMMUNE_CELL	IMMUNE_CELL	IMMUNE_CELL	IMMUNE_CELL	IMMUNE_CELL	UNLABELED	IMMUNE_CELL	IMMUNE_CELL	UNLABELED
1001000240.F8	IMMUNE_CELL	IMMUNE_CELL	IMMUNE_CELL	IMMUNE_CELL	IMMUNE_CELL	IMMUNE_CELL	IMMUNE_CELL	IMMUNE_CELL	IMMUNE_CELL	IMMUNE_CELL	IMMUNE_CELL	IMMUNE_CELL	IMMUNE_CELL	IMMUNE_CELL	IMMUNE_CELL	IMMUNE_CELL	UNLABELED	IMMUNE_CELL	IMMUNE_CELL	UNLABELED
1001000185.C1	NEOPLASTIC	NEOPLASTIC	UNLABELED	NEOPLASTIC	NEOPLASTIC	NEOPLASTIC	NEOPLASTIC	VASCULAR	NEOPLASTIC	NEOPLASTIC	NEOPLASTIC	NEOPLASTIC	NEOPLASTIC	NEOPLASTIC	NEOPLASTIC	UNLABELED	UNLABELED	NEOPLASTIC	NEOPLASTIC	UNLABELED
1001000012.C11	NEOPLASTIC	NEOPLASTIC	UNLABELED	NEOPLASTIC	NEOPLASTIC	NEOPLASTIC	NEOPLASTIC	VASCULAR	NEOPLASTIC	NEOPLASTIC	NEOPLASTIC	NEOPLASTIC	NEOPLASTIC	NEOPLASTIC	NEOPLASTIC	UNLABELED	UNLABELED	NEOPLASTIC	NEOPLASTIC	UNLABELED
1001000183.A5	NEOPLASTIC	NEOPLASTIC	UNLABELED	NEOPLASTIC	NEOPLASTIC	NEOPLASTIC	NEOPLASTIC	VASCULAR	NEOPLASTIC	NEOPLASTIC	NEOPLASTIC	NEOPLASTIC	NEOPLASTIC	NEOPLASTIC	NEOPLASTIC	UNLABELED	UNLABELED	NEOPLASTIC	NEOPLASTIC	UNLABELED
1001000174.F9	NEOPLASTIC	NEOPLASTIC	NEOPLASTIC	NEOPLASTIC	NEOPLASTIC	NEOPLASTIC	NEOPLASTIC	NEOPLASTIC	NEOPLASTIC	NEOPLASTIC	NEOPLASTIC	NEOPLASTIC	NEOPLASTIC	NEOPLASTIC	NEOPLASTIC	UNLABELED	UNLABELED	NEOPLASTIC	NEOPLASTIC	UNLABELED
1001000012.F11	NEOPLASTIC	NEOPLASTIC	NEOPLASTIC	NEOPLASTIC	NEOPLASTIC	NEOPLASTIC	NEOPLASTIC	VASCULAR	NEOPLASTIC	NEOPLASTIC	NEOPLASTIC	NEOPLASTIC	NEOPLASTIC	NEOPLASTIC	NEOPLASTIC	UNLABELED	UNLABELED	NEOPLASTIC	NEOPLASTIC	UNLABELED
1001000250.E4	NEOPLASTIC	IMMUNE_CELL	UNLABELED	NEOPLASTIC	NEOPLASTIC	NEOPLASTIC	IMMUNE_CELL	NEOPLASTIC	IMMUNE_CELL	UNLABELED	IMMUNE_CELL	UNLABELED	NEURON	UNLABELED	UNLABELED	UNLABELED	UNLABELED	NEOPLASTIC	NEOPLASTIC	UNLABELED
1001000012.E3	NEOPLASTIC	NEOPLASTIC	NEOPLASTIC	NEOPLASTIC	NEOPLASTIC	NEOPLASTIC	NEOPLASTIC	VASCULAR	NEOPLASTIC	NEOPLASTIC	NEOPLASTIC	NEOPLASTIC	NEOPLASTIC	NEOPLASTIC	NEOPLASTIC	NEOPLASTIC	UNLABELED	NEOPLASTIC	NEOPLASTIC	UNLABELED
1001000012.H3	NEOPLASTIC	NEOPLASTIC	UNLABELED	NEOPLASTIC	NEOPLASTIC	NEOPLASTIC	NEOPLASTIC	VASCULAR	NEOPLASTIC	NEOPLASTIC	NEOPLASTIC	NEOPLASTIC	NEOPLASTIC	NEOPLASTIC	NEOPLASTIC	UNLABELED	UNLABELED	NEOPLASTIC	NEOPLASTIC	UNLABELED
1001000174.D8	NEOPLASTIC	NEOPLASTIC	NEOPLASTIC	NEOPLASTIC	NEOPLASTIC	NEOPLASTIC	NEOPLASTIC	VASCULAR	NEOPLASTIC	NEOPLASTIC	NEOPLASTIC	NEOPLASTIC	NEOPLASTIC	NEOPLASTIC	NEOPLASTIC	UNLABELED	UNLABELED	NEOPLASTIC	NEOPLASTIC	UNLABELED
1001000184.B2	NEOPLASTIC	NEOPLASTIC	NEOPLASTIC	NEOPLASTIC	NEOPLASTIC	NEOPLASTIC	NEOPLASTIC	VASCULAR	NEOPLASTIC	NEOPLASTIC	NEOPLASTIC	NEOPLASTIC	NEOPLASTIC	NEOPLASTIC	NEOPLASTIC	UNLABELED	UNLABELED	NEOPLASTIC	NEOPLASTIC	UNLABELED
1001000187.F1	OPC	OPC	OPC	OPC	OPC	OPC	OPC	OPC	OPC	OPC	OPC	OPC	OPC	OPC	OPC	OPC	OPC	OPC	OPC	UNLABELED
1001000180.A12	OPC	OPC	OPC	OPC	OPC	OPC	OPC	VASCULAR	OPC	OPC	OPC	OPC	OPC	OPC	OPC	OPC	OPC	OPC	OPC	UNLABELED
1001000031.E4	OPC	NEURON	UNLABELED	NEOPLASTIC	NEOPLASTIC	NEOPLASTIC	NEOPLASTIC	NEOPLASTIC	NEOPLASTIC	NEOPLASTIC	NEURON	UNLABELED	NEOPLASTIC	UNLABELED	NEOPLASTIC	UNLABELED	UNLABELED	NEOPLASTIC	NEOPLASTIC	UNLABELED
1001000180.H5	OPC	OPC	OPC	OPC	OPC	OPC	OPC	VASCULAR	OPC	OPC	OPC	OPC	OPC	OPC	OPC	OPC	OPC	OPC	OPC	UNLABELED
1001000255.F3	OPC	OPC	OPC	OPC	OPC	OPC	OPC	NEOPLASTIC	OPC	OPC	OPC	OPC	OPC	OPC	OPC	OPC	UNLABELED	OPC	OPC	UNLABELED
1001000244.G12	OPC	OPC	OPC	OPC	OPC	OPC	OPC	NEURON	OPC	OPC	OPC	OPC	OPC	OPC	OPC	OPC	OPC	OPC	OPC	UNLABELED
1001000181.F1	OPC	OPC	OPC	OPC	OPC	OPC	OPC	OPC	OPC	OPC	OPC	OPC	OPC	OPC	OPC	OPC	OPC	OPC	OPC	UNLABELED
1001000181.A5	OPC	OPC	OPC	OPC	OPC	OPC	OPC	NEURON	OPC	OPC	OPC	OPC	OPC	OPC	OPC	OPC	OPC	OPC	OPC	UNLABELED
1001000187.G12	OPC	OPC	OPC	OPC	OPC	OPC	OPC	OPC	OPC	OPC	OPC	OPC	OPC	OPC	OPC	OPC	OPC	OPC	OPC	UNLABELED
1001000254.B3	OPC	OPC	OPC	OPC	OPC	OPC	OPC	VASCULAR	OPC	OPC	OPC	OPC	OPC	OPC	OPC	OPC	OPC	OPC	OPC	UNLABELED
1001000232.E4	ASTOCYTE	ASTOCYTE	ASTOCYTE	ASTOCYTE	ASTOCYTE	ASTOCYTE	ASTOCYTE	ASTOCYTE	ASTOCYTE	ASTOCYTE	ASTOCYTE	ASTOCYTE	ASTOCYTE	ASTOCYTE	ASTOCYTE	ASTOCYTE	ASTOCYTE	ASTOCYTE	ASTOCYTE	UNLABELED
1001000255.H8	ASTOCYTE	ASTOCYTE	ASTOCYTE	ASTOCYTE	ASTOCYTE	ASTOCYTE	ASTOCYTE	ASTOCYTE	ASTOCYTE	ASTOCYTE	ASTOCYTE	ASTOCYTE	ASTOCYTE	ASTOCYTE	ASTOCYTE	ASTOCYTE	ASTOCYTE	ASTOCYTE	ASTOCYTE	UNLABELED
1001000180.E4	ASTOCYTE	ASTOCYTE	ASTOCYTE	ASTOCYTE	ASTOCYTE	ASTOCYTE	ASTOCYTE	ASTOCYTE	ASTOCYTE	ASTOCYTE	ASTOCYTE	ASTOCYTE	ASTOCYTE	ASTOCYTE	ASTOCYTE	ASTOCYTE	ASTOCYTE	ASTOCYTE	ASTOCYTE	UNLABELED
1001000180.B1	ASTOCYTE	ASTOCYTE	ASTOCYTE	ASTOCYTE	ASTOCYTE	ASTOCYTE	ASTOCYTE	ASTOCYTE	ASTOCYTE	ASTOCYTE	ASTOCYTE	ASTOCYTE	ASTOCYTE	ASTOCYTE	ASTOCYTE	ASTOCYTE	ASTOCYTE	ASTOCYTE	ASTOCYTE	UNLABELED
1001000253.H4	ASTOCYTE	ASTOCYTE	ASTOCYTE	ASTOCYTE	ASTOCYTE	ASTOCYTE	ASTOCYTE	ASTOCYTE	ASTOCYTE	ASTOCYTE	ASTOCYTE	ASTOCYTE	ASTOCYTE	ASTOCYTE	ASTOCYTE	ASTOCYTE	ASTOCYTE	ASTOCYTE	ASTOCYTE	UNLABELED
1001000181.F6	ASTOCYTE	ASTOCYTE	ASTOCYTE	ASTOCYTE	ASTOCYTE	ASTOCYTE	ASTOCYTE	ASTOCYTE	ASTOCYTE	ASTOCYTE	ASTOCYTE	ASTOCYTE	ASTOCYTE	ASTOCYTE	ASTOCYTE	ASTOCYTE	ASTOCYTE	ASTOCYTE	ASTOCYTE	UNLABELED
1001000187.D2	ASTOCYTE	ASTOCYTE	ASTOCYTE	ASTOCYTE	ASTOCYTE	ASTOCYTE	ASTOCYTE	ASTOCYTE	ASTOCYTE	ASTOCYTE	ASTOCYTE	ASTOCYTE	ASTOCYTE	ASTOCYTE	ASTOCYTE	ASTOCYTE	ASTOCYTE	ASTOCYTE	ASTOCYTE	UNLABELED
1001000253.C10	ASTOCYTE	ASTOCYTE	ASTOCYTE	ASTOCYTE	ASTOCYTE	ASTOCYTE	ASTOCYTE	ASTOCYTE	ASTOCYTE	ASTOCYTE	ASTOCYTE	ASTOCYTE	ASTOCYTE	ASTOCYTE	ASTOCYTE	ASTOCYTE	ASTOCYTE	ASTOCYTE	ASTOCYTE	UNLABELED
1001000254.A10	ASTOCYTE	ASTOCYTE	ASTOCYTE	ASTOCYTE	ASTOCYTE	ASTOCYTE	ASTOCYTE	ASTOCYTE	ASTOCYTE	ASTOCYTE	ASTOCYTE	ASTOCYTE	ASTOCYTE	ASTOCYTE	ASTOCYTE	ASTOCYTE	ASTOCYTE	ASTOCYTE	ASTOCYTE	UNLABELED
1001000187.E3	ASTOCYTE	ASTOCYTE	ASTOCYTE	ASTOCYTE	ASTOCYTE	ASTOCYTE	ASTOCYTE	ASTOCYTE	ASTOCYTE	ASTOCYTE	ASTOCYTE	ASTOCYTE	ASTOCYTE	ASTOCYTE	ASTOCYTE	ASTOCYTE	ASTOCYTE	ASTOCYTE	ASTOCYTE	UNLABELED
1001000036.H9	OLIGODENDROCYTE	OLIGODENDROCYTE	OLIGODENDROCYTE	OLIGODENDROCYTE	OLIGODENDROCYTE	OLIGODENDROCYTE	OLIGODENDROCYTE	VASCULAR	OLIGODENDROCYTE	OLIGODENDROCYTE	OLIGODENDROCYTE	OLIGODENDROCYTE	OLIGODENDROCYTE	OLIGODENDROCYTE	OLIGODENDROCYTE	OLIGODENDROCYTE	UNLABELED	OLIGODENDROCYTE	OLIGODENDROCYTE	UNLABELED
1001000194.C5	OLIGODENDROCYTE	OLIGODENDROCYTE	OLIGODENDROCYTE	OLIGODENDROCYTE	OLIGODENDROCYTE	OLIGODENDROCYTE	OLIGODENDROCYTE	OLIGODENDROCYTE	OLIGODENDROCYTE	OLIGODENDROCYTE	OLIGODENDROCYTE	OLIGODENDROCYTE	OLIGODENDROCYTE	OLIGODENDROCYTE	OLIGODENDROCYTE	OLIGODENDROCYTE	OLIGODENDROCYTE	OLIGODENDROCYTE	OLIGODENDROCYTE	UNLABELED
1001000267.H4	OLIGODENDROCYTE	OLIGODENDROCYTE	OLIGODENDROCYTE	OLIGODENDROCYTE	OLIGODENDROCYTE	OLIGODENDROCYTE	OLIGODENDROCYTE	NEOPLASTIC	OLIGODENDROCYTE	OLIGODENDROCYTE	OLIGODENDROCYTE	OLIGODENDROCYTE	OLIGODENDROCYTE	OLIGODENDROCYTE	OLIGODENDROCYTE	OLIGODENDROCYTE	UNLABELED	OLIGODENDROCYTE	OLIGODENDROCYTE	UNLABELED
1001000017.G1	OLIGODENDROCYTE	OLIGODENDROCYTE	OLIGODENDROCYTE	OLIGODENDROCYTE	OLIGODENDROCYTE	OLIGODENDROCYTE	OLIGODENDROCYTE	OLIGODENDROCYTE	OLIGODENDROCYTE	OLIGODENDROCYTE	OLIGODENDROCYTE	OLIGODENDROCYTE	OLIGODENDROCYTE	OLIGODENDROCYTE	OLIGODENDROCYTE	OLIGODENDROCYTE	OLIGODENDROCYTE	OLIGODENDROCYTE	OLIGODENDROCYTE	UNLABELED
1001000254.G1	OLIGODENDROCYTE	OLIGODENDROCYTE	OLIGODENDROCYTE	OLIGODENDROCYTE	OLIGODENDROCYTE	OLIGODENDROCYTE	OLIGODENDROCYTE	NEOPLASTIC	OLIGODENDROCYTE	OLIGODENDROCYTE	OLIGODENDROCYTE	OLIGODENDROCYTE	OLIGODENDROCYTE	OLIGODENDROCYTE	OLIGODENDROCYTE	OLIGODENDROCYTE	OLIGODENDROCYTE	OLIGODENDROCYTE	OLIGODENDROCYTE	UNLABELED
1001000017.D9	OLIGODENDROCYTE	OLIGODENDROCYTE	OLIGODENDROCYTE	OLIGODENDROCYTE	OLIGODENDROCYTE	OLIGODENDROCYTE	OLIGODENDROCYTE	NEOPLASTIC	OLIGODENDROCYTE	OLIGODENDROCYTE	OLIGODENDROCYTE	OLIGODENDROCYTE	OLIGODENDROCYTE	OLIGODENDROCYTE	OLIGODENDROCYTE	OLIGODENDROCYTE	UNLABELED	OLIGODENDROCYTE	OLIGODENDROCYTE	UNLABELED
1001000036.A3	OLIGODENDROCYTE	OLIGODENDROCYTE	OLIGODENDROCYTE	OLIGODENDROCYTE	OLIGODENDROCYTE	OLIGODENDROCYTE	OLIGODENDROCYTE	VASCULAR	OLIGODENDROCYTE	OLIGODENDROCYTE	OLIGODENDROCYTE	OLIGODENDROCYTE	OLIGODENDROCYTE	OLIGODENDROCYTE	OLIGODENDROCYTE	OLIGODENDROCYTE	OLIGODENDROCYTE	OLIGODENDROCYTE	OLIGODENDROCYTE	UNLABELED
1001000017.D10	OLIGODENDROCYTE	OLIGODENDROCYTE	OLIGODENDROCYTE	OLIGODENDROCYTE	OLIGODENDROCYTE	OLIGODENDROCYTE	OLIGODENDROCYTE	OLIGODENDROCYTE	OLIGODENDROCYTE	OLIGODENDROCYTE	OLIGODENDROCYTE	OLIGODENDROCYTE	OLIGODENDROCYTE	OLIGODENDROCYTE	OLIGODENDROCYTE	OLIGODENDROCYTE	OLIGODENDROCYTE	OLIGODENDROCYTE	OLIGODENDROCYTE	UNLABELED
1001000194.G12	OLIGODENDROCYTE	OLIGODENDROCYTE	OLIGODENDROCYTE	OLIGODENDROCYTE	OLIGODENDROCYTE	OLIGODENDROCYTE	OLIGODENDROCYTE	OLIGODENDROCYTE	OLIGODENDROCYTE	OLIGODENDROCYTE	OLIGODENDROCYTE	OLIGODENDROCYTE	OLIGODENDROCYTE	OLIGODENDROCYTE	OLIGODENDROCYTE	OLIGODENDROCYTE	OLIGODENDROCYTE	OLIGODENDROCYTE	OLIGODENDROCYTE	UNLABELED
1001000014.E9	OLIGODENDROCYTE	OLIGODENDROCYTE	OLIGODENDROCYTE	OLIGODENDROCYTE	OLIGODENDROCYTE	OLIGODENDROCYTE	OLIGODENDROCYTE	OLIGODENDROCYTE	OLIGODENDROCYTE	OLIGODENDROCYTE	OLIGODENDROCYTE	OLIGODENDROCYTE	OLIGODENDROCYTE	OLIGODENDROCYTE	OLIGODENDROCYTE	OLIGODENDROCYTE	UNLABELED	OLIGODENDROCYTE	OLIGODENDROCYTE	UNLABELED
1001000245.D3	VASCULAR	VASCULAR	UNLABELED	IMMUNE_CELL	ASTOCYTE	ASTOCYTE	OLIGODENDROCYTE	NEOPLASTIC	VASCULAR	UNLABELED	IMMUNE_CELL	VASCULAR	IMMUNE_CELL	UNLABELED	UNLABELED	UNLABELED	UNLABELED	VASCULAR	NEURON	UNLABELED
1001000231.B2	VASCULAR	VASCULAR	VASCULAR	VASCULAR	VASCULAR	VASCULAR	VASCULAR	VASCULAR	VASCULAR	VASCULAR	VASCULAR	VASCULAR	VASCULAR	VASCULAR	VASCULAR	VASCULAR	UNLABELED	VASCULAR	VASCULAR	UNLABELED
1001000271.C1	VASCULAR	VASCULAR	VASCULAR	VASCULAR	VASCULAR	VASCULAR	VASCULAR	VASCULAR	VASCULAR	VASCULAR	VASCULAR	VASCULAR	VASCULAR	VASCULAR	VASCULAR	VASCULAR	UNLABELED	VASCULAR	VASCULAR	UNLABELED
1001000258.D2	VASCULAR	VASCULAR	UNLABELED	VASCULAR	NEOPLASTIC	NEOPLASTIC	VASCULAR	VASCULAR	VASCULAR	VASCULAR	VASCULAR	VASCULAR	VASCULAR	VASCULAR	UNLABELED	VASCULAR	UNLABELED	VASCULAR	VASCULAR	UNLABELED
1001000246.E11	VASCULAR	VASCULAR	UNLABELED	NEOPLASTIC	ASTOCYTE	ASTOCYTE	OLIGODENDROCYTE	NEOPLASTIC	VASCULAR	UNLABELED	NEURON	VASCULAR	IMMUNE_CELL	UNLABELED	UNLABELED	UNLABELED	UNLABELED	VASCULAR	NEURON	UNLABELED
1001000032.F12	VASCULAR	VASCULAR	VASCULAR	VASCULAR	VASCULAR	VASCULAR	VASCULAR	VASCULAR	VASCULAR	VASCULAR	VASCULAR	VASCULAR	VASCULAR	VASCULAR	VASCULAR	VASCULAR	UNLABELED	VASCULAR	VASCULAR	UNLABELED
1001000032.A9	VASCULAR	VASCULAR	VASCULAR	VASCULAR	VASCULAR	VASCULAR	VASCULAR	VASCULAR	VASCULAR	VASCULAR	VASCULAR	VASCULAR	VASCULAR	VASCULAR	UNLABELED	VASCULAR	UNLABELED	VASCULAR	VASCULAR	UNLABELED
1001000259.F9	VASCULAR	VASCULAR	VASCULAR	VASCULAR	VASCULAR	VASCULAR	VASCULAR	VASCULAR	VASCULAR	VASCULAR	VASCULAR	VASCULAR	VASCULAR	VASCULAR	VASCULAR	VASCULAR	VASCULAR	VASCULAR	VASCULAR	UNLABELED
1001000032.G11	VASCULAR	VASCULAR	VASCULAR	VASCULAR	VASCULAR	VASCULAR	VASCULAR	VASCULAR	VASCULAR	VASCULAR	VASCULAR	VASCULAR	VASCULAR	VASCULAR	VASCULAR	VASCULAR	VASCULAR	VASCULAR	VASCULAR	UNLABELED
1001000032.A5	VASCULAR	VASCULAR	VASCULAR	VASCULAR	VASCULAR	VASCULAR	VASCULAR	VASCULAR	VASCULAR	VASCULAR	VASCULAR	VASCULAR	VASCULAR	VASCULAR	VASCULAR	VASCULAR	VASCULAR	VASCULAR	VASCULAR	UNLABELED
1001000187.E12	NEURON	NEURON	NEURON	NEURON	NEURON	NEURON	NEURON	NEURON	NEURON	NEURON	NEURON	NEURON	NEURON	NEURON	NEURON	NEURON	NEURON	NEURON	NEURON	NEURON
1001000186.E7	NEURON	NEURON	NEURON	NEURON	NEURON	NEURON	NEURON	NEURON	NEURON	NEURON	NEURON	NEURON	NEURON	NEURON	NEURON	NEURON	NEURON	NEURON	NEURON	UNLABELED
1001000187.G10	NEURON	NEURON	NEURON	NEURON	NEURON	NEURON	NEURON	NEURON	NEURON	NEURON	NEURON	NEURON	NEURON	NEURON	NEURON	NEURON	NEURON	NEURON	NEURON	UNLABELED
1001000187.C6	NEURON	NEURON	NEURON	NEURON	NEURON	NEURON	NEURON	NEURON	NEURON	NEURON	NEURON	NEURON	NEURON	NEURON	NEURON	NEURON	NEURON	NEURON	NEURON	NEURON
1001000187.C7	NEURON	NEURON	NEURON	NEURON	NEURON	NEURON	NEURON	NEURON	NEURON	NEURON	NEURON	NEURON	NEURON	NEURON	NEURON	NEURON	NEURON	NEURON	NEURON	NEURON
1001000186.D2	NEURON	NEURON	NEURON	NEURON	NEURON	NEURON	NEURON	NEURON	NEURON	NEURON	NEURON	NEURON	NEURON	NEURON	NEURON	NEURON	NEURON	NEURON	NEURON	NEURON
1001000249.H2	NEURON	NEURON	NEURON	NEURON	NEURON	NEURON	NEURON	NEURON	NEURON	NEURON	NEURON	NEURON	NEURON	NEURON	NEURON	NEURON	NEURON	NEURON	NEURON	UNLABELED
1001000187.A2	NEURON	NEURON	NEURON	NEURON	NEURON	NEURON	NEURON	NEURON	NEURON	NEURON	NEURON	NEURON	NEURON	NEURON	NEURON	NEURON	NEURON	NEURON	NEURON	UNLABELED
1001000187.A2	NEURON	NEURON	NEURON	NEURON	NEURON	NEURON	NEURON	NEURON	NEURON	NEURON	NEURON	NEURON	NEURON	NEURON	NEURON	NEURON	NEURON	NEURON	NEURON	UNLABELED
1001000186.F1	NEURON	NEURON	NEURON	NEURON	NEURON	NEURON	NEURON	NEURON	NEURON	NEURON	NEURON	NEURON	NEURON	NEURON	NEURON	NEURON	NEURON	NEURON	NEURON	UNLABELED
