	truth	SVM	SVMrej	RF	LDA	LDArej	NMC	kNN9	ACTINN	SingleCellNet	LAmbDA	scPred	CaSTLe	CHETAH	scID	scmapcell	scmapcluster	singleR	scVI	Cell_BLAST
AML921A.D0_GATCAATTATAN	HSC_PROG_LIKE	HSC_PROG_LIKE	HSC_PROG_LIKE	HSC_PROG_LIKE	HSC_PROG_LIKE	UNLABELED	HSC_PROG_LIKE	HSC_PROG_LIKE	HSC_PROG_LIKE	HSC_PROG_LIKE	HSC_PROG_LIKE	HSC_PROG_LIKE	HSC_PROG_LIKE	HSC_PROG_LIKE	GMP	UNLABELED	HSC_PROG_LIKE	HSC_PROG_LIKE	HSC_PROG_LIKE	UNLABELED
AML328.D29_CGCCCGGTTCGN	HSC_PROG_LIKE	HSC_PROG_LIKE	HSC_PROG_LIKE	HSC_PROG_LIKE	HSC_PROG_LIKE	HSC_PROG_LIKE	HSC_PROG_LIKE	HSC_PROG_LIKE	HSC_PROG_LIKE	HSC_PROG_LIKE	HSC_PROG_LIKE	HSC_PROG_LIKE	HSC_PROG	HSC_PROG_LIKE	HSC_PROG	HSC_PROG_LIKE	HSC_PROG_LIKE	HSC_PROG_LIKE	HSC_PROG_LIKE	UNLABELED
AML329.D20_TGGATGCAGTAT	HSC_PROG_LIKE	HSC_PROG	UNLABELED	GMP	HSC_PROG	UNLABELED	HSC_PROG	GMP	HSC_PROG	GMP_LIKE	HSC_PROG_LIKE	HSC_PROG	GMP_LIKE	UNLABELED	GMP	UNLABELED	GMP_LIKE	GMP_LIKE	GMP_LIKE	UNLABELED
AML329.D20_AATACTAAATCT	HSC_PROG_LIKE	HSC_PROG	UNLABELED	HSC_PROG	HSC_PROG	UNLABELED	HSC_PROG	GMP	HSC_PROG	HSC_PROG	GMP	HSC_PROG_LIKE	GMP_LIKE	HSC_PROG	HSC_PROG	UNLABELED	HSC_PROG_LIKE	HSC_PROG_LIKE	HSC_PROG	UNLABELED
AML419A.D0_AATGAACGCGTA	HSC_PROG_LIKE	HSC_PROG	UNLABELED	HSC_PROG	HSC_PROG_LIKE	UNLABELED	HSC_PROG	GMP_LIKE	HSC_PROG_LIKE	HSC_PROG_LIKE	GMP_LIKE	HSC_PROG_LIKE	HSC_PROG	UNLABELED	HSC_PROG	UNLABELED	HSC_PROG_LIKE	HSC_PROG_LIKE	HSC_PROG_LIKE	UNLABELED
AML916.D0_AAAGAGAGCCCT	HSC_PROG_LIKE	HSC_PROG_LIKE	HSC_PROG_LIKE	HSC_PROG_LIKE	HSC_PROG_LIKE	UNLABELED	HSC_PROG_LIKE	HSC_PROG_LIKE	HSC_PROG_LIKE	HSC_PROG_LIKE	HSC_PROG_LIKE	HSC_PROG_LIKE	HSC_PROG_LIKE	HSC_PROG_LIKE	HSC_PROG	UNLABELED	HSC_PROG_LIKE	HSC_PROG_LIKE	HSC_PROG_LIKE	UNLABELED
AML916.D0_CCATAACCATCT	HSC_PROG_LIKE	HSC_PROG_LIKE	UNLABELED	MYELOID_LIKE	HSC_PROG	UNLABELED	HSC_PROG_LIKE	GMP	HSC_PROG_LIKE	HSC_PROG_LIKE	HSC_PROG_LIKE	UNLABELED	HSC_PROG_LIKE	HSC_PROG_LIKE	HSC_PROG	UNLABELED	HSC_PROG_LIKE	HSC_PROG_LIKE	HSC_PROG_LIKE	UNLABELED
AML328.D29_GTAGAACACCAA	HSC_PROG_LIKE	HSC_PROG_LIKE	HSC_PROG_LIKE	HSC_PROG_LIKE	HSC_PROG_LIKE	UNLABELED	HSC_PROG_LIKE	GMP_LIKE	HSC_PROG_LIKE	HSC_PROG_LIKE	HSC_PROG_LIKE	HSC_PROG_LIKE	HSC_PROG_LIKE	HSC_PROG_LIKE	GMP_LIKE	UNLABELED	HSC_PROG_LIKE	HSC_PROG_LIKE	HSC_PROG_LIKE	UNLABELED
MUTZ3_GCGGTCCTGCGC	HSC_PROG_LIKE	GMP_LIKE	UNLABELED	GMP	GMP_LIKE	UNLABELED	GMP_LIKE	GMP_LIKE	GMP_LIKE	HSC_PROG_LIKE	HSC_PROG_LIKE	GMP_LIKE	HSC_PROG	GMP_LIKE	GMP	UNLABELED	GMP_LIKE	GMP_LIKE	GMP_LIKE	UNLABELED
AML707B.D0_TATTTCTGATTN	HSC_PROG_LIKE	GMP_LIKE	UNLABELED	HSC_PROG	HSC_PROG_LIKE	UNLABELED	HSC_PROG	GMP_LIKE	GMP_LIKE	HSC_PROG_LIKE	HSC_PROG_LIKE	GMP_LIKE	GMP_LIKE	HSC_PROG_LIKE	GMP_LIKE	HSC_PROG_LIKE	HSC_PROG_LIKE	HSC_PROG_LIKE	HSC_PROG	UNLABELED
AML556.D0_AGCTTAACCCAG	MYELOID_LIKE	MYELOID_LIKE	UNLABELED	MYELOID_LIKE	MYELOID_LIKE	UNLABELED	MYELOID_LIKE	MYELOID_LIKE	MYELOID_LIKE	MYELOID_LIKE	MYELOID_LIKE	MYELOID_LIKE	GMP	MYELOID_LIKE	GMP	MYELOID_LIKE	MYELOID_LIKE	MYELOID_LIKE	MYELOID_LIKE	UNLABELED
AML556.D0_ACAACCGCAGGG	MYELOID_LIKE	MYELOID_LIKE	MYELOID_LIKE	MYELOID_LIKE	MYELOID_LIKE	UNLABELED	MYELOID_LIKE	MYELOID_LIKE	MYELOID_LIKE	MYELOID_LIKE	MYELOID	MYELOID_LIKE	MYELOID	MYELOID_LIKE	GMP	MYELOID_LIKE	MYELOID_LIKE	MYELOID_LIKE	MYELOID_LIKE	UNLABELED
AML556.D0_TCAGTTATCGTA	MYELOID_LIKE	MYELOID_LIKE	UNLABELED	MYELOID_LIKE	MYELOID	UNLABELED	MYELOID_LIKE	MYELOID_LIKE	MYELOID_LIKE	MYELOID_LIKE	MYELOID_LIKE	MYELOID	MYELOID	MYELOID_LIKE	GMP	MYELOID	UNLABELED	MYELOID	MYELOID_LIKE	UNLABELED
AML328.D113_AGCATGATTCCN	MYELOID_LIKE	MYELOID_LIKE	UNLABELED	MYELOID_LIKE	MYELOID_LIKE	UNLABELED	MYELOID_LIKE	MYELOID	MYELOID_LIKE	MYELOID	MYELOID_LIKE	MYELOID_LIKE	MYELOID	UNLABELED	UNLABELED	UNLABELED	MYELOID	MYELOID	MYELOID_LIKE	UNLABELED
AML556.D0_AATGTTGGCCGN	MYELOID_LIKE	MYELOID_LIKE	UNLABELED	MYELOID	MYELOID_LIKE	UNLABELED	MYELOID_LIKE	MYELOID_LIKE	MYELOID	MYELOID_LIKE	MYELOID_LIKE	MYELOID_LIKE	MYELOID_LIKE	UNLABELED	GMP	MYELOID_LIKE	UNLABELED	MYELOID_LIKE	MYELOID_LIKE	UNLABELED
AML921A.D0_TCGGCTTAGCCA	MYELOID_LIKE	MYELOID_LIKE	UNLABELED	MYELOID	MYELOID	UNLABELED	MYELOID_LIKE	MYELOID_LIKE	MYELOID_LIKE	MYELOID	MYELOID_LIKE	MYELOID_LIKE	MYELOID_LIKE	MYELOID_LIKE	GMP	MYELOID	MYELOID_LIKE	HSC_PROG_LIKE	MYELOID_LIKE	UNLABELED
AML556.D0_CCCCTTTCGTGA	MYELOID_LIKE	MYELOID_LIKE	MYELOID_LIKE	MYELOID_LIKE	MYELOID_LIKE	UNLABELED	MYELOID_LIKE	MYELOID_LIKE	MYELOID_LIKE	MYELOID_LIKE	MYELOID_LIKE	MYELOID_LIKE	MYELOID	MYELOID_LIKE	GMP	MYELOID_LIKE	MYELOID_LIKE	MYELOID_LIKE	MYELOID_LIKE	UNLABELED
AML556.D0_CGACCTCGTACN	MYELOID_LIKE	MYELOID_LIKE	MYELOID_LIKE	MYELOID_LIKE	MYELOID	UNLABELED	MYELOID_LIKE	MYELOID_LIKE	MYELOID_LIKE	MYELOID_LIKE	MYELOID_LIKE	MYELOID_LIKE	MYELOID_LIKE	UNLABELED	GMP	MYELOID_LIKE	MYELOID_LIKE	MYELOID_LIKE	MYELOID_LIKE	UNLABELED
AML556.D0_GCGCGTGCAGCN	MYELOID_LIKE	MYELOID_LIKE	UNLABELED	MYELOID_LIKE	MYELOID_LIKE	UNLABELED	MYELOID_LIKE	GMP	MYELOID	MYELOID_LIKE	MYELOID_LIKE	UNLABELED	MYELOID	MYELOID_LIKE	GMP	UNLABELED	MYELOID_LIKE	MYELOID_LIKE	MYELOID_LIKE	UNLABELED
AML556.D0_CCTAGGTGTTGN	MYELOID_LIKE	MYELOID_LIKE	UNLABELED	MYELOID_LIKE	MYELOID_LIKE	UNLABELED	MYELOID_LIKE	MYELOID_LIKE	MYELOID	MYELOID_LIKE	MYELOID_LIKE	MYELOID_LIKE	MYELOID	MYELOID_LIKE	GMP	UNLABELED	MYELOID_LIKE	MYELOID_LIKE	MYELOID_LIKE	UNLABELED
AML420B.D35_CATGGCCCTTGC	MYELOID	MYELOID	UNLABELED	MYELOID	MYELOID	UNLABELED	MYELOID	MYELOID_LIKE	MYELOID	MYELOID	MYELOID	MYELOID	MYELOID_LIKE	MYELOID	UNLABELED	UNLABELED	MYELOID	MYELOID	MYELOID	UNLABELED
AML371.D0_CGTTGAAGCGGN	MYELOID	MYELOID	UNLABELED	MYELOID	MYELOID	UNLABELED	MYELOID_LIKE	MYELOID_LIKE	MYELOID	MYELOID	MYELOID	UNLABELED	MYELOID_LIKE	UNLABELED	GMP	UNLABELED	MYELOID	MYELOID	MYELOID	UNLABELED
AML371.D0_CAACCGGGCTGA	MYELOID	MYELOID	UNLABELED	MYELOID	MYELOID	UNLABELED	MYELOID	MYELOID_LIKE	MYELOID	MYELOID	MYELOID	MYELOID	MYELOID	UNLABELED	HSC_PROG	UNLABELED	MYELOID	MYELOID	MYELOID	UNLABELED
AML329.D20_CAGTAGGACACN	MYELOID	MYELOID	UNLABELED	MYELOID	MYELOID_LIKE	UNLABELED	MYELOID	MYELOID_LIKE	MYELOID_LIKE	MYELOID	MYELOID_LIKE	MYELOID_LIKE	GMP_LIKE	UNLABELED	UNLABELED	UNLABELED	MYELOID	MYELOID	MYELOID	UNLABELED
BM4_TCCATGGCGAGC	MYELOID	MYELOID	UNLABELED	MYELOID	MYELOID	UNLABELED	MYELOID	MYELOID_LIKE	MYELOID	MYELOID	MYELOID	MYELOID	MYELOID	MYELOID	HSC_PROG	MYELOID	MYELOID	MYELOID	MYELOID	UNLABELED
AML420B.D35_CTATCCCGGGCT	MYELOID	MYELOID	UNLABELED	MYELOID	MYELOID	UNLABELED	MYELOID_LIKE	MYELOID_LIKE	MYELOID	MYELOID	MYELOID	MYELOID	MYELOID	MYELOID	HSC_PROG	UNLABELED	MYELOID	MYELOID	MYELOID	UNLABELED
BM4_CATTTTGGTGAG	MYELOID	MYELOID	MYELOID	MYELOID	MYELOID	UNLABELED	MYELOID	GMP	MYELOID	MYELOID	MYELOID_LIKE	MYELOID	MYELOID_LIKE	MYELOID	GMP	UNLABELED	MYELOID	MYELOID	MYELOID	UNLABELED
BM1_CGCCCGATCTAT	MYELOID	MYELOID	MYELOID	MYELOID	MYELOID	UNLABELED	MYELOID	MYELOID_LIKE	MYELOID	MYELOID	MYELOID_LIKE	MYELOID	MYELOID_LIKE	MYELOID	UNLABELED	UNLABELED	MYELOID	MYELOID	MYELOID	UNLABELED
BM4_CCGGGCCGAGGT	MYELOID	MYELOID	UNLABELED	GMP	MYELOID	UNLABELED	MYELOID	GMP_LIKE	MYELOID	MYELOID	MYELOID	MYELOID	MYELOID_LIKE	MYELOID	HSC_PROG	UNLABELED	MYELOID	MYELOID	MYELOID	UNLABELED
BM4_AGCCACAGTGAG	MYELOID	MYELOID	UNLABELED	MYELOID	MYELOID	UNLABELED	MYELOID	GMP	MYELOID	MYELOID	MYELOID_LIKE	MYELOID	MYELOID	MYELOID	GMP	UNLABELED	MYELOID	MYELOID	MYELOID	UNLABELED
BM5.34p38n_TTGTATCCTCCC	HSC_PROG	HSC_PROG	HSC_PROG	HSC_PROG	HSC_PROG	UNLABELED	HSC_PROG	HSC_PROG	HSC_PROG	HSC_PROG	HSC_PROG	HSC_PROG	HSC_PROG	HSC_PROG	HSC_PROG	UNLABELED	HSC_PROG	HSC_PROG	HSC_PROG	UNLABELED
AML1012.D0_CGGTCTTAGGTN	HSC_PROG	HSC_PROG	UNLABELED	HSC_PROG	HSC_PROG	UNLABELED	HSC_PROG	GMP_LIKE	HSC_PROG_LIKE	GMP	HSC_PROG_LIKE	UNLABELED	HSC_PROG	GMP	HSC_PROG	UNLABELED	HSC_PROG_LIKE	HSC_PROG	HSC_PROG	UNLABELED
AML556.D15_AGCCTGGGGTTT	HSC_PROG	HSC_PROG	UNLABELED	HSC_PROG	HSC_PROG	UNLABELED	HSC_PROG	GMP	HSC_PROG	HSC_PROG	HSC_PROG	HSC_PROG	HSC_PROG	HSC_PROG	HSC_PROG	UNLABELED	HSC_PROG	HSC_PROG	HSC_PROG	UNLABELED
BM5.34p38n_GACAGAGTGTAT	HSC_PROG	HSC_PROG	HSC_PROG	HSC_PROG	HSC_PROG	UNLABELED	HSC_PROG	GMP_LIKE	HSC_PROG	HSC_PROG	HSC_PROG	HSC_PROG	GMP	HSC_PROG	HSC_PROG	HSC_PROG	HSC_PROG	HSC_PROG	HSC_PROG	UNLABELED
AML556.D15_ACTCATTTTTAG	HSC_PROG	HSC_PROG_LIKE	UNLABELED	GMP_LIKE	HSC_PROG	UNLABELED	GMP_LIKE	GMP	HSC_PROG	HSC_PROG	GMP_LIKE	HSC_PROG	GMP_LIKE	UNLABELED	HSC_PROG	UNLABELED	UNLABELED	GMP	HSC_PROG_LIKE	UNLABELED
AML997.D0_AAGGTCACGGGT	HSC_PROG	HSC_PROG	UNLABELED	HSC_PROG	HSC_PROG	UNLABELED	GMP	HSC_PROG	GMP_LIKE	HSC_PROG	GMP	GMP	HSC_PROG	UNLABELED	GMP_LIKE	UNLABELED	GMP_LIKE	GMP	HSC_PROG_LIKE	UNLABELED
BM5.34p38n_CCCGATGCTGTT	HSC_PROG	HSC_PROG	HSC_PROG	HSC_PROG	HSC_PROG	UNLABELED	HSC_PROG	GMP	HSC_PROG	HSC_PROG	HSC_PROG	HSC_PROG	HSC_PROG	HSC_PROG	HSC_PROG	HSC_PROG	HSC_PROG	HSC_PROG	HSC_PROG	UNLABELED
AML328.D29_TCCACGTTATCN	HSC_PROG	HSC_PROG_LIKE	UNLABELED	HSC_PROG	HSC_PROG_LIKE	UNLABELED	HSC_PROG	GMP	HSC_PROG_LIKE	HSC_PROG_LIKE	HSC_PROG_LIKE	HSC_PROG_LIKE	GMP_LIKE	HSC_PROG	HSC_PROG	HSC_PROG_LIKE	HSC_PROG_LIKE	HSC_PROG_LIKE	HSC_PROG_LIKE	UNLABELED
BM5.34p_CTATGGCGGCGA	HSC_PROG	GMP	UNLABELED	HSC_PROG	GMP	UNLABELED	GMP_LIKE	HSC_PROG	GMP	HSC_PROG	GMP	GMP	HSC_PROG	HSC_PROG	HSC_PROG	UNLABELED	GMP_LIKE	GMP	HSC_PROG	UNLABELED
BM5.34p38n_ACGATGGGTATT	HSC_PROG	HSC_PROG	HSC_PROG	HSC_PROG	HSC_PROG	UNLABELED	HSC_PROG	HSC_PROG	HSC_PROG	HSC_PROG	HSC_PROG	HSC_PROG	HSC_PROG	HSC_PROG	HSC_PROG	HSC_PROG	HSC_PROG	HSC_PROG	HSC_PROG	UNLABELED
AML328.D29_GCCACTAGGGCC	GMP_LIKE	HSC_PROG_LIKE	UNLABELED	GMP	HSC_PROG_LIKE	UNLABELED	GMP_LIKE	HSC_PROG_LIKE	GMP_LIKE	HSC_PROG_LIKE	GMP_LIKE	HSC_PROG_LIKE	HSC_PROG_LIKE	UNLABELED	GMP	GMP_LIKE	HSC_PROG_LIKE	HSC_PROG_LIKE	HSC_PROG_LIKE	UNLABELED
AML921A.D0_TTTCGTCCTGAC	GMP_LIKE	HSC_PROG_LIKE	UNLABELED	HSC_PROG_LIKE	HSC_PROG_LIKE	UNLABELED	HSC_PROG_LIKE	HSC_PROG_LIKE	GMP_LIKE	HSC_PROG_LIKE	GMP	GMP_LIKE	HSC_PROG	GMP_LIKE	GMP_LIKE	UNLABELED	HSC_PROG_LIKE	HSC_PROG_LIKE	GMP_LIKE	UNLABELED
MUTZ3_TCGGCATCGTGN	GMP_LIKE	GMP_LIKE	UNLABELED	GMP_LIKE	GMP_LIKE	GMP_LIKE	GMP_LIKE	GMP_LIKE	GMP_LIKE	GMP_LIKE	GMP_LIKE	GMP_LIKE	GMP_LIKE	GMP_LIKE	GMP	GMP_LIKE	GMP_LIKE	GMP_LIKE	GMP_LIKE	UNLABELED
AML707B.D0_CGAGAGATCTTG	GMP_LIKE	GMP_LIKE	GMP_LIKE	HSC_PROG	GMP_LIKE	UNLABELED	HSC_PROG_LIKE	GMP_LIKE	GMP_LIKE	GMP_LIKE	GMP_LIKE	GMP_LIKE	HSC_PROG_LIKE	GMP_LIKE	GMP	UNLABELED	HSC_PROG_LIKE	GMP_LIKE	GMP_LIKE	UNLABELED
OCI.AML3_TCAGTCCCTGAA	GMP_LIKE	GMP_LIKE	GMP_LIKE	GMP_LIKE	GMP_LIKE	UNLABELED	GMP_LIKE	GMP_LIKE	GMP_LIKE	GMP_LIKE	GMP_LIKE	GMP_LIKE	HSC_PROG	UNLABELED	GMP	GMP_LIKE	GMP_LIKE	GMP_LIKE	GMP_LIKE	UNLABELED
AML707B.D0_TATGCCCAATGN	GMP_LIKE	GMP_LIKE	UNLABELED	HSC_PROG_LIKE	HSC_PROG_LIKE	UNLABELED	HSC_PROG_LIKE	HSC_PROG	GMP_LIKE	GMP_LIKE	HSC_PROG_LIKE	GMP_LIKE	HSC_PROG_LIKE	UNLABELED	GMP	HSC_PROG_LIKE	HSC_PROG_LIKE	HSC_PROG_LIKE	GMP_LIKE	UNLABELED
AML870.D0_ACTCCACTGACN	GMP_LIKE	GMP_LIKE	UNLABELED	GMP_LIKE	HSC_PROG	UNLABELED	HSC_PROG	GMP_LIKE	GMP_LIKE	GMP_LIKE	GMP_LIKE	UNLABELED	HSC_PROG	GMP	GMP_LIKE	UNLABELED	GMP_LIKE	GMP	GMP_LIKE	UNLABELED
OCI.AML3_GTGTTTACACTT	GMP_LIKE	GMP_LIKE	GMP_LIKE	HSC_PROG_LIKE	GMP_LIKE	UNLABELED	GMP_LIKE	GMP	GMP_LIKE	GMP_LIKE	GMP_LIKE	GMP_LIKE	GMP_LIKE	GMP_LIKE	GMP	GMP_LIKE	GMP_LIKE	GMP_LIKE	GMP_LIKE	UNLABELED
OCI.AML3_CAGCAATTTAAT	GMP_LIKE	GMP_LIKE	UNLABELED	GMP	HSC_PROG	UNLABELED	HSC_PROG	GMP_LIKE	GMP_LIKE	GMP_LIKE	GMP_LIKE	GMP_LIKE	GMP_LIKE	HSC_PROG	GMP_LIKE	GMP_LIKE	UNLABELED	GMP_LIKE	GMP_LIKE	UNLABELED
MUTZ3_CACAGCTTCGCG	GMP_LIKE	GMP_LIKE	GMP_LIKE	HSC_PROG_LIKE	HSC_PROG_LIKE	UNLABELED	GMP_LIKE	HSC_PROG_LIKE	GMP_LIKE	GMP_LIKE	GMP_LIKE	GMP_LIKE	GMP_LIKE	GMP_LIKE	GMP	GMP_LIKE	GMP_LIKE	GMP_LIKE	GMP_LIKE	UNLABELED
BM4_GTCCTAGCCCGT	GMP	GMP	UNLABELED	GMP	GMP	UNLABELED	GMP	GMP_LIKE	GMP	GMP	GMP_LIKE	GMP	GMP	GMP	GMP_LIKE	UNLABELED	GMP	GMP	GMP	UNLABELED
BM5.34p_TTTATGGTAATG	GMP	GMP	UNLABELED	HSC_PROG	HSC_PROG	UNLABELED	HSC_PROG	GMP	GMP	GMP	GMP_LIKE	GMP	HSC_PROG	GMP	HSC_PROG	UNLABELED	GMP	GMP	GMP	UNLABELED
BM4_GTTCTTTGAAGG	GMP	GMP	GMP	GMP	GMP	UNLABELED	GMP	GMP	GMP	GMP	HSC_PROG	GMP	GMP	HSC_PROG	GMP	UNLABELED	GMP	GMP	GMP	UNLABELED
BM4_AGTTTTGAACCC	GMP	GMP	UNLABELED	GMP	GMP	UNLABELED	GMP	GMP_LIKE	HSC_PROG	GMP	GMP_LIKE	GMP	HSC_PROG	UNLABELED	HSC_PROG	UNLABELED	UNLABELED	GMP	HSC_PROG	UNLABELED
BM4_AGCACATTCGCC	GMP	GMP	GMP	GMP	GMP	UNLABELED	GMP_LIKE	GMP	GMP	GMP	GMP_LIKE	GMP	HSC_PROG_LIKE	GMP	GMP	UNLABELED	GMP	GMP	GMP	UNLABELED
BM4_TGTGGTCACGTA	GMP	GMP	GMP	GMP	GMP	UNLABELED	GMP	GMP	GMP	GMP	GMP	GMP	GMP	GMP	GMP	UNLABELED	GMP	GMP	GMP	UNLABELED
BM4_AAGGGACTGTCG	GMP	GMP	GMP	GMP	GMP	UNLABELED	GMP	GMP	GMP	GMP	HSC_PROG_LIKE	GMP	HSC_PROG	GMP	GMP	UNLABELED	GMP	GMP	GMP	UNLABELED
BM4_GGACTTTAATAA	GMP	GMP	GMP	GMP	GMP	GMP	GMP_LIKE	GMP	GMP	GMP	GMP_LIKE	GMP	GMP	GMP	GMP	UNLABELED	GMP	GMP	GMP	UNLABELED
AML371.D0_CAAAATCTGCAN	GMP	GMP	UNLABELED	GMP_LIKE	GMP	UNLABELED	GMP	GMP	GMP	GMP	GMP_LIKE	GMP	GMP	GMP	GMP	UNLABELED	GMP_LIKE	GMP	GMP	UNLABELED
AML314.D31_GAGCAGTCTGGG	GMP	GMP	UNLABELED	GMP	HSC_PROG	UNLABELED	GMP	GMP	GMP	GMP_LIKE	MYELOID_LIKE	GMP	MYELOID_LIKE	UNLABELED	GMP_LIKE	UNLABELED	GMP	GMP	GMP	UNLABELED
AML921A.D0_CGGGAGCACCAA	HSC_PROG_LIKE	GMP_LIKE	UNLABELED	GMP	HSC_PROG	UNLABELED	HSC_PROG	GMP	GMP_LIKE	HSC_PROG_LIKE	GMP	UNLABELED	HSC_PROG	UNLABELED	UNLABELED	UNLABELED	HSC_PROG_LIKE	GMP_LIKE	HSC_PROG_LIKE	UNLABELED
AML921A.D0_TTAAACACGATN	HSC_PROG_LIKE	GMP_LIKE	UNLABELED	GMP	GMP	UNLABELED	MYELOID_LIKE	GMP_LIKE	HSC_PROG_LIKE	HSC_PROG_LIKE	GMP_LIKE	HSC_PROG_LIKE	GMP_LIKE	UNLABELED	GMP	UNLABELED	UNLABELED	HSC_PROG_LIKE	HSC_PROG_LIKE	UNLABELED
MUTZ3_AGAGTGGGGCAN	HSC_PROG_LIKE	HSC_PROG_LIKE	UNLABELED	HSC_PROG_LIKE	HSC_PROG_LIKE	UNLABELED	HSC_PROG_LIKE	GMP_LIKE	GMP_LIKE	HSC_PROG_LIKE	HSC_PROG_LIKE	HSC_PROG_LIKE	HSC_PROG_LIKE	UNLABELED	UNLABELED	UNLABELED	HSC_PROG_LIKE	HSC_PROG_LIKE	HSC_PROG_LIKE	UNLABELED
AML921A.D0_CGCCGGTTGCTT	HSC_PROG_LIKE	HSC_PROG_LIKE	HSC_PROG_LIKE	HSC_PROG_LIKE	HSC_PROG_LIKE	UNLABELED	HSC_PROG_LIKE	HSC_PROG_LIKE	HSC_PROG_LIKE	HSC_PROG_LIKE	GMP_LIKE	HSC_PROG_LIKE	HSC_PROG_LIKE	HSC_PROG_LIKE	UNLABELED	UNLABELED	HSC_PROG_LIKE	HSC_PROG_LIKE	HSC_PROG_LIKE	UNLABELED
AML916.D0_TCACAAATCTCG	HSC_PROG_LIKE	HSC_PROG_LIKE	UNLABELED	HSC_PROG_LIKE	HSC_PROG_LIKE	UNLABELED	HSC_PROG	GMP_LIKE	HSC_PROG_LIKE	HSC_PROG	HSC_PROG_LIKE	UNLABELED	HSC_PROG	HSC_PROG_LIKE	GMP	UNLABELED	HSC_PROG_LIKE	HSC_PROG_LIKE	HSC_PROG_LIKE	UNLABELED
AML921A.D0_GACTTTCTCTGT	HSC_PROG_LIKE	HSC_PROG_LIKE	UNLABELED	HSC_PROG_LIKE	HSC_PROG_LIKE	UNLABELED	HSC_PROG	GMP	HSC_PROG_LIKE	HSC_PROG_LIKE	HSC_PROG_LIKE	HSC_PROG_LIKE	HSC_PROG_LIKE	HSC_PROG	UNLABELED	HSC_PROG_LIKE	UNLABELED	HSC_PROG_LIKE	HSC_PROG_LIKE	UNLABELED
AML921A.D0_TTTCGGACATCT	HSC_PROG_LIKE	HSC_PROG_LIKE	UNLABELED	HSC_PROG	GMP	UNLABELED	MYELOID_LIKE	GMP_LIKE	HSC_PROG_LIKE	HSC_PROG	HSC_PROG	UNLABELED	HSC_PROG	UNLABELED	GMP	HSC_PROG_LIKE	UNLABELED	HSC_PROG_LIKE	HSC_PROG_LIKE	UNLABELED
AML1012.D0_TTCACACACGCC	HSC_PROG_LIKE	GMP_LIKE	UNLABELED	HSC_PROG	GMP	UNLABELED	HSC_PROG	GMP_LIKE	GMP_LIKE	UNLABELED	GMP_LIKE	UNLABELED	GMP_LIKE	GMP_LIKE	GMP	UNLABELED	GMP_LIKE	GMP_LIKE	GMP	UNLABELED
AML328.D0_TGGTTCGTGATT	HSC_PROG_LIKE	HSC_PROG_LIKE	UNLABELED	HSC_PROG_LIKE	HSC_PROG_LIKE	UNLABELED	HSC_PROG_LIKE	HSC_PROG	HSC_PROG_LIKE	HSC_PROG_LIKE	HSC_PROG_LIKE	HSC_PROG_LIKE	HSC_PROG_LIKE	HSC_PROG	UNLABELED	UNLABELED	UNLABELED	HSC_PROG_LIKE	HSC_PROG_LIKE	UNLABELED
AML419A.D0_AGCCGCCCTGTN	HSC_PROG_LIKE	HSC_PROG_LIKE	UNLABELED	HSC_PROG	HSC_PROG_LIKE	UNLABELED	MYELOID_LIKE	GMP_LIKE	HSC_PROG_LIKE	UNLABELED	HSC_PROG	HSC_PROG_LIKE	HSC_PROG_LIKE	HSC_PROG_LIKE	UNLABELED	UNLABELED	UNLABELED	HSC_PROG_LIKE	HSC_PROG_LIKE	UNLABELED
OCI.AML3_TGGTTAAATCGN	MYELOID_LIKE	GMP_LIKE	GMP_LIKE	GMP_LIKE	GMP_LIKE	UNLABELED	GMP_LIKE	GMP_LIKE	GMP_LIKE	GMP_LIKE	HSC_PROG_LIKE	GMP_LIKE	MYELOID_LIKE	UNLABELED	UNLABELED	UNLABELED	GMP_LIKE	GMP_LIKE	GMP_LIKE	UNLABELED
AML419A.D0_TGATGCATCATC	MYELOID_LIKE	MYELOID	UNLABELED	MYELOID	MYELOID	UNLABELED	MYELOID	MYELOID_LIKE	HSC_PROG_LIKE	MYELOID	MYELOID	UNLABELED	MYELOID_LIKE	UNLABELED	UNLABELED	UNLABELED	UNLABELED	MYELOID	MYELOID	UNLABELED
AML556.D0_GCGGGTCAGAGT	MYELOID_LIKE	MYELOID_LIKE	MYELOID_LIKE	MYELOID_LIKE	MYELOID	UNLABELED	MYELOID_LIKE	MYELOID_LIKE	MYELOID_LIKE	MYELOID_LIKE	MYELOID	MYELOID_LIKE	MYELOID	MYELOID_LIKE	UNLABELED	UNLABELED	UNLABELED	MYELOID_LIKE	MYELOID_LIKE	UNLABELED
AML328.D113_GCTGTGCCCCCN	MYELOID_LIKE	MYELOID_LIKE	UNLABELED	MYELOID_LIKE	MYELOID_LIKE	UNLABELED	MYELOID_LIKE	MYELOID_LIKE	MYELOID_LIKE	MYELOID_LIKE	MYELOID	MYELOID_LIKE	MYELOID	MYELOID_LIKE	UNLABELED	MYELOID_LIKE	UNLABELED	MYELOID_LIKE	MYELOID_LIKE	UNLABELED
AML1012.D0_TCGTTAACAAAC	MYELOID_LIKE	MYELOID_LIKE	UNLABELED	GMP	MYELOID_LIKE	UNLABELED	MYELOID_LIKE	GMP_LIKE	HSC_PROG_LIKE	MYELOID_LIKE	MYELOID_LIKE	UNLABELED	MYELOID_LIKE	MYELOID_LIKE	GMP	UNLABELED	UNLABELED	HSC_PROG_LIKE	MYELOID_LIKE	UNLABELED
AML419A.D0_ACATACGCAAGT	MYELOID_LIKE	MYELOID_LIKE	UNLABELED	MYELOID	MYELOID	UNLABELED	MYELOID	MYELOID	MYELOID_LIKE	MYELOID_LIKE	MYELOID_LIKE	MYELOID	MYELOID_LIKE	MYELOID	UNLABELED	UNLABELED	MYELOID	MYELOID_LIKE	MYELOID	UNLABELED
AML556.D0_GGTGAATATAGC	MYELOID_LIKE	MYELOID_LIKE	MYELOID_LIKE	MYELOID_LIKE	MYELOID	UNLABELED	MYELOID_LIKE	MYELOID_LIKE	HSC_PROG_LIKE	MYELOID_LIKE	MYELOID_LIKE	MYELOID_LIKE	MYELOID_LIKE	MYELOID_LIKE	UNLABELED	UNLABELED	MYELOID_LIKE	MYELOID_LIKE	MYELOID_LIKE	UNLABELED
AML556.D0_TCTTCGGCTCAC	MYELOID_LIKE	MYELOID_LIKE	MYELOID_LIKE	MYELOID_LIKE	MYELOID	UNLABELED	MYELOID_LIKE	MYELOID_LIKE	MYELOID_LIKE	MYELOID_LIKE	MYELOID_LIKE	MYELOID_LIKE	MYELOID	MYELOID_LIKE	UNLABELED	UNLABELED	MYELOID_LIKE	MYELOID_LIKE	MYELOID_LIKE	UNLABELED
AML556.D0_TAAATATCATAG	MYELOID_LIKE	MYELOID_LIKE	MYELOID_LIKE	MYELOID_LIKE	MYELOID_LIKE	UNLABELED	MYELOID_LIKE	MYELOID_LIKE	MYELOID_LIKE	MYELOID_LIKE	MYELOID_LIKE	MYELOID_LIKE	MYELOID	MYELOID_LIKE	UNLABELED	UNLABELED	MYELOID_LIKE	MYELOID_LIKE	MYELOID_LIKE	UNLABELED
AML556.D0_TCACGGATATAA	MYELOID_LIKE	MYELOID_LIKE	MYELOID_LIKE	MYELOID_LIKE	MYELOID_LIKE	UNLABELED	MYELOID_LIKE	MYELOID_LIKE	MYELOID_LIKE	MYELOID_LIKE	MYELOID_LIKE	MYELOID_LIKE	MYELOID	MYELOID_LIKE	UNLABELED	MYELOID_LIKE	MYELOID_LIKE	MYELOID_LIKE	MYELOID_LIKE	UNLABELED
AML371.D0_GAAGTTCAGAGT	MYELOID	MYELOID	MYELOID	MYELOID	MYELOID	UNLABELED	MYELOID	MYELOID	MYELOID	MYELOID	MYELOID	MYELOID	MYELOID	MYELOID	UNLABELED	UNLABELED	MYELOID	MYELOID	MYELOID	UNLABELED
AML371.D34_CTAAGGCATGAA	MYELOID	MYELOID	UNLABELED	GMP_LIKE	MYELOID	UNLABELED	MYELOID	GMP	MYELOID	MYELOID	MYELOID	MYELOID	GMP	MYELOID	GMP	UNLABELED	UNLABELED	HSC_PROG	MYELOID	UNLABELED
AML1012.D0_ATAGTACTAGCG	MYELOID	MYELOID	UNLABELED	MYELOID	MYELOID	UNLABELED	MYELOID	MYELOID	MYELOID	MYELOID	MYELOID_LIKE	MYELOID	MYELOID	MYELOID	UNLABELED	UNLABELED	MYELOID	MYELOID_LIKE	MYELOID	UNLABELED
BM4_GCAAATTCGGTN	MYELOID	MYELOID	MYELOID	MYELOID_LIKE	MYELOID	UNLABELED	MYELOID	MYELOID	MYELOID	MYELOID	MYELOID_LIKE	MYELOID	MYELOID	MYELOID	UNLABELED	UNLABELED	MYELOID	MYELOID	MYELOID	UNLABELED
BM4_AGTTATCAATGA	MYELOID	GMP	UNLABELED	MYELOID	MYELOID_LIKE	UNLABELED	GMP	GMP	GMP	MYELOID	MYELOID_LIKE	MYELOID	GMP	MYELOID	GMP	UNLABELED	GMP	GMP	MYELOID	UNLABELED
BM4_ATTCCGCAGTCC	MYELOID	MYELOID	MYELOID	MYELOID	MYELOID	UNLABELED	GMP_LIKE	MYELOID	GMP	MYELOID	MYELOID_LIKE	MYELOID	GMP	MYELOID	UNLABELED	UNLABELED	MYELOID	GMP	MYELOID	UNLABELED
AML707B.D41_ATCACAAGTCTT	MYELOID	MYELOID_LIKE	UNLABELED	MYELOID	MYELOID_LIKE	UNLABELED	MYELOID_LIKE	MYELOID	MYELOID	MYELOID_LIKE	MYELOID_LIKE	UNLABELED	MYELOID_LIKE	MYELOID	UNLABELED	UNLABELED	MYELOID	MYELOID	MYELOID	UNLABELED
AML420B.D35_GTTAGCGGATTG	MYELOID	MYELOID	MYELOID	MYELOID	MYELOID	UNLABELED	MYELOID	MYELOID_LIKE	MYELOID	MYELOID	MYELOID	MYELOID	MYELOID	MYELOID	UNLABELED	UNLABELED	MYELOID	MYELOID	MYELOID	UNLABELED
AML329.D20_TGGGGACGTGCN	MYELOID	MYELOID	UNLABELED	MYELOID	MYELOID	UNLABELED	MYELOID	MYELOID_LIKE	MYELOID	MYELOID	MYELOID	MYELOID	MYELOID	MYELOID	UNLABELED	UNLABELED	MYELOID	MYELOID	MYELOID	UNLABELED
BM4_AAATTGCACACC	MYELOID	MYELOID	UNLABELED	MYELOID	MYELOID	UNLABELED	MYELOID	MYELOID_LIKE	MYELOID_LIKE	MYELOID	MYELOID	MYELOID	MYELOID_LIKE	MYELOID	UNLABELED	MYELOID	MYELOID	MYELOID	MYELOID	MYELOID_LIKE
BM5.34p_GTTGAAGCGAGT	HSC_PROG	HSC_PROG	UNLABELED	HSC_PROG	HSC_PROG	UNLABELED	HSC_PROG	GMP_LIKE	HSC_PROG	HSC_PROG	GMP_LIKE	HSC_PROG	HSC_PROG	HSC_PROG	GMP	UNLABELED	UNLABELED	HSC_PROG	HSC_PROG	UNLABELED
AML997.D0_TACAGAGGGCAC	HSC_PROG	HSC_PROG	UNLABELED	HSC_PROG	HSC_PROG	UNLABELED	HSC_PROG	GMP_LIKE	HSC_PROG	HSC_PROG	HSC_PROG	UNLABELED	GMP_LIKE	HSC_PROG	GMP	UNLABELED	UNLABELED	HSC_PROG	HSC_PROG	UNLABELED
BM5.34p38n_CCGTCTTTGTTT	HSC_PROG	HSC_PROG	HSC_PROG	HSC_PROG	HSC_PROG	UNLABELED	HSC_PROG	HSC_PROG	HSC_PROG	HSC_PROG	HSC_PROG_LIKE	HSC_PROG	HSC_PROG_LIKE	HSC_PROG	GMP	HSC_PROG	HSC_PROG	HSC_PROG	HSC_PROG	UNLABELED
BM5.34p_TACGCTGCTCGT	HSC_PROG	HSC_PROG	UNLABELED	HSC_PROG_LIKE	HSC_PROG_LIKE	UNLABELED	GMP_LIKE	HSC_PROG	GMP	HSC_PROG	HSC_PROG	HSC_PROG_LIKE	GMP_LIKE	UNLABELED	UNLABELED	UNLABELED	HSC_PROG_LIKE	HSC_PROG	HSC_PROG_LIKE	UNLABELED
BM5.34p38n_TAAGCAGGTTTG	HSC_PROG	HSC_PROG	HSC_PROG	HSC_PROG	HSC_PROG	UNLABELED	HSC_PROG	HSC_PROG	HSC_PROG	HSC_PROG	HSC_PROG	HSC_PROG	HSC_PROG	HSC_PROG	GMP	HSC_PROG	HSC_PROG	HSC_PROG	HSC_PROG	UNLABELED
BM4_ACCCGGCTGCAN	HSC_PROG	HSC_PROG	UNLABELED	HSC_PROG_LIKE	HSC_PROG	UNLABELED	HSC_PROG_LIKE	HSC_PROG	HSC_PROG	HSC_PROG	GMP	HSC_PROG	HSC_PROG_LIKE	HSC_PROG	GMP	UNLABELED	UNLABELED	HSC_PROG	HSC_PROG	UNLABELED
AML371.D0_AAAGTTCTCTCA	HSC_PROG	GMP	UNLABELED	GMP_LIKE	HSC_PROG	UNLABELED	GMP	GMP	GMP	GMP	GMP	UNLABELED	HSC_PROG	UNLABELED	GMP	UNLABELED	GMP_LIKE	GMP	GMP	UNLABELED
BM5.34p_GCACAGCATCAT	HSC_PROG	HSC_PROG	UNLABELED	HSC_PROG	HSC_PROG	UNLABELED	HSC_PROG	GMP	HSC_PROG	HSC_PROG	HSC_PROG	HSC_PROG	HSC_PROG	HSC_PROG	GMP	HSC_PROG	HSC_PROG	HSC_PROG	HSC_PROG	UNLABELED
BM5.34p38n_TCTGCGTACGCA	HSC_PROG	HSC_PROG	HSC_PROG	HSC_PROG	HSC_PROG	UNLABELED	HSC_PROG	HSC_PROG	HSC_PROG	HSC_PROG	HSC_PROG	HSC_PROG	HSC_PROG	HSC_PROG	GMP	UNLABELED	HSC_PROG	HSC_PROG	HSC_PROG	UNLABELED
AML556.D31_AGCCCCCATGCA	HSC_PROG	HSC_PROG	UNLABELED	HSC_PROG_LIKE	GMP	UNLABELED	GMP_LIKE	HSC_PROG	GMP	GMP	HSC_PROG_LIKE	GMP	HSC_PROG_LIKE	UNLABELED	GMP	GMP_LIKE	GMP_LIKE	GMP_LIKE	HSC_PROG	UNLABELED
AML921A.D0_AATAAGTCCTAA	GMP_LIKE	GMP_LIKE	UNLABELED	HSC_PROG_LIKE	HSC_PROG_LIKE	UNLABELED	HSC_PROG_LIKE	GMP_LIKE	HSC_PROG_LIKE	HSC_PROG_LIKE	GMP	HSC_PROG_LIKE	HSC_PROG_LIKE	HSC_PROG_LIKE	GMP	UNLABELED	HSC_PROG_LIKE	HSC_PROG_LIKE	GMP_LIKE	UNLABELED
OCI.AML3_TCTGGCGCGGCT	GMP_LIKE	GMP_LIKE	GMP_LIKE	GMP_LIKE	GMP_LIKE	UNLABELED	GMP_LIKE	GMP_LIKE	GMP_LIKE	GMP_LIKE	GMP_LIKE	GMP_LIKE	GMP	GMP_LIKE	GMP	GMP_LIKE	GMP_LIKE	GMP_LIKE	GMP_LIKE	UNLABELED
OCI.AML3_GCTTACACAATC	GMP_LIKE	GMP_LIKE	GMP_LIKE	GMP_LIKE	GMP_LIKE	GMP_LIKE	GMP_LIKE	GMP_LIKE	GMP_LIKE	GMP_LIKE	GMP	GMP_LIKE	GMP_LIKE	GMP	UNLABELED	GMP_LIKE	GMP_LIKE	GMP_LIKE	GMP_LIKE	UNLABELED
OCI.AML3_CGTGGTATAGAT	GMP_LIKE	GMP_LIKE	UNLABELED	GMP_LIKE	GMP_LIKE	UNLABELED	GMP	GMP_LIKE	GMP_LIKE	GMP_LIKE	GMP_LIKE	GMP_LIKE	GMP_LIKE	GMP_LIKE	GMP	UNLABELED	GMP_LIKE	GMP_LIKE	GMP_LIKE	UNLABELED
OCI.AML3_TCATTGCCTGCN	GMP_LIKE	GMP_LIKE	UNLABELED	GMP_LIKE	GMP	UNLABELED	MYELOID_LIKE	GMP_LIKE	GMP_LIKE	HSC_PROG_LIKE	GMP_LIKE	GMP_LIKE	GMP_LIKE	UNLABELED	GMP	GMP_LIKE	UNLABELED	GMP_LIKE	GMP_LIKE	UNLABELED
OCI.AML3_TGTGGGACCGTN	GMP_LIKE	GMP_LIKE	GMP_LIKE	MYELOID_LIKE	GMP_LIKE	UNLABELED	GMP_LIKE	GMP_LIKE	GMP_LIKE	GMP_LIKE	GMP_LIKE	GMP_LIKE	GMP_LIKE	GMP_LIKE	GMP	UNLABELED	GMP_LIKE	GMP_LIKE	GMP_LIKE	UNLABELED
AML707B.D0_CGTCAGTATTGA	GMP_LIKE	GMP_LIKE	UNLABELED	HSC_PROG	HSC_PROG	UNLABELED	HSC_PROG	GMP_LIKE	HSC_PROG_LIKE	GMP_LIKE	GMP_LIKE	GMP_LIKE	HSC_PROG_LIKE	GMP_LIKE	GMP	HSC_PROG_LIKE	HSC_PROG_LIKE	HSC_PROG_LIKE	GMP_LIKE	UNLABELED
MUTZ3_TTAGGAGCCAAG	GMP_LIKE	GMP_LIKE	GMP_LIKE	GMP_LIKE	GMP_LIKE	GMP_LIKE	GMP_LIKE	GMP_LIKE	GMP_LIKE	GMP_LIKE	GMP	GMP_LIKE	HSC_PROG_LIKE	GMP_LIKE	GMP	UNLABELED	GMP_LIKE	GMP_LIKE	GMP_LIKE	UNLABELED
AML707B.D0_GTATGAGAGGTC	GMP_LIKE	MYELOID_LIKE	UNLABELED	GMP_LIKE	MYELOID_LIKE	UNLABELED	MYELOID_LIKE	GMP_LIKE	GMP	GMP_LIKE	MYELOID	GMP_LIKE	MYELOID_LIKE	UNLABELED	GMP	UNLABELED	UNLABELED	GMP_LIKE	GMP	UNLABELED
AML921A.D0_GAAAGAAATACT	GMP_LIKE	GMP_LIKE	UNLABELED	GMP_LIKE	MYELOID_LIKE	UNLABELED	HSC_PROG	GMP	GMP_LIKE	GMP_LIKE	GMP_LIKE	GMP	GMP_LIKE	MYELOID_LIKE	GMP	UNLABELED	UNLABELED	GMP_LIKE	GMP_LIKE	UNLABELED
BM4_CCTATTCTGGTN	GMP	GMP	GMP	GMP	GMP	UNLABELED	GMP	GMP	GMP	GMP	GMP	GMP	GMP	GMP	UNLABELED	UNLABELED	GMP	GMP	GMP	UNLABELED
BM5.34p_CACCCCCCGCTG	GMP	GMP	UNLABELED	GMP_LIKE	GMP	UNLABELED	GMP_LIKE	GMP	HSC_PROG	GMP	GMP	GMP	HSC_PROG_LIKE	UNLABELED	UNLABELED	UNLABELED	UNLABELED	GMP	GMP	UNLABELED
BM5.34p_CGTGAGGGCCAC	GMP	GMP	UNLABELED	GMP	HSC_PROG	UNLABELED	HSC_PROG	GMP_LIKE	HSC_PROG_LIKE	GMP	GMP_LIKE	HSC_PROG	GMP_LIKE	GMP	GMP	UNLABELED	UNLABELED	GMP	HSC_PROG	UNLABELED
BM5.34p_CGGCGGCCAGGC	GMP	GMP	UNLABELED	GMP_LIKE	HSC_PROG_LIKE	UNLABELED	GMP_LIKE	GMP	GMP	GMP	GMP_LIKE	GMP	MYELOID_LIKE	UNLABELED	GMP	UNLABELED	GMP_LIKE	GMP	GMP	UNLABELED
AML556.D31_CAGCTTGCAGCC	GMP	HSC_PROG	UNLABELED	GMP	GMP	UNLABELED	HSC_PROG	GMP	GMP_LIKE	HSC_PROG	HSC_PROG_LIKE	UNLABELED	HSC_PROG	GMP	GMP	UNLABELED	UNLABELED	HSC_PROG	GMP_LIKE	UNLABELED
AML556.D31_CGGGGGTCCTAC	GMP	HSC_PROG	UNLABELED	HSC_PROG	HSC_PROG	UNLABELED	HSC_PROG	GMP_LIKE	HSC_PROG_LIKE	GMP_LIKE	HSC_PROG	UNLABELED	HSC_PROG	GMP	GMP	UNLABELED	HSC_PROG	HSC_PROG	GMP_LIKE	UNLABELED
AML210A.D0_CTTAGCAAGCGT	GMP	GMP	UNLABELED	GMP_LIKE	HSC_PROG	UNLABELED	HSC_PROG	GMP_LIKE	HSC_PROG_LIKE	GMP_LIKE	GMP_LIKE	UNLABELED	GMP_LIKE	UNLABELED	GMP	UNLABELED	UNLABELED	GMP	GMP_LIKE	UNLABELED
AML371.D0_ATTCATACGCCN	GMP	GMP	UNLABELED	GMP	GMP	UNLABELED	GMP	GMP	HSC_PROG_LIKE	GMP	MYELOID_LIKE	GMP	GMP	GMP	GMP	UNLABELED	GMP	GMP	GMP	UNLABELED
BM4_AGGCAGTGTCGC	GMP	GMP	UNLABELED	GMP	GMP	UNLABELED	HSC_PROG	GMP_LIKE	GMP	GMP	HSC_PROG	GMP	GMP	GMP	UNLABELED	UNLABELED	GMP	GMP	GMP	UNLABELED
BM4_CGAAGTTGGAAC	GMP	GMP	GMP	HSC_PROG_LIKE	GMP	UNLABELED	GMP_LIKE	GMP	GMP	GMP	GMP	GMP	MYELOID_LIKE	GMP	UNLABELED	UNLABELED	GMP	GMP	GMP	UNLABELED
AML328.D29_GGTCATTCTGCN	HSC_PROG_LIKE	HSC_PROG_LIKE	HSC_PROG_LIKE	HSC_PROG_LIKE	HSC_PROG_LIKE	UNLABELED	HSC_PROG_LIKE	HSC_PROG_LIKE	HSC_PROG_LIKE	HSC_PROG_LIKE	HSC_PROG_LIKE	UNLABELED	HSC_PROG_LIKE	HSC_PROG_LIKE	HSC_PROG	UNLABELED	HSC_PROG_LIKE	HSC_PROG_LIKE	HSC_PROG_LIKE	UNLABELED
AML328.D29_AGGGCAAAGGAN	HSC_PROG_LIKE	HSC_PROG_LIKE	UNLABELED	HSC_PROG	HSC_PROG_LIKE	UNLABELED	HSC_PROG_LIKE	GMP	HSC_PROG_LIKE	HSC_PROG_LIKE	HSC_PROG_LIKE	GMP_LIKE	HSC_PROG_LIKE	HSC_PROG_LIKE	HSC_PROG	HSC_PROG_LIKE	HSC_PROG_LIKE	HSC_PROG_LIKE	HSC_PROG_LIKE	UNLABELED
AML921A.D0_TGTGTAGGTAAT	HSC_PROG_LIKE	HSC_PROG_LIKE	UNLABELED	HSC_PROG	HSC_PROG_LIKE	UNLABELED	HSC_PROG	GMP	HSC_PROG_LIKE	HSC_PROG	HSC_PROG	HSC_PROG_LIKE	HSC_PROG_LIKE	UNLABELED	HSC_PROG	UNLABELED	HSC_PROG_LIKE	HSC_PROG_LIKE	HSC_PROG_LIKE	UNLABELED
MUTZ3_ACAAACGGCTCC	HSC_PROG_LIKE	HSC_PROG_LIKE	UNLABELED	GMP_LIKE	HSC_PROG_LIKE	UNLABELED	GMP_LIKE	HSC_PROG_LIKE	HSC_PROG_LIKE	GMP_LIKE	GMP_LIKE	GMP_LIKE	HSC_PROG	GMP_LIKE	UNLABELED	GMP_LIKE	HSC_PROG_LIKE	GMP_LIKE	GMP_LIKE	UNLABELED
AML328.D29_TTTGTCAAAAAN	HSC_PROG_LIKE	HSC_PROG_LIKE	UNLABELED	HSC_PROG	HSC_PROG_LIKE	UNLABELED	HSC_PROG	HSC_PROG	HSC_PROG_LIKE	HSC_PROG_LIKE	HSC_PROG	HSC_PROG_LIKE	HSC_PROG_LIKE	HSC_PROG_LIKE	HSC_PROG	UNLABELED	HSC_PROG_LIKE	HSC_PROG_LIKE	HSC_PROG_LIKE	UNLABELED
AML328.D29_TTTCATCGGAGC	HSC_PROG_LIKE	HSC_PROG_LIKE	UNLABELED	HSC_PROG_LIKE	HSC_PROG_LIKE	UNLABELED	HSC_PROG	HSC_PROG	HSC_PROG_LIKE	HSC_PROG_LIKE	HSC_PROG_LIKE	UNLABELED	HSC_PROG_LIKE	HSC_PROG_LIKE	HSC_PROG	UNLABELED	HSC_PROG_LIKE	HSC_PROG_LIKE	HSC_PROG_LIKE	UNLABELED
AML328.D29_TGCTGTTGGCCC	HSC_PROG_LIKE	HSC_PROG_LIKE	HSC_PROG_LIKE	HSC_PROG_LIKE	HSC_PROG_LIKE	UNLABELED	HSC_PROG_LIKE	HSC_PROG_LIKE	HSC_PROG_LIKE	HSC_PROG_LIKE	HSC_PROG_LIKE	HSC_PROG_LIKE	HSC_PROG_LIKE	HSC_PROG_LIKE	HSC_PROG	UNLABELED	HSC_PROG_LIKE	HSC_PROG_LIKE	HSC_PROG_LIKE	UNLABELED
AML916.D0_CAAGTCTTCACN	HSC_PROG_LIKE	HSC_PROG_LIKE	UNLABELED	GMP	HSC_PROG	UNLABELED	MYELOID	GMP_LIKE	HSC_PROG_LIKE	HSC_PROG_LIKE	HSC_PROG	UNLABELED	GMP_LIKE	UNLABELED	GMP	UNLABELED	UNLABELED	HSC_PROG_LIKE	HSC_PROG_LIKE	UNLABELED
AML870.D0_GCGGTAGACCTC	HSC_PROG_LIKE	HSC_PROG	UNLABELED	HSC_PROG	HSC_PROG	UNLABELED	HSC_PROG	GMP	GMP_LIKE	HSC_PROG_LIKE	HSC_PROG_LIKE	UNLABELED	HSC_PROG_LIKE	HSC_PROG	HSC_PROG	UNLABELED	UNLABELED	HSC_PROG	HSC_PROG	UNLABELED
MUTZ3_GTTCTCTTGGAC	HSC_PROG_LIKE	HSC_PROG_LIKE	UNLABELED	HSC_PROG_LIKE	HSC_PROG_LIKE	UNLABELED	GMP_LIKE	HSC_PROG	HSC_PROG_LIKE	HSC_PROG_LIKE	HSC_PROG_LIKE	GMP_LIKE	GMP_LIKE	UNLABELED	GMP	UNLABELED	HSC_PROG_LIKE	HSC_PROG_LIKE	HSC_PROG_LIKE	UNLABELED
AML556.D0_CGTGTGTGGAGA	MYELOID_LIKE	MYELOID_LIKE	UNLABELED	MYELOID_LIKE	MYELOID_LIKE	UNLABELED	MYELOID	MYELOID_LIKE	MYELOID	MYELOID_LIKE	MYELOID_LIKE	MYELOID_LIKE	MYELOID_LIKE	MYELOID_LIKE	GMP	MYELOID_LIKE	MYELOID_LIKE	MYELOID_LIKE	MYELOID_LIKE	UNLABELED
AML556.D0_GTCGGGGTTTAC	MYELOID_LIKE	MYELOID_LIKE	UNLABELED	GMP_LIKE	GMP_LIKE	UNLABELED	GMP_LIKE	GMP	GMP	GMP_LIKE	MYELOID_LIKE	GMP_LIKE	GMP_LIKE	GMP	GMP	UNLABELED	GMP	GMP	MYELOID_LIKE	UNLABELED
AML556.D0_GCCAAATGGCCN	MYELOID_LIKE	MYELOID_LIKE	UNLABELED	MYELOID_LIKE	MYELOID_LIKE	UNLABELED	MYELOID_LIKE	GMP_LIKE	MYELOID_LIKE	MYELOID_LIKE	MYELOID	MYELOID_LIKE	MYELOID_LIKE	MYELOID_LIKE	GMP	MYELOID_LIKE	MYELOID_LIKE	MYELOID_LIKE	MYELOID_LIKE	UNLABELED
AML556.D0_TGCATCCCTTTG	MYELOID_LIKE	MYELOID_LIKE	UNLABELED	MYELOID	MYELOID	UNLABELED	MYELOID	MYELOID_LIKE	MYELOID_LIKE	MYELOID_LIKE	MYELOID	MYELOID	MYELOID_LIKE	MYELOID_LIKE	HSC_PROG	MYELOID_LIKE	MYELOID_LIKE	MYELOID_LIKE	MYELOID_LIKE	UNLABELED
AML556.D0_ACGTCGTGAGTG	MYELOID_LIKE	MYELOID_LIKE	UNLABELED	MYELOID_LIKE	MYELOID_LIKE	UNLABELED	MYELOID_LIKE	MYELOID_LIKE	MYELOID_LIKE	MYELOID_LIKE	MYELOID_LIKE	MYELOID_LIKE	MYELOID	MYELOID_LIKE	HSC_PROG	MYELOID_LIKE	MYELOID_LIKE	MYELOID_LIKE	MYELOID_LIKE	UNLABELED
AML556.D0_TGAAGATGTGTN	MYELOID_LIKE	MYELOID_LIKE	UNLABELED	MYELOID_LIKE	MYELOID	UNLABELED	MYELOID	MYELOID_LIKE	MYELOID_LIKE	MYELOID_LIKE	MYELOID	MYELOID	MYELOID	UNLABELED	HSC_PROG	MYELOID_LIKE	UNLABELED	MYELOID_LIKE	MYELOID_LIKE	UNLABELED
AML921A.D0_CCGTATTCTTAG	MYELOID_LIKE	MYELOID_LIKE	UNLABELED	MYELOID_LIKE	MYELOID_LIKE	UNLABELED	HSC_PROG_LIKE	MYELOID_LIKE	HSC_PROG_LIKE	MYELOID_LIKE	MYELOID_LIKE	MYELOID	MYELOID	UNLABELED	UNLABELED	MYELOID_LIKE	MYELOID	HSC_PROG_LIKE	MYELOID_LIKE	UNLABELED
AML556.D0_TTTGTGGAATAA	MYELOID_LIKE	MYELOID_LIKE	MYELOID_LIKE	GMP_LIKE	MYELOID_LIKE	UNLABELED	MYELOID_LIKE	GMP	GMP	MYELOID_LIKE	MYELOID_LIKE	MYELOID_LIKE	MYELOID_LIKE	MYELOID_LIKE	GMP	UNLABELED	MYELOID_LIKE	MYELOID_LIKE	MYELOID_LIKE	UNLABELED
AML921A.D0_CGTAAAGAATCA	MYELOID_LIKE	MYELOID_LIKE	UNLABELED	MYELOID_LIKE	MYELOID	UNLABELED	MYELOID_LIKE	MYELOID	MYELOID	MYELOID_LIKE	MYELOID_LIKE	MYELOID	MYELOID_LIKE	MYELOID_LIKE	UNLABELED	UNLABELED	MYELOID	MYELOID_LIKE	MYELOID_LIKE	UNLABELED
AML556.D0_GGATGGGTAGCA	MYELOID_LIKE	MYELOID_LIKE	MYELOID_LIKE	MYELOID_LIKE	MYELOID_LIKE	UNLABELED	MYELOID_LIKE	MYELOID_LIKE	MYELOID_LIKE	MYELOID_LIKE	MYELOID_LIKE	MYELOID_LIKE	MYELOID_LIKE	MYELOID_LIKE	GMP	MYELOID_LIKE	MYELOID_LIKE	MYELOID_LIKE	MYELOID_LIKE	UNLABELED
AML420B.D35_CAGTTCGCGTTN	MYELOID	MYELOID	MYELOID	MYELOID	MYELOID	UNLABELED	MYELOID	MYELOID	GMP	MYELOID	MYELOID_LIKE	MYELOID	MYELOID_LIKE	MYELOID	UNLABELED	UNLABELED	MYELOID	MYELOID	MYELOID	UNLABELED
AML371.D0_GGAGAAGCAGGT	MYELOID	MYELOID	UNLABELED	MYELOID_LIKE	MYELOID	UNLABELED	MYELOID_LIKE	MYELOID_LIKE	MYELOID	MYELOID	MYELOID_LIKE	MYELOID	MYELOID	UNLABELED	GMP	UNLABELED	MYELOID	MYELOID_LIKE	MYELOID_LIKE	UNLABELED
AML420B.D35_TCATTGCTACCA	MYELOID	MYELOID	MYELOID	MYELOID	MYELOID	UNLABELED	MYELOID	MYELOID	MYELOID	MYELOID	MYELOID_LIKE	MYELOID	MYELOID_LIKE	MYELOID	UNLABELED	UNLABELED	MYELOID	MYELOID	MYELOID	UNLABELED
AML556.D31_CAGGTGTCGGGC	MYELOID	MYELOID	MYELOID	MYELOID	MYELOID	UNLABELED	GMP_LIKE	MYELOID	MYELOID	MYELOID	MYELOID_LIKE	UNLABELED	MYELOID	UNLABELED	GMP	UNLABELED	MYELOID	MYELOID_LIKE	MYELOID	UNLABELED
BM3_GAGATACAACCC	MYELOID	MYELOID	MYELOID	MYELOID	MYELOID	UNLABELED	MYELOID	MYELOID	MYELOID	MYELOID	MYELOID_LIKE	MYELOID	MYELOID	MYELOID	HSC_PROG	MYELOID	MYELOID	MYELOID	MYELOID	UNLABELED
AML556.D31_AACATTCTTTTA	MYELOID	MYELOID	UNLABELED	MYELOID	MYELOID	UNLABELED	MYELOID	MYELOID	GMP	MYELOID	MYELOID_LIKE	UNLABELED	GMP_LIKE	MYELOID	GMP	UNLABELED	UNLABELED	MYELOID	MYELOID	UNLABELED
BM4_GCCACGCCGATG	MYELOID	MYELOID	MYELOID	MYELOID	MYELOID	UNLABELED	MYELOID	MYELOID	MYELOID	MYELOID	MYELOID_LIKE	MYELOID	MYELOID_LIKE	MYELOID	UNLABELED	MYELOID	MYELOID	MYELOID	MYELOID	UNLABELED
AML329.D20_CCGGATTAATTG	MYELOID	MYELOID_LIKE	UNLABELED	MYELOID	MYELOID_LIKE	UNLABELED	GMP_LIKE	MYELOID_LIKE	GMP_LIKE	UNLABELED	MYELOID_LIKE	UNLABELED	MYELOID_LIKE	MYELOID_LIKE	GMP	UNLABELED	GMP_LIKE	GMP_LIKE	MYELOID_LIKE	UNLABELED
AML329.D20_GGTATTATTTTN	MYELOID	MYELOID	UNLABELED	MYELOID	MYELOID	UNLABELED	MYELOID_LIKE	MYELOID	HSC_PROG_LIKE	MYELOID	MYELOID_LIKE	MYELOID	MYELOID_LIKE	UNLABELED	UNLABELED	MYELOID_LIKE	MYELOID	MYELOID_LIKE	MYELOID	UNLABELED
AML475.D29_ACTCGTCGGGCN	MYELOID	MYELOID	MYELOID	GMP	MYELOID_LIKE	UNLABELED	GMP	MYELOID	MYELOID	MYELOID	MYELOID_LIKE	MYELOID	MYELOID	MYELOID	UNLABELED	UNLABELED	MYELOID	GMP	MYELOID	UNLABELED
BM5.34p38n_ATGCGGCATAAT	HSC_PROG	HSC_PROG	HSC_PROG	HSC_PROG	HSC_PROG	UNLABELED	HSC_PROG	HSC_PROG	HSC_PROG	HSC_PROG	HSC_PROG	HSC_PROG	HSC_PROG	HSC_PROG	HSC_PROG	UNLABELED	HSC_PROG	HSC_PROG	HSC_PROG	UNLABELED
AML475.D0_GTCATGATGTTC	HSC_PROG	HSC_PROG	UNLABELED	GMP_LIKE	HSC_PROG	UNLABELED	HSC_PROG	GMP	GMP	HSC_PROG	GMP_LIKE	UNLABELED	GMP_LIKE	HSC_PROG	HSC_PROG	UNLABELED	HSC_PROG	HSC_PROG	HSC_PROG	UNLABELED
BM3_CAGCAGGCACAC	HSC_PROG	HSC_PROG	HSC_PROG	HSC_PROG	HSC_PROG	UNLABELED	HSC_PROG	HSC_PROG	HSC_PROG	HSC_PROG	HSC_PROG_LIKE	HSC_PROG	HSC_PROG	HSC_PROG	HSC_PROG	UNLABELED	HSC_PROG	HSC_PROG	HSC_PROG	UNLABELED
BM5.34p38n_GGCAGACGGGCA	HSC_PROG	HSC_PROG	HSC_PROG	HSC_PROG	HSC_PROG	UNLABELED	HSC_PROG	HSC_PROG	HSC_PROG	HSC_PROG	HSC_PROG	HSC_PROG	HSC_PROG	HSC_PROG	HSC_PROG	UNLABELED	HSC_PROG	HSC_PROG	HSC_PROG	UNLABELED
BM5.34p_GCAAGTTATAGA	HSC_PROG	HSC_PROG	UNLABELED	HSC_PROG	HSC_PROG	UNLABELED	HSC_PROG	GMP	GMP	HSC_PROG	HSC_PROG	HSC_PROG	HSC_PROG	GMP_LIKE	HSC_PROG	UNLABELED	UNLABELED	HSC_PROG	HSC_PROG	UNLABELED
BM5.34p38n_CGACAGATCGGA	HSC_PROG	HSC_PROG	HSC_PROG	HSC_PROG	HSC_PROG	UNLABELED	HSC_PROG	HSC_PROG	HSC_PROG	HSC_PROG	HSC_PROG_LIKE	HSC_PROG	HSC_PROG_LIKE	HSC_PROG	HSC_PROG	UNLABELED	HSC_PROG	HSC_PROG	HSC_PROG	UNLABELED
BM5.34p_CCCAAATCCAGA	HSC_PROG	HSC_PROG	HSC_PROG	HSC_PROG	HSC_PROG	UNLABELED	HSC_PROG	HSC_PROG	GMP	HSC_PROG	HSC_PROG	HSC_PROG	HSC_PROG	HSC_PROG	HSC_PROG	UNLABELED	HSC_PROG	HSC_PROG	HSC_PROG	UNLABELED
BM5.34p38n_TGAAATACTGAT	HSC_PROG	HSC_PROG	HSC_PROG	HSC_PROG	HSC_PROG	UNLABELED	HSC_PROG	HSC_PROG	HSC_PROG	HSC_PROG	HSC_PROG	HSC_PROG	HSC_PROG	HSC_PROG	HSC_PROG	UNLABELED	HSC_PROG	HSC_PROG	HSC_PROG	UNLABELED
BM5.34p38n_CGAATATCTGGG	HSC_PROG	HSC_PROG	HSC_PROG	HSC_PROG	HSC_PROG	UNLABELED	HSC_PROG	HSC_PROG	HSC_PROG	HSC_PROG	HSC_PROG	HSC_PROG	HSC_PROG_LIKE	HSC_PROG	HSC_PROG	HSC_PROG	HSC_PROG	HSC_PROG	HSC_PROG	UNLABELED
BM4_CGAAATGAGTAC	HSC_PROG	HSC_PROG	HSC_PROG	HSC_PROG	HSC_PROG	UNLABELED	HSC_PROG	GMP	GMP	HSC_PROG	HSC_PROG_LIKE	HSC_PROG	HSC_PROG	HSC_PROG	HSC_PROG	UNLABELED	HSC_PROG	HSC_PROG	HSC_PROG	UNLABELED
AML329.D0_AGATTACCTCGT	GMP_LIKE	GMP	UNLABELED	GMP	GMP_LIKE	UNLABELED	GMP_LIKE	GMP	GMP_LIKE	GMP_LIKE	HSC_PROG_LIKE	UNLABELED	GMP_LIKE	UNLABELED	GMP	GMP_LIKE	GMP_LIKE	GMP_LIKE	GMP_LIKE	UNLABELED
MUTZ3_CCTTTTGTTGTA	GMP_LIKE	GMP_LIKE	UNLABELED	GMP_LIKE	HSC_PROG	UNLABELED	HSC_PROG	GMP	GMP_LIKE	GMP_LIKE	GMP_LIKE	GMP_LIKE	HSC_PROG_LIKE	GMP_LIKE	HSC_PROG	GMP_LIKE	GMP_LIKE	GMP_LIKE	GMP_LIKE	UNLABELED
AML475.D0_CATGCTTGCTGC	GMP_LIKE	GMP	UNLABELED	GMP	HSC_PROG_LIKE	UNLABELED	HSC_PROG	GMP	GMP	HSC_PROG	MYELOID_LIKE	UNLABELED	GMP_LIKE	GMP	GMP	UNLABELED	UNLABELED	GMP	GMP	UNLABELED
OCI.AML3_TCACCGGCACGN	GMP_LIKE	GMP_LIKE	UNLABELED	GMP_LIKE	HSC_PROG	UNLABELED	HSC_PROG	GMP_LIKE	HSC_PROG	UNLABELED	GMP_LIKE	UNLABELED	GMP_LIKE	UNLABELED	HSC_PROG	UNLABELED	UNLABELED	GMP_LIKE	GMP_LIKE	UNLABELED
AML870.D0_GCTTAGACGTGT	GMP_LIKE	GMP_LIKE	UNLABELED	GMP_LIKE	HSC_PROG	UNLABELED	HSC_PROG	GMP	GMP	GMP_LIKE	GMP_LIKE	UNLABELED	HSC_PROG_LIKE	GMP_LIKE	HSC_PROG	UNLABELED	UNLABELED	GMP	GMP	UNLABELED
AML707B.D0_AACCGCCAAAGA	GMP_LIKE	GMP_LIKE	UNLABELED	GMP_LIKE	GMP_LIKE	UNLABELED	GMP_LIKE	GMP_LIKE	GMP_LIKE	GMP_LIKE	GMP_LIKE	GMP_LIKE	HSC_PROG_LIKE	GMP_LIKE	GMP	GMP	GMP_LIKE	GMP_LIKE	GMP_LIKE	UNLABELED
AML707B.D0_TAGTTACCTGGC	GMP_LIKE	GMP_LIKE	UNLABELED	HSC_PROG_LIKE	GMP_LIKE	UNLABELED	GMP_LIKE	HSC_PROG_LIKE	GMP_LIKE	GMP_LIKE	HSC_PROG_LIKE	GMP_LIKE	HSC_PROG_LIKE	GMP_LIKE	GMP	UNLABELED	GMP_LIKE	GMP_LIKE	GMP_LIKE	UNLABELED
AML707B.D0_GAGTCGTTTGCG	GMP_LIKE	GMP_LIKE	UNLABELED	HSC_PROG_LIKE	GMP_LIKE	UNLABELED	GMP_LIKE	GMP	GMP_LIKE	GMP_LIKE	HSC_PROG_LIKE	GMP_LIKE	GMP_LIKE	GMP_LIKE	GMP	UNLABELED	GMP_LIKE	GMP_LIKE	GMP_LIKE	UNLABELED
MUTZ3_ATGAGATGATTG	GMP_LIKE	GMP_LIKE	GMP_LIKE	GMP_LIKE	HSC_PROG_LIKE	UNLABELED	GMP_LIKE	HSC_PROG_LIKE	GMP_LIKE	GMP_LIKE	GMP_LIKE	GMP_LIKE	GMP	GMP_LIKE	GMP	UNLABELED	GMP_LIKE	GMP_LIKE	GMP_LIKE	UNLABELED
AML707B.D0_ATTTAAAGTACT	GMP_LIKE	GMP_LIKE	UNLABELED	GMP_LIKE	HSC_PROG_LIKE	UNLABELED	HSC_PROG	GMP_LIKE	GMP_LIKE	GMP_LIKE	HSC_PROG	UNLABELED	GMP_LIKE	GMP_LIKE	HSC_PROG	UNLABELED	HSC_PROG_LIKE	HSC_PROG_LIKE	GMP_LIKE	UNLABELED
BM4_GCCGGGTTAGAN	GMP	GMP	UNLABELED	MYELOID	MYELOID	UNLABELED	MYELOID	GMP	GMP	GMP	MYELOID	GMP	GMP	UNLABELED	GMP	UNLABELED	UNLABELED	GMP	GMP	UNLABELED
BM4_TCCGTCATCTGT	GMP	GMP	GMP	GMP	GMP	UNLABELED	GMP	GMP	GMP	GMP	GMP	GMP	GMP	GMP	GMP	GMP	GMP	GMP	GMP	UNLABELED
AML329.D20_GATCATTAGGGA	GMP	MYELOID	UNLABELED	MYELOID	MYELOID	UNLABELED	MYELOID	GMP	MYELOID	UNLABELED	MYELOID	MYELOID	MYELOID	UNLABELED	HSC_PROG	UNLABELED	UNLABELED	MYELOID_LIKE	GMP_LIKE	UNLABELED
BM3_GCACATCGTGCT	GMP	GMP	GMP	GMP	GMP	UNLABELED	GMP	GMP	GMP	GMP	HSC_PROG_LIKE	HSC_PROG	HSC_PROG_LIKE	HSC_PROG	GMP	GMP	UNLABELED	GMP	GMP	UNLABELED
AML420B.D0_GTTGTTGGACCG	GMP	GMP	UNLABELED	GMP_LIKE	GMP	UNLABELED	GMP	GMP	GMP	GMP	HSC_PROG_LIKE	GMP	GMP	GMP	GMP	UNLABELED	GMP_LIKE	GMP_LIKE	GMP	UNLABELED
AML997.D35_TTTGGAGCCTTG	GMP	GMP	GMP	GMP	GMP	UNLABELED	GMP	GMP	GMP	GMP	HSC_PROG	GMP	GMP	HSC_PROG	GMP	UNLABELED	UNLABELED	GMP	GMP	UNLABELED
AML420B.D35_GGTATGCAGTGT	GMP	GMP	UNLABELED	GMP	HSC_PROG_LIKE	UNLABELED	MYELOID	GMP	GMP	GMP	GMP_LIKE	GMP	HSC_PROG	GMP	GMP	GMP	UNLABELED	GMP	GMP	UNLABELED
AML371.D0_TTCACGAGAAGC	GMP	HSC_PROG	UNLABELED	MYELOID	HSC_PROG	UNLABELED	MYELOID	HSC_PROG	GMP	GMP	MYELOID	UNLABELED	HSC_PROG	UNLABELED	HSC_PROG	UNLABELED	UNLABELED	GMP	GMP_LIKE	UNLABELED
AML1012.D0_AACGTCTCTGTT	GMP	GMP	UNLABELED	HSC_PROG	HSC_PROG	UNLABELED	GMP	GMP	GMP_LIKE	GMP_LIKE	HSC_PROG_LIKE	UNLABELED	HSC_PROG_LIKE	GMP_LIKE	GMP	GMP	GMP	GMP	GMP	UNLABELED
AML371.D0_CACCGTCAGCAG	GMP	HSC_PROG	UNLABELED	HSC_PROG	HSC_PROG	UNLABELED	MYELOID	GMP	MYELOID	UNLABELED	MYELOID	MYELOID	HSC_PROG_LIKE	MYELOID	HSC_PROG	UNLABELED	UNLABELED	GMP	MYELOID	UNLABELED
AML921A.D0_CCTCCGAGACTG	HSC_PROG_LIKE	HSC_PROG_LIKE	HSC_PROG_LIKE	HSC_PROG_LIKE	HSC_PROG_LIKE	UNLABELED	HSC_PROG_LIKE	HSC_PROG_LIKE	HSC_PROG_LIKE	HSC_PROG_LIKE	HSC_PROG_LIKE	HSC_PROG_LIKE	HSC_PROG_LIKE	HSC_PROG_LIKE	GMP_LIKE	UNLABELED	HSC_PROG_LIKE	HSC_PROG_LIKE	HSC_PROG_LIKE	UNLABELED
AML328.D0_GCGAGCACTTAC	HSC_PROG_LIKE	HSC_PROG_LIKE	HSC_PROG_LIKE	HSC_PROG_LIKE	HSC_PROG_LIKE	UNLABELED	HSC_PROG_LIKE	GMP_LIKE	HSC_PROG_LIKE	HSC_PROG_LIKE	HSC_PROG_LIKE	HSC_PROG_LIKE	HSC_PROG_LIKE	HSC_PROG_LIKE	HSC_PROG	UNLABELED	HSC_PROG_LIKE	HSC_PROG_LIKE	HSC_PROG_LIKE	UNLABELED
AML916.D0_ACCTTTCCTAGA	HSC_PROG_LIKE	HSC_PROG_LIKE	UNLABELED	HSC_PROG_LIKE	GMP_LIKE	UNLABELED	GMP_LIKE	GMP	HSC_PROG	HSC_PROG_LIKE	HSC_PROG_LIKE	GMP_LIKE	HSC_PROG_LIKE	UNLABELED	HSC_PROG	UNLABELED	GMP_LIKE	GMP_LIKE	HSC_PROG_LIKE	UNLABELED
AML921A.D0_GGGCTGTCGGTA	HSC_PROG_LIKE	HSC_PROG_LIKE	HSC_PROG_LIKE	HSC_PROG_LIKE	HSC_PROG_LIKE	UNLABELED	HSC_PROG	GMP	HSC_PROG	HSC_PROG_LIKE	HSC_PROG	UNLABELED	HSC_PROG_LIKE	HSC_PROG_LIKE	HSC_PROG	UNLABELED	HSC_PROG_LIKE	HSC_PROG_LIKE	HSC_PROG_LIKE	UNLABELED
AML328.D29_ACGTCCTGCCTT	HSC_PROG_LIKE	HSC_PROG_LIKE	HSC_PROG_LIKE	HSC_PROG_LIKE	HSC_PROG_LIKE	UNLABELED	HSC_PROG_LIKE	GMP	HSC_PROG_LIKE	HSC_PROG_LIKE	HSC_PROG_LIKE	HSC_PROG_LIKE	GMP_LIKE	HSC_PROG_LIKE	GMP_LIKE	UNLABELED	HSC_PROG_LIKE	HSC_PROG_LIKE	HSC_PROG_LIKE	UNLABELED
AML328.D0_TCCAAGCAGGGT	HSC_PROG_LIKE	HSC_PROG_LIKE	HSC_PROG_LIKE	HSC_PROG_LIKE	HSC_PROG_LIKE	UNLABELED	HSC_PROG_LIKE	HSC_PROG	HSC_PROG_LIKE	HSC_PROG_LIKE	HSC_PROG_LIKE	HSC_PROG_LIKE	HSC_PROG_LIKE	HSC_PROG_LIKE	GMP_LIKE	UNLABELED	HSC_PROG_LIKE	HSC_PROG_LIKE	HSC_PROG_LIKE	UNLABELED
AML328.D0_AATGGATCTTGG	HSC_PROG_LIKE	HSC_PROG_LIKE	HSC_PROG_LIKE	HSC_PROG_LIKE	HSC_PROG_LIKE	UNLABELED	HSC_PROG_LIKE	HSC_PROG	HSC_PROG_LIKE	HSC_PROG_LIKE	HSC_PROG_LIKE	HSC_PROG_LIKE	GMP_LIKE	HSC_PROG_LIKE	GMP_LIKE	HSC_PROG_LIKE	HSC_PROG_LIKE	HSC_PROG_LIKE	HSC_PROG_LIKE	UNLABELED
AML916.D0_ATTACCTAACCC	HSC_PROG_LIKE	HSC_PROG_LIKE	HSC_PROG_LIKE	HSC_PROG_LIKE	HSC_PROG_LIKE	UNLABELED	HSC_PROG_LIKE	GMP	HSC_PROG_LIKE	HSC_PROG_LIKE	HSC_PROG_LIKE	HSC_PROG_LIKE	HSC_PROG_LIKE	HSC_PROG_LIKE	HSC_PROG	UNLABELED	HSC_PROG_LIKE	HSC_PROG_LIKE	HSC_PROG_LIKE	UNLABELED
AML328.D29_TCGGGAAACCCT	HSC_PROG_LIKE	HSC_PROG_LIKE	UNLABELED	HSC_PROG	HSC_PROG_LIKE	UNLABELED	HSC_PROG_LIKE	GMP	HSC_PROG_LIKE	HSC_PROG_LIKE	HSC_PROG	HSC_PROG_LIKE	HSC_PROG_LIKE	HSC_PROG_LIKE	HSC_PROG	UNLABELED	HSC_PROG_LIKE	HSC_PROG_LIKE	HSC_PROG_LIKE	UNLABELED
AML921A.D0_TGTCCGGTTACN	HSC_PROG_LIKE	HSC_PROG_LIKE	HSC_PROG_LIKE	HSC_PROG_LIKE	HSC_PROG_LIKE	UNLABELED	HSC_PROG_LIKE	HSC_PROG_LIKE	HSC_PROG_LIKE	HSC_PROG_LIKE	HSC_PROG_LIKE	HSC_PROG_LIKE	HSC_PROG_LIKE	HSC_PROG_LIKE	UNLABELED	HSC_PROG_LIKE	HSC_PROG_LIKE	HSC_PROG_LIKE	HSC_PROG_LIKE	UNLABELED
AML328.D113_ATGCCAATACTC	MYELOID_LIKE	MYELOID	UNLABELED	MYELOID_LIKE	MYELOID	UNLABELED	MYELOID	MYELOID	MYELOID_LIKE	MYELOID	MYELOID_LIKE	MYELOID	MYELOID	MYELOID_LIKE	UNLABELED	UNLABELED	MYELOID	MYELOID	MYELOID	UNLABELED
MUTZ3_GACCACATTTGG	MYELOID_LIKE	GMP_LIKE	UNLABELED	GMP_LIKE	HSC_PROG	UNLABELED	MYELOID_LIKE	GMP	GMP	GMP_LIKE	GMP_LIKE	UNLABELED	HSC_PROG	GMP_LIKE	HSC_PROG	UNLABELED	GMP_LIKE	GMP_LIKE	HSC_PROG_LIKE	UNLABELED
AML419A.D0_GGAACCGGCGGA	MYELOID_LIKE	MYELOID	MYELOID	MYELOID	MYELOID	UNLABELED	MYELOID_LIKE	MYELOID	MYELOID	MYELOID	MYELOID	MYELOID	MYELOID	MYELOID	UNLABELED	UNLABELED	MYELOID	MYELOID	MYELOID_LIKE	UNLABELED
AML556.D0_AGTGGGCCCGAC	MYELOID_LIKE	MYELOID_LIKE	MYELOID_LIKE	MYELOID	MYELOID_LIKE	UNLABELED	GMP_LIKE	MYELOID_LIKE	MYELOID_LIKE	MYELOID_LIKE	MYELOID	MYELOID_LIKE	MYELOID	MYELOID_LIKE	UNLABELED	UNLABELED	MYELOID_LIKE	MYELOID_LIKE	MYELOID_LIKE	UNLABELED
AML556.D0_CCGGTACACCTN	MYELOID_LIKE	MYELOID_LIKE	MYELOID_LIKE	MYELOID	GMP	UNLABELED	GMP_LIKE	MYELOID	MYELOID_LIKE	MYELOID_LIKE	MYELOID	UNLABELED	MYELOID_LIKE	MYELOID_LIKE	GMP_LIKE	GMP_LIKE	GMP_LIKE	GMP_LIKE	MYELOID_LIKE	UNLABELED
AML1012.D0_TGGACACCTCCA	MYELOID_LIKE	MYELOID	UNLABELED	MYELOID	MYELOID_LIKE	UNLABELED	MYELOID	MYELOID	MYELOID	MYELOID	MYELOID	MYELOID	MYELOID	MYELOID	UNLABELED	UNLABELED	MYELOID	MYELOID	MYELOID	UNLABELED
AML556.D0_AGCACCCCCCTT	MYELOID_LIKE	MYELOID_LIKE	MYELOID_LIKE	MYELOID_LIKE	MYELOID_LIKE	UNLABELED	MYELOID_LIKE	MYELOID_LIKE	MYELOID_LIKE	MYELOID_LIKE	MYELOID_LIKE	MYELOID_LIKE	MYELOID_LIKE	MYELOID_LIKE	UNLABELED	MYELOID_LIKE	MYELOID_LIKE	MYELOID_LIKE	MYELOID_LIKE	UNLABELED
AML556.D0_GGTCTATACATN	MYELOID_LIKE	MYELOID_LIKE	MYELOID_LIKE	MYELOID_LIKE	MYELOID_LIKE	UNLABELED	MYELOID	MYELOID_LIKE	MYELOID_LIKE	MYELOID_LIKE	MYELOID	MYELOID_LIKE	MYELOID_LIKE	MYELOID_LIKE	UNLABELED	UNLABELED	UNLABELED	MYELOID	MYELOID_LIKE	UNLABELED
AML556.D0_TGGATGATGGCG	MYELOID_LIKE	MYELOID_LIKE	MYELOID_LIKE	MYELOID_LIKE	MYELOID_LIKE	UNLABELED	MYELOID_LIKE	MYELOID_LIKE	MYELOID_LIKE	MYELOID_LIKE	MYELOID	MYELOID_LIKE	MYELOID	MYELOID_LIKE	UNLABELED	UNLABELED	MYELOID_LIKE	MYELOID_LIKE	MYELOID_LIKE	UNLABELED
AML556.D0_TCTGAGCTCAAC	MYELOID_LIKE	MYELOID_LIKE	UNLABELED	MYELOID_LIKE	MYELOID_LIKE	UNLABELED	MYELOID_LIKE	MYELOID_LIKE	MYELOID_LIKE	MYELOID_LIKE	MYELOID_LIKE	MYELOID	MYELOID_LIKE	MYELOID_LIKE	UNLABELED	UNLABELED	MYELOID_LIKE	MYELOID_LIKE	MYELOID_LIKE	UNLABELED
AML329.D37_AGGGGGTGGTCG	MYELOID	MYELOID	UNLABELED	MYELOID	MYELOID	UNLABELED	MYELOID_LIKE	MYELOID_LIKE	MYELOID	MYELOID	MYELOID_LIKE	MYELOID	MYELOID_LIKE	MYELOID	UNLABELED	MYELOID	UNLABELED	MYELOID	MYELOID	UNLABELED
AML1012.D0_GCGGTAAGGCGT	MYELOID	MYELOID	UNLABELED	MYELOID	MYELOID	UNLABELED	MYELOID_LIKE	MYELOID_LIKE	MYELOID	MYELOID	MYELOID	MYELOID	MYELOID	MYELOID	UNLABELED	UNLABELED	MYELOID	MYELOID	MYELOID	UNLABELED
AML556.D31_GATAACATACGG	MYELOID	MYELOID	UNLABELED	MYELOID	MYELOID_LIKE	UNLABELED	MYELOID_LIKE	GMP	MYELOID_LIKE	MYELOID	MYELOID	UNLABELED	MYELOID_LIKE	MYELOID	HSC_PROG	UNLABELED	UNLABELED	GMP	MYELOID	UNLABELED
AML329.D20_CCCGGGTGTGCN	MYELOID	MYELOID	MYELOID	MYELOID	MYELOID	MYELOID	MYELOID	MYELOID	MYELOID	MYELOID	MYELOID	MYELOID	MYELOID_LIKE	MYELOID	UNLABELED	UNLABELED	MYELOID	MYELOID	MYELOID	UNLABELED
AML371.D34_CAACAGTAATCG	MYELOID	MYELOID	UNLABELED	MYELOID	MYELOID_LIKE	UNLABELED	MYELOID_LIKE	MYELOID_LIKE	MYELOID_LIKE	MYELOID	MYELOID_LIKE	MYELOID	GMP_LIKE	UNLABELED	GMP	UNLABELED	UNLABELED	MYELOID	GMP	UNLABELED
BM4_CGGGGTCAATCG	MYELOID	MYELOID	UNLABELED	MYELOID	MYELOID	UNLABELED	MYELOID_LIKE	MYELOID_LIKE	HSC_PROG	MYELOID	MYELOID_LIKE	MYELOID	MYELOID	MYELOID	GMP	UNLABELED	UNLABELED	MYELOID	MYELOID	UNLABELED
AML371.D0_CCACCCGGAGAA	MYELOID	MYELOID	UNLABELED	MYELOID	MYELOID_LIKE	UNLABELED	MYELOID_LIKE	MYELOID_LIKE	MYELOID	MYELOID	MYELOID	MYELOID	MYELOID_LIKE	UNLABELED	UNLABELED	UNLABELED	UNLABELED	MYELOID	MYELOID_LIKE	UNLABELED
AML371.D0_TATACCTGTGCC	MYELOID	MYELOID	UNLABELED	MYELOID	MYELOID	UNLABELED	MYELOID_LIKE	MYELOID_LIKE	MYELOID	MYELOID	MYELOID_LIKE	MYELOID	MYELOID	MYELOID	UNLABELED	UNLABELED	UNLABELED	MYELOID	MYELOID_LIKE	UNLABELED
AML556.D31_CATCTAGGCTTN	MYELOID	MYELOID	MYELOID	MYELOID	MYELOID	UNLABELED	GMP_LIKE	MYELOID	MYELOID	MYELOID	MYELOID	UNLABELED	MYELOID	MYELOID	UNLABELED	UNLABELED	MYELOID	MYELOID	MYELOID	UNLABELED
BM4_TTGGGTTATAAT	MYELOID	MYELOID	MYELOID	MYELOID	MYELOID	UNLABELED	MYELOID	MYELOID	MYELOID	MYELOID	MYELOID	MYELOID	MYELOID	MYELOID	UNLABELED	MYELOID	UNLABELED	MYELOID	MYELOID	UNLABELED
BM5.34p_AAAGGTCGGGGG	HSC_PROG	HSC_PROG	HSC_PROG	HSC_PROG	HSC_PROG	UNLABELED	HSC_PROG	HSC_PROG	HSC_PROG	HSC_PROG	HSC_PROG	HSC_PROG	HSC_PROG_LIKE	HSC_PROG	HSC_PROG	HSC_PROG	HSC_PROG	HSC_PROG	HSC_PROG	UNLABELED
AML707B.D41_TGTAACCCGGAG	HSC_PROG	HSC_PROG_LIKE	UNLABELED	HSC_PROG	HSC_PROG_LIKE	UNLABELED	HSC_PROG_LIKE	HSC_PROG	GMP	HSC_PROG	HSC_PROG_LIKE	UNLABELED	HSC_PROG_LIKE	UNLABELED	GMP	UNLABELED	HSC_PROG_LIKE	HSC_PROG_LIKE	HSC_PROG	UNLABELED
AML371.D0_AACTCAGATAGN	HSC_PROG	HSC_PROG	UNLABELED	HSC_PROG	MYELOID_LIKE	UNLABELED	MYELOID_LIKE	GMP_LIKE	GMP	UNLABELED	MYELOID	MYELOID_LIKE	HSC_PROG	MYELOID_LIKE	HSC_PROG	UNLABELED	UNLABELED	GMP	GMP_LIKE	UNLABELED
BM5.34p_TATCACTCAAAG	HSC_PROG	HSC_PROG	UNLABELED	HSC_PROG	HSC_PROG	UNLABELED	HSC_PROG	HSC_PROG	HSC_PROG	HSC_PROG	HSC_PROG	HSC_PROG	HSC_PROG	HSC_PROG	HSC_PROG	UNLABELED	HSC_PROG	HSC_PROG	HSC_PROG	UNLABELED
BM5.34p38n_CCTAATCTGACC	HSC_PROG	HSC_PROG	HSC_PROG	HSC_PROG	HSC_PROG	UNLABELED	HSC_PROG	HSC_PROG	HSC_PROG	HSC_PROG	HSC_PROG	HSC_PROG	HSC_PROG_LIKE	HSC_PROG	GMP	HSC_PROG	HSC_PROG	HSC_PROG	HSC_PROG	UNLABELED
BM5.34p_GGGAACCCGTTT	HSC_PROG	HSC_PROG	UNLABELED	HSC_PROG	HSC_PROG	UNLABELED	HSC_PROG	HSC_PROG	HSC_PROG	HSC_PROG	HSC_PROG	HSC_PROG	HSC_PROG	HSC_PROG	HSC_PROG	UNLABELED	HSC_PROG	HSC_PROG	HSC_PROG	UNLABELED
AML329.D20_GTCACGAGTACG	HSC_PROG	HSC_PROG	UNLABELED	HSC_PROG	HSC_PROG	UNLABELED	HSC_PROG	GMP	GMP	HSC_PROG_LIKE	HSC_PROG	HSC_PROG	HSC_PROG	HSC_PROG	HSC_PROG	UNLABELED	HSC_PROG	HSC_PROG	HSC_PROG	UNLABELED
BM4_TGAGGCGTCTGT	HSC_PROG	HSC_PROG	UNLABELED	GMP	HSC_PROG	UNLABELED	HSC_PROG	GMP	HSC_PROG	HSC_PROG	GMP	HSC_PROG	GMP	UNLABELED	HSC_PROG	HSC_PROG	UNLABELED	HSC_PROG	HSC_PROG	UNLABELED
AML997.D0_TAGACTCGACCG	HSC_PROG	HSC_PROG	UNLABELED	HSC_PROG	HSC_PROG	UNLABELED	HSC_PROG	GMP	HSC_PROG_LIKE	HSC_PROG	HSC_PROG	UNLABELED	HSC_PROG	HSC_PROG	GMP_LIKE	UNLABELED	HSC_PROG	GMP	HSC_PROG	UNLABELED
BM4_ACGCTGGTTAGA	HSC_PROG	HSC_PROG	HSC_PROG	HSC_PROG	HSC_PROG	UNLABELED	HSC_PROG	HSC_PROG	HSC_PROG	HSC_PROG	HSC_PROG	HSC_PROG	HSC_PROG	HSC_PROG	HSC_PROG	HSC_PROG	HSC_PROG	HSC_PROG	HSC_PROG	UNLABELED
AML1012.D0_GACACGTAGCTN	GMP_LIKE	GMP	UNLABELED	GMP_LIKE	MYELOID_LIKE	UNLABELED	MYELOID_LIKE	GMP_LIKE	MYELOID_LIKE	GMP_LIKE	GMP_LIKE	UNLABELED	GMP	UNLABELED	HSC_PROG	UNLABELED	UNLABELED	GMP	GMP_LIKE	UNLABELED
AML707B.D0_GACAGCCTTATG	GMP_LIKE	HSC_PROG_LIKE	UNLABELED	GMP_LIKE	GMP_LIKE	UNLABELED	GMP_LIKE	HSC_PROG_LIKE	HSC_PROG_LIKE	GMP_LIKE	GMP_LIKE	GMP_LIKE	GMP	HSC_PROG_LIKE	GMP	UNLABELED	HSC_PROG_LIKE	HSC_PROG_LIKE	GMP_LIKE	UNLABELED
AML870.D0_TGAGTCAAAAGA	GMP_LIKE	GMP	UNLABELED	HSC_PROG	HSC_PROG	UNLABELED	HSC_PROG	GMP	HSC_PROG	HSC_PROG	GMP_LIKE	GMP	GMP_LIKE	GMP	GMP	UNLABELED	GMP	GMP	GMP	UNLABELED
MUTZ3_TCCAGCGGGTAG	GMP_LIKE	GMP_LIKE	UNLABELED	GMP_LIKE	HSC_PROG_LIKE	UNLABELED	GMP_LIKE	GMP	GMP	GMP_LIKE	HSC_PROG_LIKE	GMP_LIKE	GMP	GMP_LIKE	GMP_LIKE	UNLABELED	GMP_LIKE	GMP_LIKE	GMP_LIKE	UNLABELED
OCI.AML3_ATGGGAATGTAA	GMP_LIKE	GMP_LIKE	UNLABELED	GMP_LIKE	GMP_LIKE	UNLABELED	GMP_LIKE	GMP_LIKE	GMP	GMP_LIKE	HSC_PROG	GMP_LIKE	GMP_LIKE	UNLABELED	GMP	GMP_LIKE	GMP_LIKE	GMP_LIKE	GMP_LIKE	UNLABELED
AML707B.D0_CTAGCTAGAATG	GMP_LIKE	GMP_LIKE	UNLABELED	HSC_PROG	HSC_PROG_LIKE	UNLABELED	MYELOID_LIKE	GMP_LIKE	GMP_LIKE	GMP_LIKE	HSC_PROG_LIKE	GMP_LIKE	HSC_PROG_LIKE	GMP_LIKE	HSC_PROG	UNLABELED	UNLABELED	GMP_LIKE	HSC_PROG	UNLABELED
OCI.AML3_ACTCGCTAGCGG	GMP_LIKE	GMP_LIKE	UNLABELED	GMP_LIKE	MYELOID_LIKE	UNLABELED	MYELOID_LIKE	GMP_LIKE	GMP	GMP_LIKE	GMP_LIKE	GMP_LIKE	GMP_LIKE	GMP	GMP_LIKE	GMP_LIKE	UNLABELED	GMP_LIKE	GMP_LIKE	UNLABELED
AML1012.D0_AGCGTTTCAGAG	GMP_LIKE	HSC_PROG_LIKE	UNLABELED	GMP_LIKE	GMP	UNLABELED	GMP	GMP	GMP_LIKE	GMP	HSC_PROG	GMP_LIKE	HSC_PROG	UNLABELED	GMP_LIKE	UNLABELED	UNLABELED	GMP_LIKE	GMP_LIKE	UNLABELED
AML921A.D0_ACGTCAAAGGGG	GMP_LIKE	GMP_LIKE	UNLABELED	GMP_LIKE	GMP	UNLABELED	HSC_PROG	GMP	MYELOID_LIKE	HSC_PROG_LIKE	GMP_LIKE	UNLABELED	GMP	HSC_PROG_LIKE	GMP_LIKE	UNLABELED	HSC_PROG_LIKE	HSC_PROG_LIKE	HSC_PROG_LIKE	UNLABELED
MUTZ3_GGTACATGCGCT	GMP_LIKE	GMP_LIKE	GMP_LIKE	GMP_LIKE	GMP_LIKE	GMP_LIKE	GMP_LIKE	GMP_LIKE	GMP_LIKE	GMP_LIKE	GMP_LIKE	GMP_LIKE	GMP	GMP_LIKE	GMP	GMP_LIKE	GMP_LIKE	GMP_LIKE	GMP_LIKE	UNLABELED
BM4_GAGATGCCTAAT	GMP	GMP	GMP	GMP_LIKE	GMP	UNLABELED	GMP_LIKE	GMP	GMP	GMP	GMP_LIKE	GMP	GMP	GMP	GMP_LIKE	UNLABELED	GMP_LIKE	GMP	GMP	UNLABELED
BM4_GGCGGAGTCGCG	GMP	GMP	UNLABELED	HSC_PROG	GMP	UNLABELED	HSC_PROG	GMP	GMP	GMP	HSC_PROG	GMP	HSC_PROG	GMP	GMP	UNLABELED	GMP	GMP	HSC_PROG	UNLABELED
BM4_AGGCCAGTAACA	GMP	GMP	GMP	GMP	GMP	UNLABELED	GMP	GMP	GMP	GMP	GMP	GMP	HSC_PROG	GMP	GMP	UNLABELED	GMP	GMP	GMP	UNLABELED
BM4_TCCCCCCGTAAN	GMP	GMP	GMP	GMP	GMP	UNLABELED	GMP_LIKE	GMP	GMP	GMP	GMP	GMP	GMP	UNLABELED	GMP	UNLABELED	UNLABELED	GMP	GMP	UNLABELED
BM3_TTAATACATGCA	GMP	GMP	UNLABELED	GMP	MYELOID_LIKE	UNLABELED	MYELOID_LIKE	GMP_LIKE	GMP	GMP	MYELOID	GMP	MYELOID_LIKE	UNLABELED	GMP	UNLABELED	UNLABELED	GMP	MYELOID	UNLABELED
BM4_AGAAGTGGTTCN	GMP	GMP	UNLABELED	GMP	GMP	UNLABELED	GMP	GMP	GMP	GMP	GMP_LIKE	GMP	GMP_LIKE	GMP	GMP	UNLABELED	GMP	GMP	GMP	UNLABELED
BM3_GATTAACGCGCN	GMP	GMP	UNLABELED	GMP	GMP	UNLABELED	MYELOID_LIKE	GMP_LIKE	GMP	GMP	GMP_LIKE	UNLABELED	HSC_PROG_LIKE	GMP	GMP	GMP	GMP	GMP	GMP	UNLABELED
AML314.D31_TCAATAAGATCG	GMP	GMP	UNLABELED	HSC_PROG	HSC_PROG	UNLABELED	HSC_PROG	GMP	GMP	HSC_PROG	GMP	UNLABELED	HSC_PROG	HSC_PROG	HSC_PROG	UNLABELED	GMP	GMP	HSC_PROG	UNLABELED
AML1012.D0_CACGGAACCCGG	GMP	GMP_LIKE	UNLABELED	HSC_PROG	GMP	UNLABELED	HSC_PROG	GMP	GMP	GMP_LIKE	HSC_PROG	GMP_LIKE	HSC_PROG	UNLABELED	GMP	UNLABELED	GMP_LIKE	GMP_LIKE	HSC_PROG	UNLABELED
BM4_GTGAGGAAGTCC	GMP	GMP	GMP	GMP	GMP	UNLABELED	MYELOID_LIKE	GMP	GMP	GMP	GMP	GMP	GMP	UNLABELED	GMP	GMP	UNLABELED	GMP	GMP	UNLABELED
AML921A.D0_TCACCTTATCTA	HSC_PROG_LIKE	HSC_PROG_LIKE	HSC_PROG_LIKE	HSC_PROG_LIKE	HSC_PROG_LIKE	UNLABELED	HSC_PROG_LIKE	HSC_PROG	HSC_PROG_LIKE	HSC_PROG_LIKE	GMP	HSC_PROG_LIKE	HSC_PROG	HSC_PROG_LIKE	HSC_PROG	UNLABELED	HSC_PROG_LIKE	HSC_PROG_LIKE	HSC_PROG_LIKE	UNLABELED
AML921A.D0_CCTGTAGAACAA	HSC_PROG_LIKE	HSC_PROG_LIKE	UNLABELED	HSC_PROG_LIKE	HSC_PROG_LIKE	UNLABELED	HSC_PROG_LIKE	GMP	HSC_PROG_LIKE	GMP_LIKE	HSC_PROG_LIKE	HSC_PROG_LIKE	GMP_LIKE	GMP_LIKE	GMP	UNLABELED	HSC_PROG_LIKE	GMP_LIKE	HSC_PROG_LIKE	UNLABELED
AML707B.D0_AACCTCTTAGTT	HSC_PROG_LIKE	GMP_LIKE	GMP_LIKE	HSC_PROG_LIKE	GMP_LIKE	UNLABELED	GMP_LIKE	HSC_PROG	GMP_LIKE	GMP_LIKE	GMP_LIKE	GMP_LIKE	HSC_PROG_LIKE	GMP_LIKE	HSC_PROG	UNLABELED	HSC_PROG_LIKE	GMP_LIKE	GMP_LIKE	UNLABELED
AML921A.D0_AACAGGTACCAT	HSC_PROG_LIKE	HSC_PROG_LIKE	HSC_PROG_LIKE	HSC_PROG_LIKE	HSC_PROG_LIKE	UNLABELED	HSC_PROG_LIKE	HSC_PROG	HSC_PROG_LIKE	HSC_PROG_LIKE	GMP_LIKE	HSC_PROG_LIKE	GMP_LIKE	HSC_PROG_LIKE	HSC_PROG	UNLABELED	HSC_PROG_LIKE	HSC_PROG_LIKE	HSC_PROG_LIKE	UNLABELED
AML921A.D0_AACCGCCCCAGA	HSC_PROG_LIKE	HSC_PROG_LIKE	UNLABELED	HSC_PROG_LIKE	HSC_PROG_LIKE	UNLABELED	HSC_PROG_LIKE	GMP	HSC_PROG_LIKE	HSC_PROG_LIKE	HSC_PROG_LIKE	HSC_PROG_LIKE	HSC_PROG_LIKE	HSC_PROG_LIKE	MYELOID_LIKE	UNLABELED	HSC_PROG_LIKE	HSC_PROG_LIKE	HSC_PROG_LIKE	UNLABELED
AML419A.D0_CTTGTCAGGAAA	HSC_PROG_LIKE	HSC_PROG_LIKE	HSC_PROG_LIKE	HSC_PROG_LIKE	HSC_PROG_LIKE	UNLABELED	GMP_LIKE	GMP	HSC_PROG_LIKE	HSC_PROG_LIKE	HSC_PROG_LIKE	HSC_PROG_LIKE	GMP_LIKE	GMP	HSC_PROG	UNLABELED	HSC_PROG_LIKE	HSC_PROG_LIKE	HSC_PROG_LIKE	UNLABELED
MUTZ3_GTAAGCATCCTA	HSC_PROG_LIKE	HSC_PROG_LIKE	UNLABELED	GMP_LIKE	GMP_LIKE	GMP_LIKE	GMP_LIKE	GMP_LIKE	GMP_LIKE	HSC_PROG_LIKE	GMP_LIKE	GMP_LIKE	HSC_PROG_LIKE	GMP_LIKE	HSC_PROG	UNLABELED	GMP_LIKE	GMP_LIKE	HSC_PROG_LIKE	UNLABELED
AML328.D29_GACAGTGCGAAC	HSC_PROG_LIKE	HSC_PROG_LIKE	UNLABELED	GMP	HSC_PROG_LIKE	UNLABELED	MYELOID_LIKE	GMP_LIKE	HSC_PROG_LIKE	HSC_PROG_LIKE	MYELOID_LIKE	HSC_PROG_LIKE	GMP_LIKE	UNLABELED	MYELOID	UNLABELED	UNLABELED	HSC_PROG_LIKE	HSC_PROG_LIKE	UNLABELED
AML921A.D0_CCGGTCAAAGCG	HSC_PROG_LIKE	HSC_PROG_LIKE	HSC_PROG_LIKE	GMP_LIKE	HSC_PROG_LIKE	UNLABELED	HSC_PROG_LIKE	HSC_PROG	HSC_PROG_LIKE	HSC_PROG_LIKE	HSC_PROG_LIKE	HSC_PROG_LIKE	GMP	HSC_PROG_LIKE	HSC_PROG	UNLABELED	HSC_PROG_LIKE	HSC_PROG_LIKE	HSC_PROG_LIKE	UNLABELED
AML328.D29_GCTGAATCAACC	HSC_PROG_LIKE	HSC_PROG_LIKE	HSC_PROG_LIKE	HSC_PROG_LIKE	HSC_PROG_LIKE	UNLABELED	HSC_PROG_LIKE	GMP_LIKE	HSC_PROG_LIKE	HSC_PROG_LIKE	HSC_PROG_LIKE	HSC_PROG_LIKE	HSC_PROG_LIKE	HSC_PROG_LIKE	HSC_PROG	HSC_PROG_LIKE	HSC_PROG_LIKE	HSC_PROG_LIKE	HSC_PROG_LIKE	UNLABELED
AML921A.D0_CGACCTCTAGCT	MYELOID_LIKE	MYELOID_LIKE	UNLABELED	MYELOID	MYELOID_LIKE	UNLABELED	HSC_PROG_LIKE	MYELOID_LIKE	MYELOID_LIKE	MYELOID_LIKE	GMP_LIKE	UNLABELED	MYELOID	MYELOID_LIKE	MYELOID	UNLABELED	UNLABELED	MYELOID_LIKE	MYELOID_LIKE	UNLABELED
OCI.AML3_CTTCCGAAAGAN	MYELOID_LIKE	GMP_LIKE	GMP_LIKE	GMP_LIKE	GMP_LIKE	GMP_LIKE	GMP_LIKE	GMP_LIKE	GMP_LIKE	GMP_LIKE	GMP_LIKE	GMP_LIKE	GMP	MYELOID_LIKE	MYELOID	GMP_LIKE	GMP_LIKE	GMP_LIKE	GMP_LIKE	UNLABELED
AML921A.D0_CATTAACAGCTT	MYELOID_LIKE	MYELOID	UNLABELED	MYELOID	MYELOID	UNLABELED	MYELOID	MYELOID_LIKE	MYELOID_LIKE	MYELOID	MYELOID	MYELOID	MYELOID_LIKE	UNLABELED	MYELOID_LIKE	UNLABELED	MYELOID	MYELOID_LIKE	MYELOID	UNLABELED
AML556.D0_AAGTTGAGTTGN	MYELOID_LIKE	MYELOID_LIKE	UNLABELED	MYELOID_LIKE	MYELOID_LIKE	UNLABELED	MYELOID_LIKE	MYELOID_LIKE	MYELOID_LIKE	MYELOID_LIKE	MYELOID_LIKE	MYELOID	MYELOID_LIKE	MYELOID_LIKE	MYELOID_LIKE	UNLABELED	MYELOID_LIKE	MYELOID_LIKE	MYELOID_LIKE	UNLABELED
AML328.D0_GTTTTATTGGCA	MYELOID_LIKE	HSC_PROG_LIKE	UNLABELED	MYELOID	HSC_PROG	UNLABELED	MYELOID_LIKE	GMP_LIKE	HSC_PROG_LIKE	MYELOID	MYELOID	MYELOID_LIKE	MYELOID_LIKE	MYELOID	HSC_PROG	UNLABELED	UNLABELED	HSC_PROG_LIKE	HSC_PROG_LIKE	UNLABELED
AML419A.D0_GTGTCTAGGCCN	MYELOID_LIKE	MYELOID_LIKE	UNLABELED	MYELOID	MYELOID_LIKE	UNLABELED	MYELOID_LIKE	MYELOID_LIKE	MYELOID	MYELOID_LIKE	MYELOID	MYELOID	MYELOID_LIKE	MYELOID	MYELOID_LIKE	UNLABELED	MYELOID	MYELOID	MYELOID_LIKE	UNLABELED
AML556.D0_GGTTTTAACGGT	MYELOID_LIKE	MYELOID_LIKE	MYELOID_LIKE	MYELOID_LIKE	MYELOID_LIKE	UNLABELED	MYELOID_LIKE	MYELOID_LIKE	MYELOID_LIKE	MYELOID_LIKE	MYELOID	MYELOID_LIKE	MYELOID_LIKE	MYELOID_LIKE	MYELOID_LIKE	UNLABELED	MYELOID_LIKE	MYELOID_LIKE	MYELOID_LIKE	UNLABELED
AML210A.D0_ATACATTGCTCG	MYELOID_LIKE	MYELOID	UNLABELED	MYELOID	MYELOID	MYELOID	MYELOID	MYELOID_LIKE	MYELOID	MYELOID	MYELOID	MYELOID	MYELOID	MYELOID	MYELOID_LIKE	MYELOID_LIKE	MYELOID	MYELOID	MYELOID	UNLABELED
AML419A.D0_TTTGGTAAGGCN	MYELOID_LIKE	MYELOID_LIKE	UNLABELED	MYELOID_LIKE	MYELOID_LIKE	UNLABELED	MYELOID_LIKE	MYELOID_LIKE	MYELOID	MYELOID	MYELOID	MYELOID	MYELOID	UNLABELED	MYELOID_LIKE	UNLABELED	MYELOID	MYELOID	MYELOID	UNLABELED
AML556.D0_AGTGGACGTACC	MYELOID_LIKE	MYELOID_LIKE	MYELOID_LIKE	MYELOID_LIKE	MYELOID_LIKE	UNLABELED	MYELOID_LIKE	MYELOID_LIKE	MYELOID_LIKE	MYELOID_LIKE	MYELOID	MYELOID_LIKE	MYELOID_LIKE	MYELOID_LIKE	MYELOID_LIKE	UNLABELED	MYELOID_LIKE	MYELOID_LIKE	MYELOID_LIKE	UNLABELED
AML707B.D97_TTGCGTATAGCC	MYELOID	MYELOID	UNLABELED	MYELOID	MYELOID_LIKE	UNLABELED	MYELOID_LIKE	MYELOID_LIKE	MYELOID	MYELOID	MYELOID	MYELOID	MYELOID	MYELOID	MYELOID_LIKE	UNLABELED	UNLABELED	MYELOID	MYELOID	UNLABELED
AML556.D31_GTGTGCACACTA	MYELOID	GMP	UNLABELED	GMP	GMP	UNLABELED	GMP_LIKE	GMP	GMP	MYELOID_LIKE	MYELOID	UNLABELED	MYELOID	UNLABELED	GMP	UNLABELED	UNLABELED	GMP	MYELOID	UNLABELED
AML371.D0_GTCTAATCAATG	MYELOID	MYELOID	MYELOID	MYELOID	MYELOID	UNLABELED	MYELOID	MYELOID	MYELOID	MYELOID	MYELOID	MYELOID	MYELOID	MYELOID	MYELOID_LIKE	UNLABELED	MYELOID	MYELOID	MYELOID	UNLABELED
BM4_TTCTAGTAGATA	MYELOID	MYELOID	UNLABELED	MYELOID	MYELOID	UNLABELED	MYELOID_LIKE	GMP	GMP	MYELOID	MYELOID	MYELOID	MYELOID_LIKE	MYELOID	MYELOID_LIKE	UNLABELED	MYELOID	MYELOID	MYELOID	UNLABELED
AML328.D0_TGATGCAATTCA	MYELOID	MYELOID	UNLABELED	MYELOID	MYELOID	UNLABELED	MYELOID_LIKE	MYELOID_LIKE	MYELOID	MYELOID	MYELOID_LIKE	MYELOID	MYELOID_LIKE	MYELOID	MYELOID_LIKE	UNLABELED	UNLABELED	MYELOID	MYELOID	UNLABELED
AML556.D31_GCTTTGTGTGTT	MYELOID	MYELOID_LIKE	UNLABELED	MYELOID_LIKE	MYELOID_LIKE	UNLABELED	MYELOID_LIKE	MYELOID_LIKE	MYELOID_LIKE	MYELOID	MYELOID	MYELOID_LIKE	MYELOID	UNLABELED	MYELOID_LIKE	UNLABELED	MYELOID_LIKE	MYELOID	MYELOID	UNLABELED
AML329.D0_GCACGCTGGGGG	MYELOID	MYELOID_LIKE	UNLABELED	MYELOID_LIKE	MYELOID_LIKE	UNLABELED	MYELOID_LIKE	MYELOID_LIKE	MYELOID	MYELOID	MYELOID_LIKE	MYELOID	MYELOID_LIKE	UNLABELED	MYELOID_LIKE	UNLABELED	UNLABELED	MYELOID	MYELOID	UNLABELED
AML420B.D35_CGTGTTTCAGAG	MYELOID	MYELOID	UNLABELED	MYELOID	MYELOID	UNLABELED	MYELOID_LIKE	MYELOID_LIKE	MYELOID	MYELOID	MYELOID_LIKE	MYELOID	MYELOID	MYELOID	MYELOID_LIKE	MYELOID	UNLABELED	MYELOID	MYELOID	UNLABELED
BM4_CGGTTAGTATAG	MYELOID	MYELOID	UNLABELED	GMP_LIKE	HSC_PROG_LIKE	UNLABELED	GMP_LIKE	GMP	MYELOID	GMP	GMP_LIKE	UNLABELED	MYELOID_LIKE	GMP	MYELOID	UNLABELED	UNLABELED	GMP	MYELOID	UNLABELED
AML329.D20_GTCGGGCCACCG	MYELOID	MYELOID	UNLABELED	MYELOID	MYELOID_LIKE	UNLABELED	MYELOID_LIKE	MYELOID_LIKE	MYELOID	MYELOID	MYELOID	MYELOID	MYELOID	MYELOID	MYELOID_LIKE	MYELOID	UNLABELED	MYELOID	MYELOID	UNLABELED
BM4_CGAAAGAGAGGA	HSC_PROG	HSC_PROG	UNLABELED	HSC_PROG	HSC_PROG	UNLABELED	HSC_PROG	GMP	HSC_PROG	HSC_PROG	GMP	HSC_PROG	GMP	UNLABELED	HSC_PROG	UNLABELED	UNLABELED	HSC_PROG	HSC_PROG	UNLABELED
BM4_TTGAATCGCCCA	HSC_PROG	HSC_PROG	UNLABELED	HSC_PROG_LIKE	HSC_PROG	UNLABELED	GMP_LIKE	HSC_PROG	HSC_PROG	HSC_PROG	HSC_PROG	HSC_PROG	GMP_LIKE	GMP	HSC_PROG	UNLABELED	UNLABELED	HSC_PROG	GMP	UNLABELED
BM5.34p_ACGCACAATTGT	HSC_PROG	HSC_PROG	UNLABELED	HSC_PROG	HSC_PROG	UNLABELED	MYELOID_LIKE	GMP	GMP	GMP	GMP_LIKE	GMP	GMP	HSC_PROG	GMP	UNLABELED	UNLABELED	HSC_PROG	HSC_PROG	UNLABELED
AML328.D0_GTGGCGTCGCGC	HSC_PROG	HSC_PROG	UNLABELED	GMP	HSC_PROG	UNLABELED	HSC_PROG	GMP_LIKE	MYELOID_LIKE	HSC_PROG	HSC_PROG_LIKE	UNLABELED	HSC_PROG_LIKE	HSC_PROG	HSC_PROG	UNLABELED	UNLABELED	HSC_PROG	HSC_PROG_LIKE	UNLABELED
AML1012.D0_AGTTTTTTCCGG	HSC_PROG	GMP	UNLABELED	HSC_PROG	HSC_PROG	UNLABELED	GMP	GMP	GMP_LIKE	HSC_PROG	HSC_PROG_LIKE	GMP_LIKE	HSC_PROG	UNLABELED	HSC_PROG	UNLABELED	UNLABELED	GMP	HSC_PROG	UNLABELED
BM5.34p38n_GACCACGAGTCG	HSC_PROG	HSC_PROG	HSC_PROG	HSC_PROG	HSC_PROG	UNLABELED	HSC_PROG	HSC_PROG	HSC_PROG	HSC_PROG	HSC_PROG	HSC_PROG	HSC_PROG	HSC_PROG	HSC_PROG	HSC_PROG	HSC_PROG	HSC_PROG	HSC_PROG	UNLABELED
AML921A.D0_ACAAAGCAAGAT	HSC_PROG	HSC_PROG_LIKE	UNLABELED	HSC_PROG	HSC_PROG_LIKE	UNLABELED	HSC_PROG	GMP_LIKE	HSC_PROG_LIKE	HSC_PROG_LIKE	HSC_PROG_LIKE	UNLABELED	HSC_PROG_LIKE	HSC_PROG_LIKE	HSC_PROG	HSC_PROG_LIKE	HSC_PROG_LIKE	HSC_PROG_LIKE	HSC_PROG_LIKE	UNLABELED
BM5.34p_TCGAAACACACA	HSC_PROG	HSC_PROG	HSC_PROG	HSC_PROG	HSC_PROG	UNLABELED	HSC_PROG	HSC_PROG	HSC_PROG	HSC_PROG	HSC_PROG	HSC_PROG	HSC_PROG	HSC_PROG	HSC_PROG	UNLABELED	HSC_PROG	HSC_PROG	HSC_PROG	UNLABELED
AML916.D0_CAAAGAATATTG	HSC_PROG	HSC_PROG_LIKE	HSC_PROG_LIKE	HSC_PROG_LIKE	HSC_PROG_LIKE	UNLABELED	HSC_PROG_LIKE	HSC_PROG_LIKE	HSC_PROG	HSC_PROG_LIKE	HSC_PROG_LIKE	UNLABELED	HSC_PROG_LIKE	HSC_PROG_LIKE	HSC_PROG	UNLABELED	HSC_PROG_LIKE	HSC_PROG_LIKE	HSC_PROG_LIKE	UNLABELED
BM5.34p_ACGTTTTTACGA	HSC_PROG	HSC_PROG	UNLABELED	HSC_PROG	HSC_PROG	UNLABELED	HSC_PROG	GMP	HSC_PROG	HSC_PROG	HSC_PROG	HSC_PROG	HSC_PROG_LIKE	HSC_PROG	HSC_PROG	HSC_PROG	HSC_PROG	HSC_PROG	HSC_PROG	UNLABELED
AML707B.D0_GCGTGGGCCACG	GMP_LIKE	GMP_LIKE	UNLABELED	GMP	GMP	UNLABELED	MYELOID_LIKE	GMP_LIKE	HSC_PROG_LIKE	GMP_LIKE	HSC_PROG_LIKE	GMP_LIKE	GMP_LIKE	UNLABELED	MYELOID	UNLABELED	UNLABELED	GMP_LIKE	GMP_LIKE	UNLABELED
OCI.AML3_TTCCTTATACTG	GMP_LIKE	GMP_LIKE	UNLABELED	GMP	HSC_PROG	UNLABELED	MYELOID_LIKE	GMP_LIKE	GMP_LIKE	GMP_LIKE	GMP	GMP_LIKE	GMP_LIKE	UNLABELED	MYELOID	GMP_LIKE	UNLABELED	GMP_LIKE	GMP_LIKE	UNLABELED
MUTZ3_TACGAGCTGACN	GMP_LIKE	GMP_LIKE	UNLABELED	GMP	HSC_PROG	UNLABELED	GMP	GMP	GMP_LIKE	GMP	GMP_LIKE	UNLABELED	GMP_LIKE	GMP_LIKE	HSC_PROG	GMP_LIKE	UNLABELED	GMP_LIKE	GMP_LIKE	UNLABELED
MUTZ3_TGTCGCTGGCAC	GMP_LIKE	GMP_LIKE	GMP_LIKE	GMP_LIKE	GMP_LIKE	GMP_LIKE	GMP_LIKE	GMP_LIKE	GMP_LIKE	GMP_LIKE	GMP_LIKE	GMP_LIKE	GMP_LIKE	UNLABELED	GMP_LIKE	UNLABELED	GMP_LIKE	GMP_LIKE	GMP_LIKE	UNLABELED
AML328.D29_CTGAGTGGCCTC	GMP_LIKE	GMP	UNLABELED	GMP	HSC_PROG	UNLABELED	GMP	GMP	GMP_LIKE	GMP	HSC_PROG_LIKE	UNLABELED	GMP_LIKE	GMP	GMP	UNLABELED	GMP	GMP_LIKE	GMP_LIKE	UNLABELED
AML707B.D0_AGTTGGCTATAA	GMP_LIKE	GMP_LIKE	UNLABELED	GMP	GMP	UNLABELED	GMP	GMP_LIKE	GMP_LIKE	GMP_LIKE	HSC_PROG_LIKE	GMP_LIKE	GMP_LIKE	GMP_LIKE	GMP	UNLABELED	GMP_LIKE	GMP_LIKE	GMP_LIKE	UNLABELED
AML210A.D0_TACGGGCGTACG	GMP_LIKE	GMP	UNLABELED	GMP	HSC_PROG	UNLABELED	GMP	GMP	GMP_LIKE	GMP	HSC_PROG_LIKE	UNLABELED	GMP	GMP	MYELOID	UNLABELED	UNLABELED	GMP	GMP_LIKE	UNLABELED
AML329.D0_CTGGCTGCTATT	GMP_LIKE	GMP_LIKE	UNLABELED	GMP_LIKE	GMP_LIKE	UNLABELED	GMP_LIKE	GMP_LIKE	GMP_LIKE	GMP_LIKE	GMP_LIKE	UNLABELED	HSC_PROG	UNLABELED	GMP	GMP_LIKE	GMP_LIKE	GMP_LIKE	HSC_PROG_LIKE	UNLABELED
AML707B.D0_CTCCTCCATCTT	GMP_LIKE	GMP_LIKE	UNLABELED	GMP	HSC_PROG	UNLABELED	HSC_PROG	GMP	MYELOID_LIKE	GMP_LIKE	HSC_PROG_LIKE	GMP_LIKE	HSC_PROG_LIKE	GMP_LIKE	HSC_PROG	UNLABELED	HSC_PROG_LIKE	GMP_LIKE	GMP	UNLABELED
MUTZ3_CAGGAGCCTCAA	GMP_LIKE	GMP_LIKE	GMP_LIKE	GMP_LIKE	GMP_LIKE	GMP_LIKE	GMP_LIKE	GMP_LIKE	GMP_LIKE	GMP_LIKE	GMP	GMP_LIKE	MYELOID	GMP_LIKE	GMP_LIKE	UNLABELED	GMP_LIKE	GMP_LIKE	GMP_LIKE	UNLABELED
AML420B.D35_AGTGTACAAAAC	GMP	GMP	UNLABELED	HSC_PROG_LIKE	GMP	UNLABELED	GMP_LIKE	GMP	GMP_LIKE	GMP	GMP	UNLABELED	GMP	GMP	GMP	UNLABELED	GMP_LIKE	GMP	GMP	UNLABELED
AML371.D0_TTTTGCCGTACN	GMP	GMP	UNLABELED	GMP	HSC_PROG	UNLABELED	GMP_LIKE	GMP	MYELOID_LIKE	GMP	HSC_PROG	UNLABELED	GMP_LIKE	GMP	GMP	UNLABELED	GMP_LIKE	GMP	MYELOID	UNLABELED
BM4_GAGCTTAACCAN	GMP	GMP	GMP	GMP	GMP	UNLABELED	GMP_LIKE	GMP	GMP_LIKE	GMP	GMP	GMP	GMP_LIKE	GMP	GMP	UNLABELED	GMP	GMP	GMP	UNLABELED
BM5.34p_ACTAGTCACTTT	GMP	HSC_PROG	UNLABELED	HSC_PROG	HSC_PROG	UNLABELED	HSC_PROG	GMP	HSC_PROG	HSC_PROG	HSC_PROG	HSC_PROG	HSC_PROG	GMP	HSC_PROG	UNLABELED	HSC_PROG	HSC_PROG	HSC_PROG	UNLABELED
BM4_GGGCTGACTGTC	GMP	GMP	UNLABELED	GMP	GMP	UNLABELED	MYELOID_LIKE	GMP	GMP_LIKE	GMP	GMP	GMP	HSC_PROG	UNLABELED	GMP	GMP	UNLABELED	GMP	GMP	UNLABELED
BM4_AGGGGTTGCTCG	GMP	GMP	GMP	GMP	GMP	UNLABELED	GMP	GMP	GMP	GMP	GMP	GMP	GMP	GMP	GMP	UNLABELED	GMP	GMP	GMP	UNLABELED
BM5.34p_TACTGCAGCAAA	GMP	GMP	UNLABELED	GMP	GMP	UNLABELED	GMP	GMP	GMP_LIKE	GMP	GMP	GMP	HSC_PROG	GMP	GMP	UNLABELED	UNLABELED	GMP	GMP	UNLABELED
BM4_ATATACGGGTTN	GMP	GMP	UNLABELED	GMP_LIKE	GMP	UNLABELED	GMP_LIKE	GMP	GMP_LIKE	GMP	GMP_LIKE	UNLABELED	GMP	UNLABELED	HSC_PROG	UNLABELED	GMP_LIKE	GMP_LIKE	GMP	UNLABELED
AML371.D0_TCAACTTTTGGN	GMP	GMP	UNLABELED	HSC_PROG_LIKE	HSC_PROG	UNLABELED	GMP_LIKE	GMP	HSC_PROG	GMP	GMP_LIKE	GMP_LIKE	GMP_LIKE	GMP	GMP	GMP	UNLABELED	GMP	GMP_LIKE	UNLABELED
BM4_GTGGCAGCGCCT	GMP	GMP	GMP	GMP	GMP	UNLABELED	GMP	GMP	GMP	GMP	GMP	GMP	GMP	GMP	GMP	GMP	GMP	GMP	GMP	UNLABELED
