	truth	SVM	SVMrej	RF	LDA	LDArej	NMC	kNN9	ACTINN	SingleCellNet	LAmbDA	scPred	CaSTLe	CHETAH	scID	scmapcell	scmapcluster	singleR	scVI	Cell_BLAST
cy80-Cd45-pos-Pd1-neg-S217-B01-S217-comb	TCELL	TCELL	TCELL	TCELL	TCELL	TCELL	TCELL	TCELL	TCELL	TCELL	TCELL	TCELL	TCELL	TCELL	TCELL	UNLABELED	UNLABELED	TCELL	TCELL	UNLABELED
cy94_cd45neg_cd90pos_F07_S355_comb	TCELL	TCELL	TCELL	TCELL	TCELL	TCELL	TCELL	MACRO	TCELL	TCELL	BCELL	TCELL	TCELL	TCELL	NK	UNLABELED	UNLABELED	TCELL	TCELL	UNLABELED
cy79-p1-CD45-pos-PD1-pos-AS-C5-R1-G01-S265-comb	TCELL	TCELL	TCELL	TCELL	TCELL	TCELL	TCELL	TCELL	TCELL	TCELL	TCELL	TCELL	TCELL	TCELL	TCELL	TCELL	UNLABELED	TCELL	TCELL	UNLABELED
cy79-p1-CD45-pos-PD1-pos-AS-C5-R1-B12-S216-comb	TCELL	TCELL	TCELL	TCELL	TCELL	TCELL	TCELL	TCELL	TCELL	TCELL	TCELL	TCELL	TCELL	TCELL	TCELL	TCELL	UNLABELED	TCELL	TCELL	UNLABELED
cy94_cd45pos_4_D09_S45_comb	TCELL	TCELL	TCELL	TCELL	BCELL	UNLABELED	TCELL	BCELL	TCELL	TCELL	TCELL	TCELL	TCELL	TCELL	TCELL	UNLABELED	UNLABELED	TCELL	TCELL	UNLABELED
CY75_1FNA_G11_S563_comb	TCELL	TCELL	TCELL	TCELL	TCELL	TCELL	TCELL	TCELL	TCELL	TCELL	TCELL	TCELL	TCELL	TCELL	TCELL	UNLABELED	UNLABELED	TCELL	TCELL	UNLABELED
CY58_1_CD45_F06_S1026_comb	TCELL	TCELL	TCELL	TCELL	TCELL	TCELL	TCELL	TUMOR	TCELL	TCELL	TCELL	TCELL	TCELL	TCELL	NK	UNLABELED	UNLABELED	TCELL	TCELL	UNLABELED
cy80-Cd45-pos-PD1-pos-S135-F03-S135-comb	TCELL	TCELL	TCELL	TCELL	TCELL	TCELL	TCELL	TCELL	TCELL	TCELL	TCELL	TCELL	TCELL	TCELL	TCELL	UNLABELED	TCELL	TCELL	TCELL	UNLABELED
cy79-p4-CD45-pos-PD1-pos-F02-S350-comb	TCELL	TCELL	TCELL	TCELL	TCELL	TCELL	TCELL	TCELL	TCELL	TCELL	TCELL	TCELL	TCELL	TCELL	TCELL	TCELL	UNLABELED	TCELL	TCELL	UNLABELED
cy94_cd45pos_4_H08_S92_comb	TCELL	TCELL	TCELL	TCELL	TCELL	TCELL	TCELL	TCELL	TCELL	TCELL	TCELL	TCELL	TCELL	TCELL	TCELL	TCELL	UNLABELED	TCELL	TCELL	UNLABELED
cy53-1-CD45-pos-1-F09-S69-comb	TCELL	TCELL	TCELL	TCELL	TCELL	TCELL	TCELL	TCELL	TCELL	TCELL	TCELL	TCELL	TCELL	TCELL	NK	UNLABELED	UNLABELED	TCELL	TCELL	UNLABELED
cy60_1_cd_45_pos_4_H09_S93_comb	TCELL	TCELL	TCELL	TCELL	TCELL	TCELL	TCELL	TCELL	TCELL	TCELL	TCELL	TCELL	TCELL	TCELL	TCELL	UNLABELED	UNLABELED	TCELL	TCELL	UNLABELED
cy79-p4-CD45-pos-PD1-pos-E01-S337-comb	TCELL	TCELL	TCELL	TCELL	TCELL	TCELL	TCELL	TCELL	TCELL	TCELL	TCELL	TCELL	TCELL	TCELL	TCELL	UNLABELED	UNLABELED	TCELL	TCELL	UNLABELED
cy53-1-CD45-pos-2-H11-S1055-comb	TCELL	TCELL	TCELL	TCELL	TCELL	TCELL	TCELL	TCELL	TCELL	TCELL	TCELL	TCELL	TCELL	TCELL	NK	UNLABELED	UNLABELED	TCELL	TCELL	UNLABELED
CY89COREQ1_B04_S304_comb	TCELL	TCELL	TCELL	TCELL	TCELL	TCELL	TCELL	TCELL	TCELL	TCELL	TCELL	TCELL	TCELL	TCELL	TCELL	UNLABELED	TCELL	TCELL	TCELL	UNLABELED
cy79-p3-CD45-pos-PD1-pos-AS-C2-R1-A08-S392-comb	TCELL	TCELL	TCELL	TCELL	TCELL	TCELL	TCELL	TCELL	TCELL	TCELL	TCELL	TCELL	TCELL	TCELL	TCELL	TCELL	UNLABELED	TCELL	TCELL	UNLABELED
monika_A11_S99_comb	TCELL	TCELL	TCELL	TCELL	TCELL	TCELL	TCELL	TCELL	TCELL	TCELL	TCELL	TCELL	TCELL	TCELL	TCELL	UNLABELED	UNLABELED	TCELL	TCELL	UNLABELED
cy88_cd_45_pos_B09_S405_comb	TCELL	TCELL	TCELL	TCELL	TCELL	TCELL	TCELL	TUMOR	TCELL	TCELL	TCELL	TCELL	TCELL	TCELL	TCELL	UNLABELED	UNLABELED	TCELL	TCELL	UNLABELED
cy79-p5-CD45-pos-PD1-pos-H06-S666-comb	TCELL	TCELL	TCELL	TCELL	TCELL	TCELL	TCELL	TCELL	TCELL	TCELL	TCELL	TCELL	TCELL	TCELL	TCELL	TCELL	UNLABELED	TCELL	TCELL	UNLABELED
cy79-p4-CD45-pos-PD1-pos-F07-S355-comb	TCELL	TCELL	TCELL	TCELL	TCELL	TCELL	TCELL	TCELL	TCELL	TCELL	TCELL	TCELL	TCELL	TCELL	TCELL	TCELL	UNLABELED	TCELL	TCELL	UNLABELED
cy78-CD45-neg-1-A03-S483-comb	TUMOR	TUMOR	TUMOR	TUMOR	TUMOR	TUMOR	TUMOR	TUMOR	TUMOR	TUMOR	TUMOR	TUMOR	TUMOR	TUMOR	TUMOR	TUMOR	TUMOR	TUMOR	TUMOR	UNLABELED
cy79-p4-CD45-neg-PDL1-neg-B11-S1079-comb	TUMOR	TUMOR	TUMOR	TUMOR	TUMOR	TUMOR	TUMOR	TUMOR	TUMOR	TUMOR	TUMOR	TUMOR	TUMOR	TUMOR	TUMOR	TUMOR	TUMOR	TUMOR	TUMOR	TUMOR
CY89COREQ1_A09_S297_comb	TUMOR	TUMOR	TUMOR	TUMOR	TUMOR	TUMOR	TUMOR	TUMOR	TUMOR	TCELL	TUMOR	TUMOR	TCELL	TUMOR	TUMOR	TUMOR	TUMOR	TUMOR	TUMOR	UNLABELED
cy79-p1-CD45-neg-PDL1-neg-AS-C4-R1-F06-S162-comb	TUMOR	TUMOR	TUMOR	TUMOR	TUMOR	TUMOR	TUMOR	TUMOR	TUMOR	TUMOR	TUMOR	TUMOR	TUMOR	TUMOR	TUMOR	TUMOR	TUMOR	TUMOR	TUMOR	UNLABELED
cy81-FNA-CD45-neg-H10-S1054-comb	TUMOR	TUMOR	TUMOR	TUMOR	ENDO	UNLABELED	TUMOR	TUMOR	TUMOR	TUMOR	TUMOR	TUMOR	TUMOR	UNLABELED	TUMOR	UNLABELED	TUMOR	TUMOR	TUMOR	UNLABELED
cy78-CD45-neg-3-E07-S727-comb	TUMOR	TUMOR	TUMOR	TUMOR	TUMOR	TUMOR	TUMOR	TUMOR	TUMOR	TUMOR	TUMOR	TUMOR	TUMOR	TUMOR	TUMOR	TUMOR	TUMOR	TUMOR	TUMOR	UNLABELED
cy81-Bulk-CD45-neg-D09-S141-comb	TUMOR	TUMOR	TUMOR	TUMOR	TUMOR	TUMOR	TUMOR	TUMOR	TUMOR	TUMOR	TUMOR	TUMOR	TUMOR	TUMOR	TUMOR	TUMOR	TUMOR	TUMOR	TUMOR	TUMOR
cy81-FNA-CD45-neg-B04-S976-comb	TUMOR	TUMOR	TUMOR	TUMOR	TUMOR	TUMOR	TUMOR	TUMOR	TUMOR	TUMOR	TUMOR	TUMOR	TUMOR	UNLABELED	TUMOR	UNLABELED	TUMOR	TUMOR	TUMOR	TUMOR
CY65_NEG_A_AACATAAT_ACACGATC	TUMOR	TUMOR	TUMOR	TUMOR	TUMOR	TUMOR	TUMOR	TUMOR	TUMOR	TUMOR	TUMOR	TUMOR	TUMOR	TUMOR	TUMOR	TUMOR	TUMOR	TUMOR	TUMOR	UNLABELED
cy79-p3-CD45-neg-PDL1-neg-A09-S201-comb	TUMOR	TUMOR	TUMOR	TUMOR	TUMOR	TUMOR	TUMOR	TUMOR	TUMOR	TUMOR	TUMOR	TUMOR	TUMOR	TUMOR	TUMOR	TUMOR	TUMOR	TUMOR	TUMOR	TUMOR
Cy80_II_CD45_C08_S896_comb	TUMOR	TUMOR	TUMOR	TUMOR	TUMOR	TUMOR	TUMOR	TUMOR	TUMOR	TUMOR	TUMOR	TUMOR	TUMOR	TUMOR	TUMOR	TUMOR	TUMOR	TUMOR	TUMOR	TUMOR
cy78-CD45-neg-3-D07-S715-comb	TUMOR	TUMOR	TUMOR	TUMOR	TUMOR	TUMOR	TUMOR	TUMOR	TUMOR	TUMOR	TUMOR	TUMOR	TUMOR	TUMOR	TUMOR	TUMOR	TUMOR	TUMOR	TUMOR	UNLABELED
CY89FNAQ2_G05_S461_comb	TUMOR	TUMOR	TUMOR	TUMOR	TUMOR	TUMOR	TUMOR	TUMOR	TUMOR	TUMOR	TUMOR	TUMOR	TUMOR	TUMOR	TUMOR	TUMOR	TUMOR	TUMOR	TUMOR	UNLABELED
Cy81_FNA_CD45_H04_S376_comb	TUMOR	TUMOR	TUMOR	TUMOR	TUMOR	TUMOR	TUMOR	TUMOR	TUMOR	TUMOR	TUMOR	TUMOR	TUMOR	TUMOR	TUMOR	TUMOR	TUMOR	TUMOR	TUMOR	UNLABELED
cy78-CD45-neg-3-G09-S753-comb	TUMOR	TUMOR	TUMOR	TUMOR	TUMOR	TUMOR	TUMOR	TUMOR	TUMOR	TUMOR	TUMOR	TUMOR	TUMOR	TUMOR	TUMOR	TUMOR	TUMOR	TUMOR	TUMOR	TUMOR
cy79-p1-CD45-neg-PDL1-pos-AS-C1-R1-D12-S48-comb	TUMOR	TUMOR	TUMOR	TUMOR	TUMOR	TUMOR	TUMOR	TUMOR	TUMOR	TUMOR	TUMOR	TUMOR	TUMOR	TUMOR	TUMOR	TUMOR	TUMOR	TUMOR	TUMOR	UNLABELED
CY88_5_C03_S699_comb	TUMOR	TUMOR	TUMOR	TUMOR	TUMOR	TUMOR	TUMOR	TUMOR	TUMOR	TUMOR	TUMOR	TUMOR	TUMOR	TUMOR	TUMOR	TUMOR	TUMOR	TUMOR	TUMOR	UNLABELED
CY89CORE11_A07_S103_comb	TUMOR	TUMOR	TUMOR	TUMOR	TUMOR	TUMOR	TUMOR	TUMOR	TUMOR	TUMOR	TUMOR	TUMOR	TUMOR	TUMOR	TUMOR	TUMOR	TUMOR	TUMOR	TUMOR	TUMOR
Cy59_71	TUMOR	TUMOR	TUMOR	TUMOR	TUMOR	TUMOR	TUMOR	TUMOR	TUMOR	TUMOR	TUMOR	TUMOR	TUMOR	TUMOR	NK	TUMOR	TUMOR	TUMOR	TUMOR	UNLABELED
CY88_5_C10_S706_comb	TUMOR	TUMOR	TUMOR	TUMOR	TUMOR	TUMOR	TUMOR	TUMOR	TUMOR	TUMOR	TUMOR	TUMOR	TUMOR	TUMOR	TUMOR	TUMOR	TUMOR	TUMOR	TUMOR	TUMOR
CY89A_CD45_POS_4_E08_S440_comb	BCELL	BCELL	BCELL	BCELL	BCELL	BCELL	BCELL	BCELL	BCELL	BCELL	BCELL	BCELL	BCELL	BCELL	NK	UNLABELED	UNLABELED	BCELL	BCELL	UNLABELED
CY89COREQ1_G10_S370_comb	BCELL	BCELL	BCELL	BCELL	BCELL	BCELL	BCELL	BCELL	BCELL	BCELL	BCELL	BCELL	BCELL	BCELL	BCELL	BCELL	UNLABELED	BCELL	BCELL	UNLABELED
CY89FNA_C06_S222_comb	BCELL	BCELL	BCELL	BCELL	BCELL	BCELL	BCELL	BCELL	BCELL	BCELL	BCELL	BCELL	BCELL	BCELL	BCELL	BCELL	UNLABELED	BCELL	BCELL	UNLABELED
cy94_cd45neg_cd90pos_B03_S303_comb	BCELL	BCELL	BCELL	BCELL	BCELL	BCELL	BCELL	BCELL	BCELL	BCELL	BCELL	BCELL	BCELL	BCELL	BCELL	BCELL	BCELL	BCELL	BCELL	UNLABELED
cy60_1_cd_45_pos_3_C10_S322_comb	BCELL	BCELL	BCELL	BCELL	BCELL	BCELL	BCELL	BCELL	BCELL	BCELL	BCELL	BCELL	BCELL	BCELL	NK	BCELL	UNLABELED	BCELL	BCELL	UNLABELED
CY89A_CD45_POS_6_D08_S140_comb	BCELL	BCELL	BCELL	BCELL	BCELL	BCELL	BCELL	BCELL	BCELL	BCELL	BCELL	BCELL	BCELL	BCELL	NK	BCELL	UNLABELED	BCELL	BCELL	UNLABELED
CY89A_CD45_POS_6_A11_S107_comb	BCELL	BCELL	BCELL	BCELL	BCELL	BCELL	BCELL	BCELL	BCELL	BCELL	BCELL	BCELL	BCELL	BCELL	NK	BCELL	UNLABELED	BCELL	BCELL	UNLABELED
cy60_1_cd_45_pos_4_H06_S90_comb	BCELL	BCELL	BCELL	BCELL	BCELL	BCELL	BCELL	BCELL	BCELL	BCELL	BCELL	BCELL	BCELL	BCELL	BCELL	UNLABELED	UNLABELED	BCELL	BCELL	UNLABELED
cy60_1_cd_45_pos_3_E01_S337_comb	BCELL	BCELL	BCELL	BCELL	BCELL	BCELL	BCELL	BCELL	BCELL	BCELL	BCELL	BCELL	BCELL	BCELL	NK	BCELL	UNLABELED	BCELL	BCELL	UNLABELED
cy60_1_cd_45_pos_HC_pos_HLDAR_pos_C06_S990_comb	BCELL	BCELL	BCELL	BCELL	BCELL	BCELL	BCELL	BCELL	BCELL	BCELL	BCELL	BCELL	BCELL	BCELL	NK	BCELL	UNLABELED	BCELL	BCELL	BCELL
cy60_1_cd_45_pos_HC_pos_HLDAR_pos_H09_S1053_comb	BCELL	BCELL	BCELL	BCELL	BCELL	BCELL	BCELL	BCELL	BCELL	BCELL	BCELL	BCELL	BCELL	BCELL	NK	UNLABELED	UNLABELED	BCELL	BCELL	UNLABELED
CY89COREQ1_H01_S373_comb	BCELL	BCELL	BCELL	BCELL	BCELL	BCELL	BCELL	BCELL	BCELL	BCELL	BCELL	BCELL	BCELL	BCELL	BCELL	BCELL	BCELL	BCELL	BCELL	UNLABELED
CY89COREQ1_H03_S375_comb	BCELL	BCELL	BCELL	BCELL	BCELL	BCELL	BCELL	BCELL	BCELL	BCELL	BCELL	BCELL	BCELL	BCELL	NK	BCELL	UNLABELED	BCELL	BCELL	UNLABELED
CY89A_Core_15_G02_S74_comb	BCELL	BCELL	BCELL	BCELL	BCELL	BCELL	BCELL	BCELL	BCELL	BCELL	BCELL	BCELL	BCELL	BCELL	BCELL	BCELL	UNLABELED	BCELL	BCELL	UNLABELED
cy79-p3-CD45-pos-PD1-neg-F07-S163-comb	BCELL	BCELL	BCELL	BCELL	BCELL	BCELL	BCELL	BCELL	BCELL	BCELL	BCELL	BCELL	BCELL	BCELL	BCELL	BCELL	UNLABELED	BCELL	BCELL	UNLABELED
CY89COREQ1_H02_S374_comb	BCELL	BCELL	BCELL	BCELL	BCELL	BCELL	BCELL	BCELL	BCELL	BCELL	BCELL	BCELL	BCELL	BCELL	NK	BCELL	UNLABELED	BCELL	BCELL	BCELL
cy79-p4-CD45-pos-PD1-pos-C08-S320-comb	BCELL	BCELL	BCELL	BCELL	BCELL	UNLABELED	BCELL	BCELL	TCELL	BCELL	BCELL	TCELL	BCELL	BCELL	NK	MACRO	UNLABELED	BCELL	BCELL	UNLABELED
CY89A_Core_15_D07_S43_comb	BCELL	BCELL	BCELL	BCELL	BCELL	BCELL	BCELL	BCELL	BCELL	BCELL	BCELL	BCELL	BCELL	BCELL	BCELL	BCELL	UNLABELED	BCELL	BCELL	UNLABELED
cy80-Cd45-pos-Pd1-neg-S339-G03-S339-comb	BCELL	BCELL	BCELL	BCELL	BCELL	BCELL	BCELL	BCELL	BCELL	BCELL	BCELL	BCELL	BCELL	BCELL	BCELL	BCELL	UNLABELED	BCELL	BCELL	BCELL
CY94CD45POS_1_B01_S109_comb	BCELL	BCELL	BCELL	BCELL	BCELL	BCELL	BCELL	BCELL	BCELL	BCELL	BCELL	BCELL	BCELL	BCELL	NK	UNLABELED	UNLABELED	BCELL	BCELL	UNLABELED
CY89COREQ1_F06_S354_comb	MACRO	MACRO	MACRO	MACRO	MACRO	MACRO	MACRO	MACRO	MACRO	MACRO	MACRO	MACRO	MACRO	MACRO	MACRO	MACRO	MACRO	MACRO	MACRO	MACRO
Cy74_CD45_H08_S476_comb	MACRO	MACRO	MACRO	MACRO	MACRO	MACRO	MACRO	MACRO	MACRO	MACRO	MACRO	MACRO	MACRO	MACRO	MACRO	MACRO	MACRO	MACRO	MACRO	UNLABELED
CY89A_CD45_POS_6_D11_S143_comb	MACRO	MACRO	MACRO	MACRO	MACRO	MACRO	MACRO	MACRO	MACRO	MACRO	MACRO	MACRO	MACRO	MACRO	MACRO	MACRO	MACRO	MACRO	MACRO	MACRO
cy82-CD45-pos-2-C04-S508-comb	MACRO	MACRO	MACRO	MACRO	BCELL	UNLABELED	MACRO	MACRO	MACRO	MACRO	MACRO	MACRO	MACRO	MACRO	NK	MACRO	UNLABELED	MACRO	MACRO	UNLABELED
cy53-1-CD45-pos-2-C12-S996-comb	MACRO	MACRO	MACRO	MACRO	MACRO	MACRO	MACRO	MACRO	MACRO	MACRO	MACRO	MACRO	MACRO	MACRO	MACRO	MACRO	MACRO	MACRO	MACRO	UNLABELED
CY84_PRIM_POS_All_6_A11_S395_comb	MACRO	MACRO	MACRO	MACRO	MACRO	MACRO	MACRO	MACRO	MACRO	MACRO	MACRO	MACRO	MACRO	MACRO	MACRO	MACRO	UNLABELED	MACRO	MACRO	UNLABELED
CY88CD45_150813_G11_S371_comb	MACRO	MACRO	MACRO	MACRO	MACRO	MACRO	MACRO	MACRO	MACRO	MACRO	MACRO	MACRO	MACRO	MACRO	MACRO	MACRO	MACRO	MACRO	MACRO	UNLABELED
CY88CD45POS_2_D04_S424_comb	MACRO	MACRO	MACRO	MACRO	BCELL	BCELL	MACRO	MACRO	MACRO	MACRO	MACRO	MACRO	MACRO	MACRO	NK	MACRO	MACRO	MACRO	MACRO	UNLABELED
CY88CD45_150813_D11_S335_comb	MACRO	MACRO	MACRO	MACRO	MACRO	MACRO	MACRO	MACRO	MACRO	MACRO	MACRO	MACRO	MACRO	MACRO	MACRO	MACRO	MACRO	MACRO	MACRO	MACRO
CY88CD45_150813_G12_S372_comb	MACRO	MACRO	MACRO	MACRO	MACRO	MACRO	MACRO	MACRO	MACRO	MACRO	MACRO	MACRO	MACRO	MACRO	MACRO	MACRO	MACRO	MACRO	MACRO	UNLABELED
CY89A_Core_15_F10_S70_comb	MACRO	MACRO	MACRO	MACRO	MACRO	MACRO	MACRO	MACRO	MACRO	MACRO	MACRO	MACRO	MACRO	MACRO	MACRO	MACRO	MACRO	MACRO	MACRO	MACRO
CY88CD45POS_7_F09_S261_comb	MACRO	MACRO	MACRO	MACRO	MACRO	MACRO	MACRO	MACRO	MACRO	MACRO	MACRO	MACRO	MACRO	MACRO	MACRO	MACRO	MACRO	MACRO	MACRO	MACRO
cy53-1-CD45-pos-1-G08-S80-comb	MACRO	MACRO	MACRO	MACRO	MACRO	MACRO	MACRO	MACRO	MACRO	MACRO	MACRO	MACRO	MACRO	MACRO	NK	MACRO	MACRO	MACRO	MACRO	UNLABELED
CY84_PRIM_POS_All_6_D12_S432_comb	MACRO	MACRO	MACRO	MACRO	MACRO	MACRO	MACRO	MACRO	MACRO	MACRO	MACRO	MACRO	MACRO	MACRO	MACRO	MACRO	MACRO	MACRO	MACRO	MACRO
cy94_cd45pos_4_G10_S82_comb	MACRO	MACRO	MACRO	MACRO	MACRO	MACRO	MACRO	MACRO	MACRO	MACRO	MACRO	MACRO	MACRO	MACRO	MACRO	MACRO	MACRO	MACRO	MACRO	UNLABELED
Cy71_CD45_D02_S518_comb	MACRO	MACRO	MACRO	MACRO	MACRO	MACRO	MACRO	MACRO	MACRO	MACRO	MACRO	MACRO	MACRO	MACRO	MACRO	MACRO	MACRO	MACRO	MACRO	UNLABELED
CY88CD45_150813_C02_S314_comb	MACRO	MACRO	MACRO	MACRO	MACRO	UNLABELED	MACRO	MACRO	MACRO	MACRO	MACRO	MACRO	MACRO	MACRO	MACRO	MACRO	UNLABELED	MACRO	MACRO	UNLABELED
CY84_PRIM_POS_All_7_B04_S208_comb	MACRO	MACRO	MACRO	MACRO	MACRO	MACRO	MACRO	MACRO	MACRO	MACRO	MACRO	MACRO	MACRO	MACRO	MACRO	MACRO	MACRO	MACRO	MACRO	UNLABELED
CY84_PRIM_POS_All_8_C07_S127_comb	MACRO	MACRO	MACRO	MACRO	MACRO	MACRO	MACRO	MACRO	MACRO	MACRO	MACRO	MACRO	MACRO	MACRO	MACRO	MACRO	MACRO	MACRO	MACRO	UNLABELED
CY89A_CD45_POS_6_F06_S162_comb	MACRO	MACRO	MACRO	MACRO	MACRO	MACRO	MACRO	MACRO	MACRO	MACRO	MACRO	MACRO	MACRO	MACRO	MACRO	MACRO	MACRO	MACRO	MACRO	MACRO
CY94_CD45NEG_CD90POS_2_D05_S41_comb	ENDO	ENDO	ENDO	ENDO	BCELL	UNLABELED	ENDO	TUMOR	ENDO	ENDO	ENDO	ENDO	ENDO	ENDO	ENDO	ENDO	ENDO	ENDO	ENDO	UNLABELED
CY94_CD45NEG_CD90POS_2_D05_S41_comb	ENDO	ENDO	ENDO	ENDO	BCELL	UNLABELED	ENDO	TUMOR	ENDO	ENDO	ENDO	ENDO	ENDO	ENDO	ENDO	ENDO	ENDO	ENDO	ENDO	UNLABELED
cy80-CD45-neg-F10-S934-comb	ENDO	ENDO	ENDO	ENDO	ENDO	ENDO	ENDO	TUMOR	ENDO	ENDO	ENDO	ENDO	ENDO	ENDO	ENDO	ENDO	ENDO	ENDO	ENDO	UNLABELED
CY94_CD45NEG_CD90POS_2_F01_S61_comb	ENDO	ENDO	ENDO	ENDO	ENDO	ENDO	ENDO	TUMOR	ENDO	ENDO	ENDO	ENDO	ENDO	ENDO	ENDO	ENDO	ENDO	ENDO	ENDO	UNLABELED
cy80-CD45-neg-H05-S953-comb	ENDO	ENDO	ENDO	ENDO	ENDO	ENDO	ENDO	TUMOR	ENDO	ENDO	ENDO	ENDO	ENDO	ENDO	ENDO	ENDO	ENDO	ENDO	ENDO	UNLABELED
cy94_cd45neg_cd90pos_D03_S327_comb	ENDO	ENDO	ENDO	ENDO	ENDO	ENDO	ENDO	TCELL	ENDO	ENDO	ENDO	ENDO	ENDO	ENDO	ENDO	ENDO	UNLABELED	ENDO	ENDO	UNLABELED
cy80-CD45-neg-F12-S936-comb	ENDO	ENDO	ENDO	ENDO	ENDO	ENDO	ENDO	ENDO	ENDO	ENDO	ENDO	ENDO	ENDO	ENDO	ENDO	ENDO	ENDO	ENDO	ENDO	UNLABELED
cy80-CD45-neg-A04-S868-comb	ENDO	ENDO	ENDO	ENDO	ENDO	ENDO	ENDO	TUMOR	ENDO	ENDO	ENDO	ENDO	ENDO	ENDO	ENDO	ENDO	ENDO	ENDO	ENDO	UNLABELED
CY94_CD45NEG_CD90POS_2_A03_S3_comb	ENDO	ENDO	ENDO	ENDO	ENDO	UNLABELED	ENDO	ENDO	ENDO	ENDO	ENDO	ENDO	ENDO	ENDO	ENDO	ENDO	ENDO	ENDO	ENDO	UNLABELED
cy80-CD45-neg-E12-S924-comb	ENDO	ENDO	ENDO	ENDO	ENDO	ENDO	ENDO	CAF	ENDO	ENDO	ENDO	ENDO	ENDO	ENDO	ENDO	ENDO	ENDO	ENDO	ENDO	UNLABELED
Cy80_II_CD45_B04_S880_comb	ENDO	ENDO	ENDO	ENDO	ENDO	ENDO	ENDO	ENDO	ENDO	ENDO	ENDO	ENDO	ENDO	ENDO	ENDO	UNLABELED	ENDO	ENDO	ENDO	UNLABELED
CY80-neg-D06-S42-comb	ENDO	ENDO	ENDO	ENDO	ENDO	ENDO	ENDO	ENDO	ENDO	ENDO	ENDO	ENDO	ENDO	ENDO	ENDO	ENDO	ENDO	ENDO	ENDO	ENDO
CY80-neg-E03-S51-comb	ENDO	ENDO	ENDO	ENDO	ENDO	ENDO	ENDO	ENDO	ENDO	ENDO	ENDO	ENDO	ENDO	ENDO	ENDO	ENDO	ENDO	ENDO	ENDO	UNLABELED
Cy81_Bulk_CD45_F10_S166_comb	ENDO	ENDO	ENDO	ENDO	TCELL	UNLABELED	ENDO	TUMOR	ENDO	ENDO	ENDO	ENDO	ENDO	ENDO	ENDO	UNLABELED	ENDO	ENDO	ENDO	UNLABELED
cy81-Bulk-CD45-neg-E03-S147-comb	ENDO	ENDO	ENDO	ENDO	TUMOR	UNLABELED	ENDO	TUMOR	ENDO	ENDO	ENDO	ENDO	ENDO	ENDO	ENDO	UNLABELED	ENDO	ENDO	ENDO	UNLABELED
cy53-1-CD45-neg-C04-S316-comb	ENDO	ENDO	ENDO	ENDO	ENDO	ENDO	ENDO	ENDO	ENDO	ENDO	ENDO	ENDO	ENDO	ENDO	ENDO	ENDO	ENDO	ENDO	ENDO	UNLABELED
CY80-neg-E01-S49-comb	ENDO	ENDO	ENDO	ENDO	ENDO	ENDO	ENDO	ENDO	ENDO	ENDO	ENDO	ENDO	ENDO	ENDO	ENDO	ENDO	ENDO	ENDO	ENDO	ENDO
CY94_CD45NEG_CD90POS_2_G07_S79_comb	ENDO	ENDO	ENDO	ENDO	ENDO	ENDO	ENDO	TUMOR	ENDO	ENDO	ENDO	ENDO	ENDO	ENDO	ENDO	ENDO	ENDO	ENDO	ENDO	UNLABELED
CY80-neg-H09-S93-comb	ENDO	ENDO	ENDO	ENDO	ENDO	ENDO	ENDO	ENDO	ENDO	ENDO	ENDO	ENDO	ENDO	ENDO	ENDO	ENDO	ENDO	ENDO	ENDO	UNLABELED
CY80-neg-E01-S49-comb	ENDO	ENDO	ENDO	ENDO	ENDO	ENDO	ENDO	ENDO	ENDO	ENDO	ENDO	ENDO	ENDO	ENDO	ENDO	ENDO	ENDO	ENDO	ENDO	ENDO
cy82-CD45-neg-2-E02-S242-comb	CAF	CAF	CAF	CAF	CAF	CAF	CAF	CAF	CAF	CAF	CAF	CAF	CAF	CAF	CAF	CAF	CAF	CAF	CAF	UNLABELED
cy94_cd45neg_cd90pos_F11_S359_comb	CAF	CAF	UNLABELED	CAF	CAF	UNLABELED	BCELL	BCELL	CAF	CAF	BCELL	CAF	CAF	CAF	UNLABELED	UNLABELED	UNLABELED	BCELL	CAF	UNLABELED
CY94_CD45NEG_CD90POS_2_B10_S22_comb	CAF	CAF	CAF	CAF	ENDO	ENDO	CAF	CAF	CAF	CAF	TUMOR	CAF	CAF	UNLABELED	UNLABELED	CAF	UNLABELED	CAF	CAF	UNLABELED
cy94_cd45neg_cd90pos_C05_S317_comb	CAF	CAF	CAF	CAF	CAF	CAF	CAF	CAF	CAF	CAF	CAF	CAF	CAF	CAF	CAF	CAF	UNLABELED	CAF	CAF	UNLABELED
cy80_CD_90_pos_C05_S893_comb	CAF	CAF	CAF	CAF	CAF	CAF	CAF	CAF	CAF	CAF	CAF	CAF	CAF	CAF	CAF	CAF	CAF	CAF	CAF	CAF
cy53-1-CD45-neg-D07-S331-comb	CAF	CAF	CAF	CAF	CAF	CAF	CAF	CAF	CAF	CAF	CAF	CAF	CAF	CAF	CAF	CAF	CAF	CAF	CAF	UNLABELED
cy80_CD_90_pos_F09_S933_comb	CAF	CAF	CAF	CAF	CAF	CAF	CAF	CAF	CAF	CAF	CAF	CAF	CAF	CAF	CAF	CAF	CAF	CAF	CAF	UNLABELED
Cy59_95	CAF	CAF	CAF	CAF	CAF	CAF	CAF	CAF	CAF	CAF	CAF	CAF	CAF	CAF	CAF	CAF	CAF	CAF	CAF	CAF
Cy59_18	CAF	CAF	CAF	CAF	CAF	CAF	CAF	CAF	CAF	CAF	CAF	CAF	CAF	CAF	CAF	CAF	CAF	CAF	CAF	UNLABELED
CY94_CD45NEG_CD90POS_2_F06_S66_comb	CAF	CAF	CAF	CAF	CAF	CAF	CAF	CAF	CAF	CAF	CAF	CAF	CAF	CAF	CAF	CAF	CAF	CAF	CAF	UNLABELED
cy94_cd45neg_cd90pos_B07_S307_comb	CAF	CAF	CAF	CAF	ENDO	UNLABELED	CAF	CAF	CAF	CAF	CAF	CAF	CAF	CAF	UNLABELED	CAF	UNLABELED	CAF	CAF	UNLABELED
cy80_CD_90_pos_F08_S932_comb	CAF	CAF	CAF	CAF	CAF	CAF	CAF	CAF	CAF	CAF	CAF	CAF	CAF	CAF	CAF	CAF	CAF	CAF	CAF	CAF
Cy59_2	CAF	CAF	CAF	CAF	CAF	CAF	CAF	CAF	CAF	CAF	CAF	CAF	CAF	CAF	CAF	CAF	CAF	CAF	CAF	CAF
cy78-CD45-neg-3-G01-S745-comb	CAF	CAF	CAF	CAF	CAF	CAF	CAF	TUMOR	CAF	CAF	CAF	CAF	CAF	CAF	CAF	CAF	CAF	CAF	CAF	UNLABELED
CY94_CD45NEG_CD90POS_2_C11_S35_comb	CAF	CAF	CAF	CAF	BCELL	BCELL	BCELL	CAF	CAF	CAF	CAF	CAF	CAF	CAF	UNLABELED	CAF	UNLABELED	CAF	CAF	UNLABELED
Cy59_7	CAF	CAF	CAF	CAF	CAF	CAF	CAF	CAF	CAF	CAF	CAF	CAF	CAF	CAF	CAF	CAF	CAF	CAF	CAF	CAF
cy80_CD_90_pos_A02_S866_comb	CAF	CAF	CAF	CAF	CAF	CAF	CAF	CAF	CAF	CAF	CAF	CAF	CAF	CAF	CAF	CAF	CAF	CAF	CAF	UNLABELED
cy94_cd45neg_cd90pos_A07_S295_comb	CAF	CAF	CAF	CAF	ENDO	ENDO	CAF	CAF	CAF	CAF	CAF	CAF	CAF	CAF	CAF	CAF	CAF	CAF	CAF	ENDO
CY88CD45_150813_D07_S331_comb	CAF	CAF	CAF	CAF	CAF	CAF	CAF	CAF	CAF	CAF	CAF	CAF	CAF	CAF	CAF	CAF	CAF	CAF	CAF	CAF
CY94_CD45NEG_CD90POS_2_C11_S35_comb	CAF	CAF	CAF	CAF	BCELL	BCELL	BCELL	CAF	CAF	CAF	CAF	CAF	CAF	CAF	UNLABELED	CAF	UNLABELED	CAF	CAF	UNLABELED
CY88CD45POS_2_F07_S451_comb	NK	NK	NK	NK	TCELL	TCELL	NK	TCELL	NK	NK	NK	NK	NK	NK	NK	NK	UNLABELED	NK	NK	UNLABELED
CY58_1_CD45_A05_S965_comb	NK	NK	NK	NK	TCELL	UNLABELED	NK	TUMOR	NK	NK	NK	NK	NK	NK	NK	NK	UNLABELED	NK	NK	UNLABELED
Cy67-CD45pos-S2-C4_S28	NK	NK	NK	NK	NK	NK	NK	TCELL	NK	NK	NK	NK	NK	NK	NK	UNLABELED	UNLABELED	NK	NK	UNLABELED
cy80-CD45-neg-D01-S421-comb	NK	NK	NK	NK	BCELL	BCELL	NK	BCELL	NK	NK	NK	NK	NK	NK	NK	UNLABELED	UNLABELED	NK	NK	UNLABELED
CY88CD45POS_2_F07_S451_comb	NK	NK	NK	NK	TCELL	TCELL	NK	TCELL	NK	NK	NK	NK	NK	NK	NK	NK	UNLABELED	NK	NK	UNLABELED
CY88CD45_150813_D05_S329_comb	NK	NK	NK	NK	TCELL	TCELL	NK	TCELL	NK	NK	NK	NK	NK	NK	NK	NK	UNLABELED	NK	NK	UNLABELED
CY89FNA_A03_S195_comb	NK	NK	NK	NK	NK	NK	NK	NK	NK	NK	NK	NK	NK	NK	NK	NK	UNLABELED	TCELL	NK	UNLABELED
cy80-CD45-pos-PD1-pos-H01-S181-comb	NK	NK	UNLABELED	NK	TCELL	UNLABELED	NK	TCELL	NK	NK	NK	NK	NK	NK	NK	UNLABELED	UNLABELED	NK	NK	UNLABELED
cy53-1-CD45-pos-1-F04-S64-comb	NK	NK	NK	NK	NK	UNLABELED	NK	TCELL	NK	NK	TCELL	NK	NK	NK	NK	UNLABELED	UNLABELED	NK	NK	UNLABELED
cy60_1_cd_45_pos_4_C07_S31_comb	NK	NK	NK	NK	NK	UNLABELED	NK	BCELL	NK	NK	NK	NK	NK	NK	NK	NK	NK	NK	NK	UNLABELED
cy53-1-CD45-pos-2-D03-S999-comb	NK	NK	NK	NK	NK	NK	NK	TCELL	NK	NK	NK	NK	NK	NK	NK	NK	UNLABELED	NK	NK	UNLABELED
cy88_cd_45_pos_3_F11_S647_comb	NK	NK	NK	NK	NK	NK	NK	TCELL	NK	NK	NK	NK	NK	NK	NK	NK	UNLABELED	NK	NK	UNLABELED
cy60_1_cd_45_pos_3_A07_S295_comb	NK	NK	NK	NK	NK	NK	NK	NK	NK	NK	NK	NK	NK	NK	NK	NK	UNLABELED	NK	NK	UNLABELED
CY88CD45POS_2_F09_S453_comb	NK	NK	NK	NK	NK	UNLABELED	NK	TUMOR	NK	NK	NK	NK	NK	NK	NK	NK	UNLABELED	NK	NK	UNLABELED
cy53-1-CD45-pos-2-A06-S966-comb	NK	NK	NK	NK	NK	NK	NK	TCELL	NK	NK	TCELL	NK	NK	NK	NK	NK	UNLABELED	NK	NK	UNLABELED
cy84_Primary_CD45_pos_C11_S419_comb	NK	NK	NK	NK	NK	NK	NK	NK	NK	NK	NK	NK	NK	NK	NK	NK	UNLABELED	NK	NK	UNLABELED
Cy67-CD45pos-S2-C4_S28	NK	NK	NK	NK	NK	NK	NK	TCELL	NK	NK	NK	NK	NK	NK	NK	UNLABELED	UNLABELED	NK	NK	UNLABELED
CY89FNA_A03_S195_comb	NK	NK	NK	NK	NK	NK	NK	NK	NK	NK	NK	NK	NK	NK	NK	NK	UNLABELED	TCELL	NK	UNLABELED
CY84_PRIM_POS_All_7_B06_S210_comb	NK	NK	NK	NK	TCELL	TCELL	TCELL	TCELL	NK	NK	NK	TCELL	NK	UNLABELED	NK	UNLABELED	UNLABELED	TCELL	NK	UNLABELED
cy80-CD45-pos-PD1-pos-H01-S181-comb	NK	NK	UNLABELED	NK	TCELL	UNLABELED	NK	TCELL	NK	NK	NK	NK	NK	NK	NK	UNLABELED	UNLABELED	NK	NK	UNLABELED
CY65_NEG_E_AGAACATT_AGGATCTA	TCELL	TCELL	TCELL	TCELL	TCELL	TCELL	TCELL	TCELL	TCELL	TCELL	TCELL	TCELL	TCELL	TCELL	TCELL	UNLABELED	TCELL	TCELL	TCELL	UNLABELED
Cy67-CD45pos-S2-B5_S17	TCELL	TCELL	TCELL	TCELL	TCELL	TCELL	TCELL	TCELL	TCELL	TCELL	TCELL	TCELL	TCELL	TCELL	TCELL	UNLABELED	UNLABELED	TCELL	TCELL	UNLABELED
cy72-CD45-pos-F07-S931-comb	TCELL	TCELL	TCELL	TCELL	TCELL	UNLABELED	TCELL	TCELL	TCELL	TCELL	TCELL	TCELL	TCELL	TCELL	TCELL	UNLABELED	UNLABELED	TCELL	TCELL	BCELL
cy74-CD45-pos-D05-S713-comb	TCELL	TCELL	TCELL	TCELL	TCELL	TCELL	TCELL	TCELL	TCELL	TCELL	TCELL	TCELL	TCELL	TCELL	TCELL	TCELL	UNLABELED	TCELL	TCELL	MACRO
Cy67-CD45pos-S2-B4_S16	TCELL	TCELL	TCELL	TCELL	BCELL	UNLABELED	TCELL	TCELL	TCELL	TCELL	TCELL	TCELL	TCELL	NK	NK	TCELL	UNLABELED	TCELL	NK	UNLABELED
cy79-p5-CD45-pos-PD1-pos-C06-S606-comb	TCELL	TCELL	TCELL	TCELL	TCELL	TCELL	TCELL	TCELL	TCELL	TCELL	TCELL	TCELL	TCELL	TCELL	TCELL	UNLABELED	UNLABELED	TCELL	TCELL	UNLABELED
cy79-p3-CD45-pos-PD1-pos-AS-C2-R1-F06-S450-comb	TCELL	TCELL	TCELL	TCELL	TCELL	TCELL	TCELL	TCELL	TCELL	TCELL	TCELL	TCELL	TCELL	TCELL	TCELL	UNLABELED	UNLABELED	TCELL	TCELL	UNLABELED
CY75_1_CD45_CD8_3__S132_comb	TCELL	TCELL	TCELL	TCELL	TCELL	TCELL	TCELL	TCELL	TCELL	TCELL	TCELL	TCELL	TCELL	TCELL	TCELL	TCELL	UNLABELED	TCELL	TCELL	UNLABELED
cy79-p5-CD45-pos-PD1-pos-B03-S591-comb	TCELL	TCELL	TCELL	TCELL	TCELL	TCELL	TCELL	TCELL	TCELL	TCELL	TCELL	TCELL	TCELL	TCELL	TCELL	TCELL	TCELL	TCELL	TCELL	UNLABELED
Cy74_CD45_D01_S421_comb	TCELL	TCELL	TCELL	TCELL	TCELL	UNLABELED	TCELL	TCELL	TCELL	TCELL	TCELL	TCELL	TCELL	TCELL	TCELL	TCELL	UNLABELED	TCELL	TCELL	UNLABELED
cy72-CD45-pos-G11-S947-comb	TCELL	TCELL	TCELL	TCELL	TCELL	UNLABELED	TCELL	TCELL	TCELL	TCELL	TCELL	TCELL	TCELL	TCELL	TCELL	UNLABELED	UNLABELED	TCELL	TCELL	UNLABELED
cy58-1-CD45-pos-E02-S626-comb	TCELL	TCELL	TCELL	TCELL	TCELL	TCELL	TCELL	TCELL	TCELL	TCELL	TCELL	TCELL	TCELL	TCELL	TCELL	UNLABELED	UNLABELED	TCELL	TCELL	UNLABELED
CY75_1_CD45_CD8_1__S5_comb	TCELL	TCELL	TCELL	TCELL	TCELL	TCELL	TCELL	TCELL	TCELL	TCELL	TCELL	TCELL	NK	TCELL	TCELL	TCELL	UNLABELED	TCELL	TCELL	UNLABELED
CY65_POS_G_CAAGGCGA_AGGTAAGG	TCELL	TCELL	TCELL	TCELL	TCELL	UNLABELED	TCELL	TCELL	TCELL	TCELL	TCELL	TCELL	TCELL	TCELL	TCELL	UNLABELED	UNLABELED	TCELL	TCELL	UNLABELED
cy74-CD45-pos-C01-S697-comb	TCELL	TCELL	TCELL	TCELL	TCELL	TCELL	TCELL	TCELL	TCELL	TCELL	TCELL	TCELL	TCELL	TCELL	TCELL	NK	UNLABELED	TCELL	TCELL	UNLABELED
cy82-CD45-pos-3-G08-S80-comb	TCELL	TCELL	TCELL	TCELL	TCELL	TCELL	TCELL	TCELL	TCELL	TCELL	TCELL	TCELL	TCELL	TCELL	TCELL	TCELL	UNLABELED	TCELL	TCELL	UNLABELED
cy60_1_cd_45_pos_HC_pos_HLDAR_pos_C10_S994_comb	TCELL	TCELL	TCELL	TCELL	TCELL	UNLABELED	TCELL	TCELL	TCELL	TCELL	TCELL	TCELL	TCELL	TCELL	TCELL	UNLABELED	UNLABELED	TCELL	TCELL	UNLABELED
cy58-1-CD45-pos-H08-S668-comb	TCELL	TCELL	TCELL	TCELL	TCELL	UNLABELED	TCELL	TCELL	TCELL	TCELL	TCELL	TCELL	TCELL	TCELL	NK	UNLABELED	UNLABELED	TCELL	TCELL	UNLABELED
CY75_1FNA_G01_S553_comb	TCELL	TCELL	TCELL	TCELL	TCELL	UNLABELED	TCELL	TCELL	TCELL	TCELL	TCELL	TCELL	TCELL	TCELL	TCELL	UNLABELED	UNLABELED	TCELL	TCELL	UNLABELED
cy79-p3-CD45-pos-PD1-pos-AS-C2-R1-B06-S402-comb	TCELL	TCELL	TCELL	TCELL	TCELL	UNLABELED	TCELL	TCELL	TCELL	TCELL	TCELL	TCELL	TCELL	TCELL	TCELL	UNLABELED	UNLABELED	TCELL	TCELL	UNLABELED
cy79-p3-CD45-neg-PD1-pos-AS-C3-R1-H01-S373-comb	TUMOR	TUMOR	TUMOR	TUMOR	TUMOR	TUMOR	TUMOR	TUMOR	TUMOR	TUMOR	TUMOR	TUMOR	TUMOR	TUMOR	TUMOR	TUMOR	TUMOR	TUMOR	TUMOR	TUMOR
Cy80_II_CD45_H09_S957_comb	TUMOR	TUMOR	TUMOR	TUMOR	TUMOR	TUMOR	TUMOR	TUMOR	TUMOR	TUMOR	TUMOR	TUMOR	TUMOR	TUMOR	TUMOR	TUMOR	TUMOR	TUMOR	TUMOR	TUMOR
cy79-p5-CD45-neg-PDL1-pos-B02-S686-comb	TUMOR	TUMOR	TUMOR	TUMOR	TUMOR	TUMOR	TUMOR	TUMOR	TUMOR	TUMOR	TUMOR	TUMOR	TUMOR	TUMOR	TUMOR	TUMOR	TUMOR	TUMOR	TUMOR	UNLABELED
cy78-CD45-neg-3-F05-S737-comb	TUMOR	TUMOR	TUMOR	TUMOR	TUMOR	TUMOR	TUMOR	TUMOR	TUMOR	TUMOR	TUMOR	TUMOR	TUMOR	TUMOR	NK	TUMOR	TUMOR	TUMOR	TUMOR	UNLABELED
cy79-p3-CD45-neg-PD1-pos-AS-C3-R1-C10-S322-comb	TUMOR	TUMOR	TUMOR	TUMOR	TUMOR	TUMOR	TUMOR	TUMOR	TUMOR	TUMOR	TUMOR	TUMOR	TUMOR	TUMOR	TUMOR	TUMOR	TUMOR	TUMOR	TUMOR	UNLABELED
Cy81_Bulk_CD45_B12_S120_comb	TUMOR	TUMOR	TUMOR	TUMOR	TUMOR	TUMOR	TUMOR	TUMOR	TUMOR	TUMOR	TUMOR	TUMOR	TUMOR	TUMOR	TUMOR	TUMOR	TUMOR	TUMOR	TUMOR	TUMOR
cy79-p3-CD45-neg-PDL1-neg-E12-S252-comb	TUMOR	TUMOR	TUMOR	TUMOR	TUMOR	TUMOR	TUMOR	TUMOR	TUMOR	TUMOR	TUMOR	TUMOR	TUMOR	TUMOR	TUMOR	TUMOR	TUMOR	TUMOR	TUMOR	UNLABELED
cy80-CD45-neg-B10-S886-comb	TUMOR	TUMOR	TUMOR	TUMOR	TUMOR	TUMOR	TUMOR	TUMOR	TUMOR	TUMOR	TUMOR	TUMOR	TUMOR	TUMOR	TUMOR	TUMOR	TUMOR	TUMOR	TUMOR	UNLABELED
cy78-CD45-neg-1-C02-S506-comb	TUMOR	TUMOR	TUMOR	TUMOR	TUMOR	TUMOR	TUMOR	TUMOR	TUMOR	TUMOR	TUMOR	TUMOR	TUMOR	TUMOR	TUMOR	TUMOR	TUMOR	TUMOR	TUMOR	UNLABELED
CY88_3_D03_S615_comb	TUMOR	TUMOR	TUMOR	TUMOR	TUMOR	UNLABELED	TCELL	TUMOR	TUMOR	TUMOR	TUMOR	TUMOR	TUMOR	TUMOR	NK	TUMOR	UNLABELED	TUMOR	TUMOR	UNLABELED
cy79-p1-CD45-neg-PDL1-pos-AS-C1-R1-F07-S67-comb	TUMOR	TUMOR	TUMOR	TUMOR	TUMOR	TUMOR	TUMOR	TUMOR	TUMOR	TUMOR	TUMOR	TUMOR	TUMOR	TUMOR	TUMOR	TUMOR	TUMOR	TUMOR	TUMOR	UNLABELED
cy79-p4-CD45-neg-PDL1-pos-A02-S386-comb	TUMOR	TUMOR	TUMOR	TUMOR	TUMOR	TUMOR	TUMOR	TUMOR	TUMOR	TUMOR	TUMOR	TUMOR	TUMOR	TUMOR	TUMOR	TUMOR	TUMOR	TUMOR	TUMOR	UNLABELED
cy79-p1-CD45-neg-PDL1-neg-AS-C4-R1-H08-S188-comb	TUMOR	TUMOR	TUMOR	TUMOR	TUMOR	TUMOR	TUMOR	TUMOR	TUMOR	TUMOR	TUMOR	TUMOR	TUMOR	TUMOR	TUMOR	TUMOR	TUMOR	TUMOR	TUMOR	UNLABELED
cy79-p5-CD45-neg-PDL1-neg-D08-S812-comb	TUMOR	TUMOR	TUMOR	TUMOR	TUMOR	TUMOR	TUMOR	TUMOR	TUMOR	TUMOR	TUMOR	TUMOR	TUMOR	TUMOR	TUMOR	TUMOR	TUMOR	TUMOR	TUMOR	TUMOR
CY88_5_B04_S688_comb	TUMOR	TUMOR	TUMOR	TUMOR	TUMOR	TUMOR	TUMOR	TUMOR	TUMOR	TUMOR	TUMOR	TUMOR	TUMOR	TUMOR	TUMOR	TUMOR	TUMOR	TUMOR	TUMOR	TUMOR
cy80-CD45-neg-B04-S880-comb	TUMOR	TUMOR	TUMOR	TUMOR	TUMOR	TUMOR	TUMOR	TUMOR	TUMOR	TUMOR	TUMOR	TUMOR	TUMOR	TUMOR	TUMOR	TUMOR	TUMOR	TUMOR	TUMOR	TUMOR
Cy71_CD45_F06_S546_comb	TUMOR	TUMOR	TUMOR	TUMOR	TUMOR	TUMOR	TUMOR	TUMOR	TUMOR	TUMOR	TUMOR	TUMOR	TUMOR	TUMOR	TUMOR	TUMOR	TUMOR	TUMOR	TUMOR	UNLABELED
cy81-Bulk-CD45-neg-C03-S123-comb	TUMOR	TUMOR	TUMOR	TUMOR	TUMOR	TUMOR	TUMOR	TUMOR	TUMOR	TUMOR	TUMOR	TUMOR	TUMOR	TUMOR	TUMOR	TUMOR	TUMOR	TUMOR	TUMOR	TUMOR
cy79-p5-CD45-neg-PDL1-pos-C07-S703-comb	TUMOR	TUMOR	TUMOR	TUMOR	TUMOR	TUMOR	TUMOR	TUMOR	TUMOR	TUMOR	TUMOR	TUMOR	TUMOR	TUMOR	NK	TUMOR	TUMOR	TUMOR	TUMOR	TUMOR
cy81-Bulk-CD45-neg-G01-S169-comb	TUMOR	TUMOR	TUMOR	TUMOR	TUMOR	TUMOR	TUMOR	TUMOR	TUMOR	TUMOR	TUMOR	TUMOR	TUMOR	TUMOR	TUMOR	TUMOR	TUMOR	TUMOR	TUMOR	UNLABELED
cy60_1_cd_45_pos_4_E03_S51_comb	BCELL	BCELL	BCELL	BCELL	BCELL	BCELL	BCELL	BCELL	BCELL	BCELL	BCELL	BCELL	BCELL	BCELL	BCELL	BCELL	UNLABELED	BCELL	BCELL	UNLABELED
CY89A_CD45_POS_4_C12_S420_comb	BCELL	BCELL	BCELL	BCELL	BCELL	BCELL	BCELL	BCELL	BCELL	BCELL	BCELL	BCELL	BCELL	BCELL	BCELL	BCELL	UNLABELED	BCELL	BCELL	UNLABELED
Cy72_CD45_C03_S699_comb	BCELL	BCELL	BCELL	BCELL	BCELL	BCELL	BCELL	BCELL	BCELL	BCELL	BCELL	BCELL	BCELL	BCELL	BCELL	BCELL	UNLABELED	BCELL	BCELL	UNLABELED
cy60_1_cd_45_pos_3_E06_S342_comb	BCELL	BCELL	BCELL	BCELL	BCELL	BCELL	BCELL	BCELL	BCELL	BCELL	BCELL	BCELL	BCELL	BCELL	BCELL	BCELL	UNLABELED	BCELL	BCELL	UNLABELED
Cy72_CD45_A07_S679_comb	BCELL	BCELL	BCELL	BCELL	BCELL	BCELL	BCELL	BCELL	BCELL	BCELL	BCELL	BCELL	BCELL	BCELL	NK	BCELL	UNLABELED	BCELL	BCELL	UNLABELED
CY94CD45POS_1_G09_S177_comb	BCELL	BCELL	BCELL	BCELL	BCELL	BCELL	BCELL	BCELL	BCELL	BCELL	BCELL	BCELL	BCELL	BCELL	NK	UNLABELED	UNLABELED	BCELL	BCELL	UNLABELED
Cy72_CD45_F04_S736_comb	BCELL	BCELL	BCELL	BCELL	BCELL	UNLABELED	BCELL	BCELL	BCELL	BCELL	BCELL	BCELL	BCELL	BCELL	NK	UNLABELED	UNLABELED	BCELL	BCELL	UNLABELED
cy80-Cd45-pos-Pd1-neg-S296-E08-S296-comb	BCELL	BCELL	BCELL	BCELL	BCELL	BCELL	BCELL	BCELL	BCELL	BCELL	BCELL	BCELL	BCELL	BCELL	NK	BCELL	BCELL	BCELL	BCELL	UNLABELED
cy80-Cd45-pos-Pd1-neg-S219-B03-S219-comb	BCELL	BCELL	BCELL	BCELL	BCELL	BCELL	BCELL	BCELL	BCELL	BCELL	BCELL	BCELL	BCELL	BCELL	BCELL	BCELL	UNLABELED	BCELL	BCELL	UNLABELED
CY94CD45POS_1_C05_S125_comb	BCELL	BCELL	BCELL	BCELL	BCELL	BCELL	BCELL	BCELL	BCELL	BCELL	BCELL	BCELL	BCELL	BCELL	NK	UNLABELED	UNLABELED	BCELL	BCELL	UNLABELED
CY89A_CD45_POS_6_B09_S117_comb	BCELL	BCELL	BCELL	BCELL	BCELL	BCELL	BCELL	BCELL	BCELL	BCELL	BCELL	BCELL	BCELL	BCELL	NK	BCELL	UNLABELED	BCELL	BCELL	UNLABELED
CY94CD45POS_1_G10_S178_comb	BCELL	BCELL	BCELL	BCELL	BCELL	BCELL	BCELL	BCELL	BCELL	BCELL	BCELL	BCELL	BCELL	BCELL	BCELL	BCELL	UNLABELED	BCELL	BCELL	UNLABELED
cy74-CD45-pos-G04-S748-comb	BCELL	BCELL	BCELL	BCELL	BCELL	BCELL	BCELL	BCELL	BCELL	BCELL	BCELL	BCELL	BCELL	BCELL	NK	UNLABELED	UNLABELED	BCELL	BCELL	UNLABELED
cy74-CD45-pos-A08-S680-comb	BCELL	BCELL	BCELL	BCELL	BCELL	BCELL	BCELL	BCELL	BCELL	BCELL	BCELL	BCELL	BCELL	BCELL	BCELL	BCELL	UNLABELED	BCELL	BCELL	UNLABELED
cy79-p3-CD45-pos-PD1-neg-C02-S122-comb	BCELL	BCELL	BCELL	BCELL	BCELL	BCELL	BCELL	BCELL	BCELL	BCELL	BCELL	BCELL	BCELL	BCELL	BCELL	BCELL	UNLABELED	BCELL	BCELL	UNLABELED
cy60_1_cd_45_pos_HC_pos_HLDAR_pos_F05_S1025_comb	BCELL	BCELL	BCELL	BCELL	BCELL	BCELL	BCELL	BCELL	BCELL	BCELL	BCELL	BCELL	BCELL	UNLABELED	BCELL	UNLABELED	UNLABELED	BCELL	BCELL	UNLABELED
cy94_cd45neg_cd90pos_H07_S379_comb	BCELL	BCELL	BCELL	BCELL	BCELL	BCELL	BCELL	BCELL	BCELL	BCELL	BCELL	BCELL	BCELL	BCELL	BCELL	BCELL	UNLABELED	BCELL	BCELL	UNLABELED
CY89A_CD45_POS_4_B09_S405_comb	BCELL	BCELL	BCELL	BCELL	BCELL	BCELL	BCELL	BCELL	BCELL	BCELL	BCELL	BCELL	BCELL	BCELL	NK	BCELL	UNLABELED	BCELL	BCELL	UNLABELED
CY89COREQ1_B10_S310_comb	BCELL	BCELL	BCELL	BCELL	BCELL	BCELL	BCELL	BCELL	BCELL	BCELL	BCELL	BCELL	BCELL	BCELL	BCELL	BCELL	BCELL	BCELL	BCELL	UNLABELED
CY65_NEG_E_AGAACATT_AACGCATT	BCELL	BCELL	BCELL	BCELL	BCELL	BCELL	BCELL	BCELL	BCELL	BCELL	BCELL	BCELL	BCELL	BCELL	BCELL	UNLABELED	UNLABELED	BCELL	BCELL	UNLABELED
cy88_cd45pos_5_G03_S267_comb	MACRO	MACRO	MACRO	MACRO	MACRO	MACRO	MACRO	MACRO	MACRO	MACRO	MACRO	MACRO	MACRO	MACRO	NK	MACRO	MACRO	MACRO	MACRO	UNLABELED
CY84_PRIM_POS_All_6_G06_S462_comb	MACRO	MACRO	MACRO	MACRO	MACRO	MACRO	MACRO	MACRO	MACRO	MACRO	MACRO	MACRO	MACRO	MACRO	MACRO	MACRO	MACRO	MACRO	MACRO	UNLABELED
CY88CD45POS_7_F04_S256_comb	MACRO	MACRO	MACRO	MACRO	MACRO	MACRO	MACRO	MACRO	MACRO	MACRO	MACRO	MACRO	MACRO	MACRO	MACRO	MACRO	MACRO	MACRO	MACRO	MACRO
CY88CD45POS_7_C07_S223_comb	MACRO	MACRO	MACRO	MACRO	BCELL	UNLABELED	MACRO	MACRO	MACRO	MACRO	MACRO	MACRO	MACRO	MACRO	MACRO	MACRO	MACRO	MACRO	MACRO	UNLABELED
cy82-CD45-pos-1-G02-S554-comb	MACRO	MACRO	MACRO	MACRO	MACRO	MACRO	MACRO	MACRO	MACRO	MACRO	MACRO	MACRO	MACRO	MACRO	MACRO	MACRO	MACRO	MACRO	MACRO	UNLABELED
CY88CD45POS_2_F06_S450_comb	MACRO	MACRO	MACRO	MACRO	MACRO	MACRO	MACRO	MACRO	MACRO	MACRO	MACRO	MACRO	MACRO	MACRO	MACRO	MACRO	MACRO	MACRO	MACRO	MACRO
CY89FNA_E03_S243_comb	MACRO	MACRO	MACRO	MACRO	MACRO	MACRO	MACRO	MACRO	MACRO	MACRO	MACRO	MACRO	MACRO	MACRO	MACRO	MACRO	MACRO	MACRO	MACRO	UNLABELED
CY89COREQ1_A01_S289_comb	MACRO	MACRO	MACRO	MACRO	MACRO	MACRO	MACRO	MACRO	MACRO	MACRO	MACRO	MACRO	MACRO	MACRO	MACRO	MACRO	MACRO	MACRO	MACRO	MACRO
CY88CD45POS_2_D01_S421_comb	MACRO	MACRO	MACRO	MACRO	MACRO	MACRO	MACRO	MACRO	MACRO	MACRO	MACRO	MACRO	MACRO	MACRO	MACRO	MACRO	MACRO	MACRO	MACRO	MACRO
cy60_1_cd_45_pos_3_G12_S372_comb	MACRO	MACRO	MACRO	MACRO	MACRO	MACRO	MACRO	MACRO	MACRO	MACRO	MACRO	MACRO	MACRO	MACRO	MACRO	MACRO	MACRO	MACRO	MACRO	NK
cy74-CD45-pos-G10-S754-comb	MACRO	MACRO	MACRO	MACRO	MACRO	MACRO	MACRO	MACRO	MACRO	MACRO	MACRO	MACRO	MACRO	MACRO	MACRO	MACRO	MACRO	MACRO	MACRO	UNLABELED
cy88_cd45pos_5_C05_S221_comb	MACRO	MACRO	MACRO	MACRO	MACRO	MACRO	MACRO	MACRO	MACRO	MACRO	MACRO	MACRO	MACRO	MACRO	MACRO	MACRO	MACRO	MACRO	MACRO	UNLABELED
CY89A_CD45_POS_6_B04_S112_comb	MACRO	MACRO	MACRO	MACRO	MACRO	MACRO	MACRO	MACRO	MACRO	MACRO	MACRO	MACRO	MACRO	MACRO	MACRO	MACRO	MACRO	MACRO	MACRO	MACRO
cy88_cd_45_pos_3_F01_S637_comb	MACRO	MACRO	MACRO	MACRO	MACRO	MACRO	MACRO	MACRO	MACRO	MACRO	MACRO	MACRO	MACRO	MACRO	MACRO	MACRO	MACRO	MACRO	MACRO	UNLABELED
cy84_Primary_CD45_pos_C08_S416_comb	MACRO	MACRO	MACRO	MACRO	MACRO	MACRO	MACRO	MACRO	MACRO	MACRO	MACRO	MACRO	MACRO	MACRO	MACRO	MACRO	MACRO	MACRO	MACRO	UNLABELED
CY89A_CD45_POS_4_F09_S453_comb	MACRO	MACRO	MACRO	MACRO	MACRO	MACRO	MACRO	MACRO	MACRO	MACRO	MACRO	MACRO	MACRO	MACRO	MACRO	MACRO	MACRO	MACRO	MACRO	MACRO
CY88CD45POS_2_D06_S426_comb	MACRO	MACRO	MACRO	MACRO	MACRO	MACRO	MACRO	MACRO	MACRO	MACRO	MACRO	MACRO	MACRO	MACRO	MACRO	MACRO	MACRO	MACRO	MACRO	UNLABELED
CY88CD45POS_7_G04_S268_comb	MACRO	MACRO	MACRO	MACRO	MACRO	MACRO	MACRO	MACRO	MACRO	MACRO	MACRO	MACRO	MACRO	MACRO	MACRO	MACRO	MACRO	MACRO	MACRO	MACRO
cy60_1_cd_45_pos_4_E01_S49_comb	MACRO	MACRO	MACRO	MACRO	MACRO	MACRO	MACRO	MACRO	MACRO	MACRO	MACRO	MACRO	MACRO	MACRO	MACRO	MACRO	MACRO	MACRO	MACRO	UNLABELED
CY89A_CD45_POS_10_C11_S227_comb	MACRO	MACRO	MACRO	MACRO	MACRO	MACRO	MACRO	MACRO	MACRO	MACRO	MACRO	MACRO	MACRO	MACRO	MACRO	MACRO	MACRO	MACRO	MACRO	UNLABELED
cy80-CD45-neg-F10-S934-comb	ENDO	ENDO	ENDO	ENDO	ENDO	ENDO	ENDO	TUMOR	ENDO	ENDO	ENDO	ENDO	ENDO	ENDO	ENDO	UNLABELED	ENDO	ENDO	ENDO	UNLABELED
Cy80_II_CD45_A08_S872_comb	ENDO	ENDO	ENDO	ENDO	ENDO	ENDO	ENDO	TUMOR	ENDO	ENDO	ENDO	ENDO	ENDO	ENDO	ENDO	ENDO	ENDO	ENDO	ENDO	UNLABELED
CY94_CD45NEG_CD90POS_2_B06_S18_comb	ENDO	ENDO	ENDO	ENDO	ENDO	ENDO	ENDO	ENDO	ENDO	ENDO	ENDO	ENDO	ENDO	ENDO	ENDO	ENDO	ENDO	ENDO	ENDO	UNLABELED
Cy81_Bulk_CD45_F10_S166_comb	ENDO	ENDO	ENDO	ENDO	TCELL	UNLABELED	ENDO	TUMOR	ENDO	ENDO	ENDO	ENDO	ENDO	UNLABELED	ENDO	ENDO	ENDO	ENDO	ENDO	UNLABELED
Cy80_II_CD45_A08_S872_comb	ENDO	ENDO	ENDO	ENDO	ENDO	ENDO	ENDO	TUMOR	ENDO	ENDO	ENDO	ENDO	ENDO	ENDO	ENDO	ENDO	ENDO	ENDO	ENDO	UNLABELED
cy53-1-CD45-neg-G07-S367-comb	ENDO	ENDO	ENDO	ENDO	CAF	CAF	ENDO	ENDO	ENDO	ENDO	ENDO	ENDO	ENDO	ENDO	ENDO	ENDO	ENDO	ENDO	ENDO	ENDO
CY80-neg-D06-S42-comb	ENDO	ENDO	ENDO	ENDO	ENDO	ENDO	ENDO	ENDO	ENDO	ENDO	ENDO	ENDO	ENDO	ENDO	ENDO	ENDO	ENDO	ENDO	ENDO	ENDO
cy94_cd45neg_cd90pos_H04_S376_comb	ENDO	ENDO	ENDO	ENDO	ENDO	ENDO	ENDO	TUMOR	ENDO	ENDO	ENDO	ENDO	ENDO	ENDO	ENDO	ENDO	ENDO	ENDO	ENDO	UNLABELED
cy81-Bulk-CD45-neg-E03-S147-comb	ENDO	ENDO	ENDO	ENDO	TUMOR	TUMOR	ENDO	TUMOR	ENDO	ENDO	ENDO	ENDO	ENDO	ENDO	ENDO	UNLABELED	ENDO	ENDO	ENDO	UNLABELED
CY80-neg-H10-S94-comb	ENDO	ENDO	ENDO	ENDO	ENDO	ENDO	ENDO	ENDO	ENDO	ENDO	ENDO	ENDO	ENDO	ENDO	ENDO	ENDO	ENDO	ENDO	ENDO	UNLABELED
cy94_cd45neg_cd90pos_G04_S364_comb	ENDO	ENDO	ENDO	ENDO	ENDO	ENDO	ENDO	ENDO	ENDO	ENDO	ENDO	ENDO	ENDO	ENDO	ENDO	ENDO	ENDO	ENDO	ENDO	UNLABELED
cy94_cd45neg_cd90pos_G04_S364_comb	ENDO	ENDO	ENDO	ENDO	ENDO	ENDO	ENDO	ENDO	ENDO	ENDO	ENDO	ENDO	ENDO	ENDO	ENDO	ENDO	ENDO	ENDO	ENDO	UNLABELED
CY94_CD45NEG_CD90POS_2_F08_S68_comb	ENDO	ENDO	ENDO	ENDO	ENDO	ENDO	ENDO	TUMOR	ENDO	ENDO	ENDO	ENDO	ENDO	ENDO	ENDO	ENDO	ENDO	ENDO	ENDO	UNLABELED
cy94_cd45neg_cd90pos_F02_S350_comb	ENDO	ENDO	ENDO	ENDO	ENDO	ENDO	ENDO	TUMOR	ENDO	ENDO	ENDO	ENDO	ENDO	ENDO	ENDO	ENDO	ENDO	ENDO	ENDO	UNLABELED
cy79-p3-CD45-neg-PDL1-neg-A12-S204-comb	ENDO	ENDO	ENDO	ENDO	ENDO	ENDO	ENDO	ENDO	ENDO	ENDO	ENDO	ENDO	ENDO	ENDO	ENDO	ENDO	UNLABELED	ENDO	ENDO	UNLABELED
cy81-Bulk-CD45-neg-E03-S147-comb	ENDO	ENDO	ENDO	ENDO	TUMOR	TUMOR	ENDO	TUMOR	ENDO	ENDO	ENDO	ENDO	ENDO	ENDO	ENDO	UNLABELED	ENDO	ENDO	ENDO	UNLABELED
cy53-1-CD45-neg-H07-S379-comb	ENDO	ENDO	ENDO	ENDO	ENDO	ENDO	ENDO	ENDO	ENDO	ENDO	ENDO	ENDO	ENDO	ENDO	ENDO	ENDO	ENDO	ENDO	ENDO	UNLABELED
cy80-CD45-neg-D05-S905-comb	ENDO	ENDO	ENDO	ENDO	ENDO	ENDO	ENDO	ENDO	ENDO	ENDO	ENDO	ENDO	ENDO	ENDO	ENDO	ENDO	ENDO	ENDO	ENDO	ENDO
cy79-p3-CD45-neg-PD1-pos-AS-C3-R1-C07-S319-comb	ENDO	ENDO	ENDO	ENDO	ENDO	ENDO	ENDO	TUMOR	ENDO	ENDO	ENDO	ENDO	ENDO	ENDO	ENDO	ENDO	ENDO	ENDO	ENDO	UNLABELED
cy94_cd45neg_cd90pos_G04_S364_comb	ENDO	ENDO	ENDO	ENDO	ENDO	ENDO	ENDO	ENDO	ENDO	ENDO	ENDO	ENDO	ENDO	ENDO	ENDO	ENDO	ENDO	ENDO	ENDO	UNLABELED
cy80_CD_90_pos_D10_S910_comb	CAF	CAF	CAF	CAF	CAF	CAF	CAF	CAF	CAF	CAF	CAF	CAF	CAF	CAF	CAF	CAF	CAF	CAF	CAF	CAF
CY94_CD45NEG_CD90POS_2_H07_S91_comb	CAF	CAF	CAF	CAF	CAF	CAF	CAF	CAF	CAF	CAF	CAF	CAF	CAF	CAF	CAF	CAF	CAF	CAF	CAF	UNLABELED
Cy59_52	CAF	CAF	CAF	CAF	CAF	CAF	CAF	CAF	CAF	CAF	CAF	CAF	CAF	CAF	CAF	CAF	CAF	CAF	CAF	UNLABELED
cy82-CD45-pos-1-D06-S522-comb	CAF	CAF	CAF	CAF	TUMOR	TUMOR	CAF	TUMOR	CAF	CAF	CAF	CAF	CAF	CAF	CAF	CAF	CAF	CAF	CAF	UNLABELED
Cy59_95	CAF	CAF	CAF	CAF	CAF	CAF	CAF	CAF	CAF	CAF	CAF	CAF	CAF	CAF	CAF	CAF	CAF	CAF	CAF	CAF
cy53-1-CD45-neg-B04-S304-comb	CAF	CAF	CAF	CAF	CAF	CAF	CAF	CAF	CAF	CAF	CAF	CAF	CAF	CAF	CAF	CAF	CAF	CAF	CAF	CAF
Cy59_16	CAF	CAF	CAF	CAF	CAF	CAF	CAF	CAF	CAF	CAF	CAF	CAF	CAF	CAF	CAF	CAF	CAF	CAF	CAF	UNLABELED
cy94_cd45neg_cd90pos_A07_S295_comb	CAF	CAF	CAF	CAF	ENDO	ENDO	CAF	CAF	CAF	CAF	CAF	CAF	CAF	CAF	CAF	CAF	CAF	CAF	CAF	UNLABELED
cy94_cd45neg_cd90pos_G05_S365_comb	CAF	CAF	CAF	CAF	ENDO	UNLABELED	CAF	TUMOR	CAF	CAF	ENDO	CAF	CAF	UNLABELED	CAF	CAF	CAF	CAF	CAF	UNLABELED
cy80_CD_90_pos_E04_S916_comb	CAF	CAF	CAF	CAF	TUMOR	TUMOR	CAF	CAF	CAF	CAF	CAF	CAF	CAF	CAF	CAF	CAF	CAF	CAF	CAF	UNLABELED
cy84-Primary-CD45-neg-G03-S1035-comb	CAF	CAF	CAF	CAF	CAF	CAF	CAF	CAF	CAF	CAF	CAF	CAF	CAF	CAF	CAF	CAF	CAF	CAF	CAF	UNLABELED
cy94_cd45neg_cd90pos_G05_S365_comb	CAF	CAF	CAF	CAF	ENDO	UNLABELED	CAF	TUMOR	CAF	CAF	ENDO	CAF	CAF	UNLABELED	CAF	CAF	CAF	CAF	CAF	UNLABELED
cy80_CD_90_pos_E05_S917_comb	CAF	CAF	CAF	CAF	CAF	CAF	CAF	CAF	CAF	CAF	CAF	CAF	CAF	CAF	CAF	CAF	UNLABELED	CAF	CAF	CAF
cy94_cd45neg_cd90pos_H08_S380_comb	CAF	CAF	CAF	CAF	BCELL	UNLABELED	CAF	CAF	CAF	CAF	CAF	CAF	CAF	CAF	CAF	CAF	UNLABELED	CAF	CAF	UNLABELED
CY88CD45_150813_D07_S331_comb	CAF	CAF	CAF	CAF	CAF	CAF	CAF	CAF	CAF	CAF	CAF	CAF	CAF	CAF	CAF	CAF	CAF	CAF	CAF	CAF
cy80_CD_90_pos_B02_S878_comb	CAF	CAF	CAF	CAF	CAF	CAF	CAF	CAF	CAF	CAF	CAF	CAF	CAF	CAF	CAF	CAF	UNLABELED	CAF	CAF	UNLABELED
cy80_CD_90_pos_A04_S868_comb	CAF	CAF	CAF	CAF	CAF	CAF	CAF	CAF	CAF	CAF	CAF	CAF	CAF	CAF	CAF	CAF	CAF	CAF	CAF	CAF
cy80_CD_90_pos_C05_S893_comb	CAF	CAF	CAF	CAF	CAF	CAF	CAF	CAF	CAF	CAF	CAF	CAF	CAF	CAF	CAF	CAF	UNLABELED	CAF	CAF	CAF
cy79-p3-CD45-neg-PDL1-neg-E09-S249-comb	CAF	CAF	CAF	CAF	CAF	CAF	CAF	CAF	CAF	CAF	CAF	CAF	CAF	CAF	CAF	CAF	CAF	CAF	CAF	CAF
cy80_CD_90_pos_G06_S942_comb	CAF	CAF	CAF	CAF	CAF	CAF	CAF	CAF	CAF	CAF	CAF	CAF	CAF	CAF	CAF	CAF	CAF	CAF	CAF	CAF
CY88CD45POS_2_F09_S453_comb	NK	NK	NK	NK	NK	UNLABELED	NK	TUMOR	NK	NK	NK	NK	NK	NK	NK	UNLABELED	UNLABELED	NK	NK	UNLABELED
cy84_Primary_CD45_pos_G03_S459_comb	NK	NK	NK	NK	NK	NK	NK	NK	NK	NK	NK	NK	NK	NK	NK	NK	UNLABELED	NK	NK	UNLABELED
cy53-1-CD45-pos-1-A08-S8-comb	NK	NK	NK	NK	NK	NK	NK	NK	NK	NK	NK	NK	NK	NK	NK	UNLABELED	UNLABELED	NK	NK	UNLABELED
CY89FNA_A03_S195_comb	NK	NK	NK	NK	NK	NK	NK	NK	NK	NK	NK	NK	NK	NK	NK	UNLABELED	UNLABELED	TCELL	NK	NK
cy60_1_cd_45_pos_3_B01_S301_comb	NK	NK	NK	NK	NK	NK	NK	NK	NK	NK	NK	NK	NK	NK	NK	UNLABELED	NK	NK	NK	UNLABELED
CY94CD45POS_1_E04_S148_comb	NK	NK	NK	NK	BCELL	BCELL	NK	TCELL	NK	NK	NK	NK	NK	NK	NK	UNLABELED	UNLABELED	NK	NK	UNLABELED
cy88_cd_45_pos_D01_S421_comb	NK	NK	NK	NK	NK	NK	NK	TCELL	NK	NK	NK	NK	NK	NK	NK	NK	UNLABELED	NK	NK	UNLABELED
cy84_Primary_CD45_pos_C11_S419_comb	NK	NK	NK	NK	NK	NK	NK	TCELL	NK	NK	NK	NK	NK	NK	NK	NK	UNLABELED	NK	NK	UNLABELED
cy80-CD45-neg-D01-S421-comb	NK	NK	NK	NK	BCELL	BCELL	NK	BCELL	NK	NK	NK	NK	NK	NK	NK	UNLABELED	UNLABELED	NK	NK	UNLABELED
cy60_1_cd_45_pos_3_A07_S295_comb	NK	NK	NK	NK	NK	NK	NK	TCELL	NK	NK	NK	NK	NK	NK	NK	UNLABELED	UNLABELED	NK	NK	UNLABELED
cy58-1-CD45-pos-C04-S604-comb	NK	NK	NK	NK	NK	NK	NK	NK	NK	NK	NK	NK	NK	NK	NK	NK	NK	NK	NK	UNLABELED
cy84_Primary_CD45_pos_C11_S419_comb	NK	NK	NK	NK	NK	NK	NK	TCELL	NK	NK	NK	NK	NK	NK	NK	NK	UNLABELED	NK	NK	UNLABELED
cy53-1-CD45-pos-1-A02-S2-comb	NK	NK	NK	NK	TCELL	TCELL	NK	TCELL	NK	NK	NK	NK	NK	NK	NK	NK	UNLABELED	NK	NK	UNLABELED
cy80-Cd45-pos-Pd1-neg-S293-E05-S293-comb	NK	NK	NK	NK	TCELL	TCELL	NK	TCELL	NK	NK	NK	NK	NK	NK	NK	NK	UNLABELED	NK	NK	UNLABELED
cy53-1-CD45-pos-2-D03-S999-comb	NK	NK	NK	NK	NK	NK	NK	NK	NK	NK	NK	NK	NK	NK	NK	NK	NK	NK	NK	UNLABELED
cy60_1_cd_45_pos_3_E10_S346_comb	NK	NK	NK	NK	NK	NK	NK	TCELL	NK	NK	NK	NK	NK	NK	NK	UNLABELED	UNLABELED	NK	NK	UNLABELED
cy53-1-CD45-pos-1-A08-S8-comb	NK	NK	NK	NK	NK	NK	NK	NK	NK	NK	NK	NK	NK	NK	NK	UNLABELED	UNLABELED	NK	NK	UNLABELED
cy53-1-CD45-pos-2-G09-S1041-comb	NK	NK	NK	NK	NK	NK	NK	NK	NK	NK	NK	NK	NK	NK	NK	NK	UNLABELED	NK	NK	UNLABELED
CY88CD45POS_2_G06_S462_comb	NK	NK	NK	NK	TCELL	TCELL	NK	TCELL	NK	NK	NK	NK	NK	NK	NK	UNLABELED	UNLABELED	NK	NK	UNLABELED
CY94CD45POS_1_E04_S148_comb	NK	NK	NK	NK	BCELL	BCELL	NK	TCELL	NK	NK	NK	NK	NK	NK	NK	UNLABELED	UNLABELED	NK	NK	UNLABELED
cy74-CD45-pos-C04-S700-comb	TCELL	TCELL	TCELL	TCELL	TCELL	TCELL	TCELL	TUMOR	TCELL	TCELL	TCELL	TCELL	TCELL	TCELL	TCELL	UNLABELED	UNLABELED	TCELL	TCELL	MACRO
cy80-Cd45-pos-PD1-pos-D10-S94-comb	TCELL	TCELL	TCELL	TCELL	TCELL	TCELL	TCELL	TCELL	TCELL	TCELL	TCELL	TCELL	TCELL	TCELL	TCELL	UNLABELED	UNLABELED	TCELL	TCELL	UNLABELED
cy94_cd45pos_A01_S97_comb	TCELL	TCELL	TCELL	TCELL	TCELL	UNLABELED	TCELL	TCELL	TCELL	TCELL	TCELL	TCELL	TCELL	TCELL	TCELL	UNLABELED	UNLABELED	TCELL	TCELL	UNLABELED
cy79-p4-CD45-pos-PD1-pos-D05-S329-comb	TCELL	TCELL	TCELL	TCELL	TCELL	UNLABELED	TCELL	BCELL	TCELL	TCELL	TCELL	TCELL	TCELL	TCELL	TCELL	UNLABELED	UNLABELED	TCELL	TCELL	UNLABELED
cy74-CD45-pos-G01-S745-comb	TCELL	TCELL	TCELL	TCELL	TCELL	TCELL	TCELL	TCELL	TCELL	TCELL	TCELL	TCELL	TCELL	TCELL	TCELL	TCELL	UNLABELED	TCELL	TCELL	UNLABELED
cy79-p3-CD45-pos-PD1-pos-AS-C2-R1-C03-S411-comb	TCELL	TCELL	TCELL	TCELL	TCELL	TCELL	TCELL	TCELL	TCELL	TCELL	TCELL	TCELL	TCELL	TCELL	TCELL	UNLABELED	UNLABELED	TCELL	TCELL	UNLABELED
cy74-CD45-pos-A09-S681-comb	TCELL	TCELL	TCELL	TCELL	TCELL	TCELL	TCELL	TCELL	TCELL	TCELL	TCELL	TCELL	TCELL	TCELL	TCELL	TCELL	TCELL	TCELL	TCELL	UNLABELED
Cy71_CD45_G10_S562_comb	TCELL	TCELL	TCELL	TCELL	TCELL	TCELL	TCELL	MACRO	TCELL	TCELL	TCELL	TCELL	TCELL	TCELL	TCELL	UNLABELED	UNLABELED	TCELL	TCELL	UNLABELED
CY58_1_CD45_B09_S981_comb	TCELL	TCELL	TCELL	TCELL	TCELL	TCELL	TCELL	TCELL	TCELL	TCELL	TCELL	TCELL	TCELL	TCELL	TCELL	TCELL	UNLABELED	TCELL	TCELL	UNLABELED
Cy72_CD45_D11_S719_comb	TCELL	TCELL	TCELL	TCELL	TCELL	UNLABELED	TCELL	BCELL	TCELL	TCELL	TCELL	TCELL	TCELL	TCELL	TCELL	UNLABELED	UNLABELED	TCELL	TCELL	UNLABELED
cy80-Cd45-pos-PD1-pos-S117-E09-S117-comb	TCELL	TCELL	TCELL	TCELL	TCELL	UNLABELED	TCELL	TCELL	TCELL	TCELL	TCELL	TCELL	TCELL	TCELL	TCELL	UNLABELED	UNLABELED	TCELL	TCELL	UNLABELED
cy79-p4-CD45-neg-PDL1-neg-D09-S1101-comb	TCELL	TCELL	TCELL	TCELL	TCELL	UNLABELED	TCELL	TCELL	TCELL	TCELL	TCELL	TCELL	TCELL	TCELL	TCELL	TCELL	UNLABELED	TCELL	TCELL	UNLABELED
CY75_1_CD45_CD8_3__S123_comb	TCELL	TCELL	TCELL	TCELL	TCELL	TCELL	TCELL	TCELL	TCELL	TCELL	TCELL	TCELL	TCELL	TCELL	TCELL	TCELL	UNLABELED	TCELL	TCELL	UNLABELED
cy80-Cd45-pos-PD1-pos-D11-S95-comb	TCELL	TCELL	TCELL	TCELL	TCELL	TCELL	TCELL	TCELL	TCELL	TCELL	TCELL	TCELL	TCELL	TCELL	TCELL	TCELL	TCELL	TCELL	TCELL	UNLABELED
cy74-CD45-pos-F03-S735-comb	TCELL	TCELL	TCELL	TCELL	TCELL	TCELL	TCELL	TCELL	TCELL	TCELL	TCELL	TCELL	TCELL	TCELL	TCELL	TCELL	UNLABELED	TCELL	TCELL	UNLABELED
CY89COREQ1_H09_S381_comb	TCELL	TCELL	TCELL	TCELL	TCELL	UNLABELED	TCELL	TCELL	TCELL	TCELL	TCELL	TCELL	TCELL	TCELL	TCELL	TCELL	UNLABELED	TCELL	TCELL	UNLABELED
CY89FNA_C08_S224_comb	TCELL	TCELL	TCELL	TCELL	TCELL	TCELL	TCELL	TCELL	TCELL	TCELL	TCELL	TCELL	TCELL	TCELL	TCELL	UNLABELED	UNLABELED	TCELL	TCELL	UNLABELED
cy58-1-CD45-pos-A08-S584-comb	TCELL	TCELL	TCELL	TCELL	TCELL	TCELL	TCELL	TCELL	TCELL	TCELL	TCELL	TCELL	TCELL	TCELL	TCELL	UNLABELED	UNLABELED	TCELL	TCELL	UNLABELED
monika_E9_S143_comb	TCELL	TCELL	TCELL	TCELL	TCELL	TCELL	TCELL	TCELL	TCELL	TCELL	TCELL	TCELL	TCELL	TCELL	TCELL	TCELL	UNLABELED	TCELL	TCELL	UNLABELED
cy79-p4-CD45-pos-PD1-pos-B02-S302-comb	TCELL	TCELL	TCELL	TCELL	TCELL	TCELL	TCELL	BCELL	TCELL	TCELL	TCELL	TCELL	TCELL	TCELL	TCELL	UNLABELED	UNLABELED	TCELL	TCELL	UNLABELED
cy79-p4-CD45-neg-PDL1-neg-H11-S1151-comb	TUMOR	TUMOR	TUMOR	TUMOR	TUMOR	TUMOR	TUMOR	TUMOR	TUMOR	TUMOR	TUMOR	TUMOR	TUMOR	TUMOR	TUMOR	TUMOR	TUMOR	TUMOR	TUMOR	UNLABELED
cy79-p5-CD45-neg-PDL1-pos-F03-S735-comb	TUMOR	TUMOR	TUMOR	TUMOR	TUMOR	TUMOR	TUMOR	TUMOR	TUMOR	TUMOR	TUMOR	TUMOR	TUMOR	TUMOR	TUMOR	TUMOR	TUMOR	TUMOR	TUMOR	UNLABELED
Cy59_36	TUMOR	TUMOR	TUMOR	TUMOR	TUMOR	TUMOR	TUMOR	TUMOR	TUMOR	TUMOR	TUMOR	TUMOR	TUMOR	TUMOR	NK	TUMOR	TUMOR	TUMOR	TUMOR	UNLABELED
cy79-p3-CD45-neg-PD1-pos-AS-C3-R1-D07-S331-comb	TUMOR	TUMOR	TUMOR	TUMOR	TUMOR	TUMOR	TUMOR	TUMOR	TUMOR	TUMOR	TUMOR	TUMOR	TUMOR	TUMOR	TUMOR	TUMOR	TUMOR	TUMOR	TUMOR	UNLABELED
CY88_3_B12_S600_comb	TUMOR	TUMOR	TUMOR	TUMOR	TUMOR	TUMOR	TUMOR	TUMOR	TUMOR	TUMOR	TUMOR	TUMOR	TUMOR	TUMOR	TUMOR	TUMOR	TUMOR	TUMOR	TUMOR	TUMOR
CY80-neg-D07-S43-comb	TUMOR	TUMOR	TUMOR	TUMOR	TUMOR	TUMOR	TUMOR	TUMOR	TUMOR	TUMOR	TUMOR	TUMOR	TUMOR	TUMOR	TUMOR	TUMOR	TUMOR	TUMOR	TUMOR	UNLABELED
Cy81_Bulk_CD45_E03_S147_comb	TUMOR	TUMOR	TUMOR	TUMOR	TUMOR	TUMOR	TUMOR	TUMOR	TUMOR	TUMOR	TUMOR	TUMOR	TUMOR	TUMOR	TUMOR	TUMOR	TUMOR	TUMOR	TUMOR	TUMOR
cy81-FNA-CD45-neg-G07-S1039-comb	TUMOR	TUMOR	TUMOR	TUMOR	TUMOR	TUMOR	TUMOR	TUMOR	TUMOR	TUMOR	TUMOR	TUMOR	TUMOR	TUMOR	TUMOR	TUMOR	TUMOR	TUMOR	TUMOR	TUMOR
CY88_3_H08_S668_comb	TUMOR	TUMOR	TUMOR	TUMOR	TUMOR	TUMOR	TUMOR	TUMOR	TUMOR	TUMOR	TUMOR	TUMOR	TUMOR	TUMOR	TUMOR	TUMOR	TUMOR	TUMOR	TUMOR	UNLABELED
cy79-p1-CD45-neg-PDL1-pos-AS-C1-R1-E01-S49-comb	TUMOR	TUMOR	TUMOR	TUMOR	TUMOR	TUMOR	TUMOR	TUMOR	TUMOR	TUMOR	TUMOR	TUMOR	TUMOR	TUMOR	TUMOR	TUMOR	TUMOR	TUMOR	TUMOR	UNLABELED
cy80-CD45-neg-B08-S884-comb	TUMOR	TUMOR	TUMOR	TUMOR	TUMOR	TUMOR	TUMOR	TUMOR	TUMOR	TUMOR	TUMOR	TUMOR	TUMOR	TUMOR	TUMOR	TUMOR	TUMOR	TUMOR	TUMOR	TUMOR
cy79-p5-CD45-neg-PDL1-pos-G08-S752-comb	TUMOR	TUMOR	TUMOR	TUMOR	TUMOR	TUMOR	TUMOR	TUMOR	TUMOR	TUMOR	TUMOR	TUMOR	TUMOR	TUMOR	TUMOR	TUMOR	TUMOR	TUMOR	TUMOR	UNLABELED
CY88_3_A08_S584_comb	TUMOR	TUMOR	TUMOR	TUMOR	TUMOR	TUMOR	TUMOR	TUMOR	TUMOR	TUMOR	TUMOR	TUMOR	TUMOR	TUMOR	TUMOR	TUMOR	TUMOR	TUMOR	TUMOR	UNLABELED
CY89NEG_E10_S58_comb	TUMOR	TUMOR	TUMOR	TUMOR	TUMOR	TUMOR	TUMOR	TUMOR	TUMOR	TUMOR	TUMOR	TUMOR	TUMOR	TUMOR	TUMOR	TUMOR	TUMOR	TUMOR	TUMOR	TUMOR
CY89CORE11_A03_S99_comb	TUMOR	TUMOR	TUMOR	TUMOR	TUMOR	TUMOR	TUMOR	TUMOR	TUMOR	TUMOR	TUMOR	TUMOR	TUMOR	TUMOR	TUMOR	TUMOR	TUMOR	TUMOR	TUMOR	UNLABELED
cy79-p1-CD45-neg-PDL1-neg-AS-C4-R1-G06-S174-comb	TUMOR	TUMOR	TUMOR	TUMOR	TUMOR	TUMOR	TUMOR	TUMOR	TUMOR	TUMOR	TUMOR	TUMOR	TUMOR	TUMOR	TUMOR	TUMOR	TUMOR	TUMOR	TUMOR	ENDO
Cy59_94	TUMOR	TUMOR	TUMOR	TUMOR	TUMOR	TUMOR	TUMOR	TUMOR	TUMOR	TUMOR	TUMOR	TUMOR	TUMOR	TUMOR	NK	TUMOR	TUMOR	TUMOR	TUMOR	UNLABELED
cy82-CD45-pos-2-B03-S495-comb	TUMOR	TUMOR	TUMOR	TUMOR	TUMOR	TUMOR	TUMOR	TUMOR	TUMOR	TUMOR	TUMOR	TUMOR	TUMOR	TUMOR	TUMOR	TUMOR	TUMOR	TUMOR	TUMOR	UNLABELED
cy79-p5-CD45-neg-PDL1-pos-D05-S713-comb	TUMOR	TUMOR	TUMOR	TUMOR	TUMOR	TUMOR	TUMOR	TUMOR	TUMOR	TUMOR	TUMOR	TUMOR	TUMOR	TUMOR	TUMOR	TUMOR	TUMOR	TUMOR	TUMOR	UNLABELED
CY88_5_B02_S686_comb	TUMOR	TUMOR	TUMOR	TUMOR	TUMOR	TUMOR	TUMOR	TUMOR	TUMOR	TUMOR	TUMOR	TUMOR	TUMOR	TUMOR	TUMOR	TUMOR	TUMOR	TUMOR	TUMOR	TUMOR
cy60_1_cd_45_pos_HC_pos_HLDAR_pos_E08_S1016_comb	BCELL	BCELL	BCELL	BCELL	BCELL	BCELL	BCELL	BCELL	BCELL	BCELL	BCELL	BCELL	BCELL	BCELL	BCELL	BCELL	UNLABELED	BCELL	BCELL	UNLABELED
cy94_cd45neg_cd90pos_G11_S371_comb	BCELL	BCELL	BCELL	BCELL	BCELL	BCELL	TUMOR	TUMOR	BCELL	BCELL	BCELL	BCELL	BCELL	BCELL	NK	MACRO	UNLABELED	BCELL	BCELL	UNLABELED
cy88_cd45pos_5_D03_S231_comb	BCELL	BCELL	BCELL	BCELL	BCELL	BCELL	BCELL	BCELL	BCELL	BCELL	BCELL	BCELL	BCELL	BCELL	BCELL	BCELL	BCELL	BCELL	BCELL	UNLABELED
cy60_1_cd_45_pos_HC_pos_HLDAR_pos_C07_S991_comb	BCELL	BCELL	BCELL	BCELL	BCELL	BCELL	BCELL	BCELL	BCELL	BCELL	BCELL	BCELL	BCELL	BCELL	BCELL	BCELL	BCELL	BCELL	BCELL	UNLABELED
cy84_Primary_CD45_pos_E06_S438_comb	BCELL	BCELL	BCELL	BCELL	BCELL	BCELL	BCELL	BCELL	BCELL	BCELL	BCELL	BCELL	BCELL	BCELL	BCELL	BCELL	BCELL	BCELL	BCELL	BCELL
cy80-Cd45-pos-Pd1-neg-S252-C12-S252-comb	BCELL	BCELL	BCELL	BCELL	BCELL	BCELL	BCELL	BCELL	BCELL	BCELL	BCELL	BCELL	BCELL	BCELL	NK	UNLABELED	UNLABELED	BCELL	BCELL	UNLABELED
cy60_1_cd_45_pos_4_D02_S38_comb	BCELL	BCELL	BCELL	BCELL	BCELL	BCELL	BCELL	BCELL	BCELL	BCELL	BCELL	BCELL	BCELL	BCELL	BCELL	BCELL	UNLABELED	BCELL	BCELL	UNLABELED
CY89COREQ1_E06_S342_comb	BCELL	BCELL	BCELL	BCELL	BCELL	BCELL	BCELL	BCELL	BCELL	BCELL	BCELL	UNLABELED	BCELL	BCELL	NK	BCELL	UNLABELED	BCELL	BCELL	UNLABELED
CY88CD45POS_7_C03_S219_comb	BCELL	BCELL	BCELL	BCELL	BCELL	BCELL	BCELL	BCELL	BCELL	BCELL	BCELL	BCELL	BCELL	BCELL	NK	UNLABELED	UNLABELED	BCELL	BCELL	UNLABELED
cy60_1_cd_45_pos_3_G06_S366_comb	BCELL	BCELL	BCELL	BCELL	BCELL	BCELL	BCELL	BCELL	BCELL	BCELL	BCELL	BCELL	BCELL	BCELL	NK	BCELL	UNLABELED	BCELL	BCELL	UNLABELED
cy60_1_cd_45_pos_4_G11_S83_comb	BCELL	BCELL	BCELL	BCELL	BCELL	BCELL	BCELL	BCELL	BCELL	BCELL	BCELL	BCELL	BCELL	BCELL	BCELL	BCELL	UNLABELED	BCELL	BCELL	UNLABELED
cy60_1_cd_45_pos_HC_pos_HLDAR_pos_D02_S998_comb	BCELL	BCELL	BCELL	BCELL	BCELL	BCELL	BCELL	BCELL	BCELL	BCELL	BCELL	BCELL	BCELL	BCELL	BCELL	BCELL	UNLABELED	BCELL	BCELL	UNLABELED
cy60_1_cd_45_pos_4_G02_S74_comb	BCELL	BCELL	BCELL	BCELL	BCELL	BCELL	BCELL	BCELL	BCELL	BCELL	BCELL	BCELL	BCELL	BCELL	BCELL	BCELL	UNLABELED	BCELL	BCELL	BCELL
cy74-CD45-pos-F02-S734-comb	BCELL	BCELL	BCELL	BCELL	BCELL	BCELL	BCELL	BCELL	BCELL	BCELL	BCELL	BCELL	BCELL	BCELL	BCELL	BCELL	UNLABELED	BCELL	BCELL	UNLABELED
cy80-Cd45-pos-Pd1-neg-S271-D07-S271-comb	BCELL	BCELL	BCELL	BCELL	BCELL	BCELL	BCELL	BCELL	BCELL	BCELL	BCELL	BCELL	BCELL	BCELL	BCELL	UNLABELED	UNLABELED	BCELL	BCELL	UNLABELED
cy80-Cd45-pos-Pd1-neg-S200-A08-S200-comb	BCELL	BCELL	BCELL	BCELL	BCELL	BCELL	BCELL	BCELL	BCELL	BCELL	BCELL	BCELL	BCELL	BCELL	NK	BCELL	UNLABELED	BCELL	BCELL	UNLABELED
CY94CD45POS_1_F09_S165_comb	BCELL	BCELL	BCELL	BCELL	BCELL	BCELL	BCELL	BCELL	BCELL	BCELL	BCELL	BCELL	BCELL	BCELL	BCELL	BCELL	UNLABELED	BCELL	BCELL	UNLABELED
cy60_1_cd_45_pos_HC_pos_HLDAR_pos_H05_S1049_comb	BCELL	BCELL	BCELL	BCELL	BCELL	BCELL	BCELL	BCELL	BCELL	BCELL	BCELL	BCELL	BCELL	UNLABELED	NK	UNLABELED	UNLABELED	BCELL	BCELL	UNLABELED
cy60_1_cd_45_pos_3_F10_S358_comb	BCELL	BCELL	BCELL	BCELL	BCELL	BCELL	BCELL	BCELL	BCELL	BCELL	BCELL	BCELL	BCELL	BCELL	BCELL	BCELL	UNLABELED	BCELL	BCELL	UNLABELED
cy60_1_cd_45_pos_HC_pos_HLDAR_pos_B07_S979_comb	BCELL	BCELL	BCELL	BCELL	BCELL	BCELL	BCELL	BCELL	BCELL	BCELL	BCELL	BCELL	BCELL	BCELL	BCELL	BCELL	UNLABELED	BCELL	BCELL	BCELL
cy53-1-CD45-pos-2-B12-S984-comb	MACRO	MACRO	MACRO	MACRO	MACRO	MACRO	MACRO	MACRO	MACRO	MACRO	MACRO	MACRO	MACRO	MACRO	MACRO	MACRO	MACRO	MACRO	MACRO	UNLABELED
CY89A_CD45_POS_4_F04_S448_comb	MACRO	MACRO	MACRO	MACRO	MACRO	MACRO	MACRO	MACRO	MACRO	MACRO	MACRO	MACRO	MACRO	MACRO	NK	MACRO	MACRO	MACRO	MACRO	UNLABELED
CY89COREQ1_G02_S362_comb	MACRO	MACRO	MACRO	MACRO	MACRO	MACRO	MACRO	MACRO	MACRO	MACRO	MACRO	MACRO	MACRO	MACRO	MACRO	MACRO	MACRO	MACRO	MACRO	MACRO
CY89A_CD45_POS_4_G06_S462_comb	MACRO	MACRO	MACRO	MACRO	MACRO	MACRO	MACRO	MACRO	MACRO	MACRO	MACRO	MACRO	MACRO	MACRO	MACRO	MACRO	MACRO	MACRO	MACRO	MACRO
CY89A_CD45_POS_6_A05_S101_comb	MACRO	MACRO	MACRO	MACRO	MACRO	MACRO	MACRO	MACRO	MACRO	MACRO	MACRO	MACRO	MACRO	MACRO	MACRO	MACRO	MACRO	MACRO	MACRO	UNLABELED
cy53-1-CD45-pos-1-A05-S5-comb	MACRO	MACRO	MACRO	MACRO	MACRO	MACRO	MACRO	MACRO	MACRO	MACRO	MACRO	MACRO	MACRO	MACRO	MACRO	MACRO	MACRO	MACRO	MACRO	UNLABELED
CY89A_CD45_POS_6_C10_S130_comb	MACRO	MACRO	MACRO	MACRO	MACRO	MACRO	MACRO	MACRO	MACRO	MACRO	MACRO	MACRO	MACRO	MACRO	MACRO	MACRO	MACRO	MACRO	MACRO	UNLABELED
cy74-CD45-pos-A11-S683-comb	MACRO	MACRO	MACRO	MACRO	MACRO	MACRO	MACRO	MACRO	MACRO	MACRO	MACRO	MACRO	MACRO	MACRO	MACRO	MACRO	MACRO	MACRO	MACRO	MACRO
CY84_PRIM_POS_All_6_G08_S464_comb	MACRO	MACRO	MACRO	MACRO	MACRO	MACRO	MACRO	MACRO	MACRO	MACRO	MACRO	MACRO	MACRO	MACRO	MACRO	MACRO	MACRO	MACRO	MACRO	UNLABELED
cy84_Primary_CD45_pos_E01_S433_comb	MACRO	MACRO	MACRO	MACRO	MACRO	MACRO	MACRO	MACRO	MACRO	MACRO	MACRO	MACRO	MACRO	MACRO	MACRO	MACRO	MACRO	MACRO	MACRO	UNLABELED
cy53-1-CD45-pos-2-A10-S970-comb	MACRO	MACRO	MACRO	MACRO	MACRO	UNLABELED	MACRO	MACRO	MACRO	MACRO	MACRO	MACRO	MACRO	MACRO	MACRO	MACRO	UNLABELED	MACRO	MACRO	UNLABELED
CY88CD45_150813_C03_S315_comb	MACRO	MACRO	MACRO	MACRO	MACRO	MACRO	MACRO	MACRO	MACRO	MACRO	MACRO	MACRO	MACRO	MACRO	MACRO	MACRO	MACRO	MACRO	MACRO	UNLABELED
CY84_PRIM_POS_All_7_F12_S264_comb	MACRO	MACRO	MACRO	MACRO	MACRO	MACRO	MACRO	MACRO	MACRO	MACRO	MACRO	MACRO	MACRO	MACRO	MACRO	MACRO	MACRO	MACRO	MACRO	UNLABELED
Cy74_CD45_C07_S415_comb	MACRO	MACRO	MACRO	MACRO	MACRO	MACRO	MACRO	MACRO	MACRO	MACRO	MACRO	MACRO	MACRO	MACRO	MACRO	MACRO	MACRO	MACRO	MACRO	UNLABELED
CY88CD45_150813_F06_S354_comb	MACRO	MACRO	MACRO	MACRO	MACRO	MACRO	MACRO	MACRO	MACRO	MACRO	MACRO	MACRO	MACRO	MACRO	MACRO	MACRO	MACRO	MACRO	MACRO	UNLABELED
CY88CD45POS_2_G03_S459_comb	MACRO	MACRO	MACRO	MACRO	MACRO	MACRO	MACRO	MACRO	MACRO	MACRO	MACRO	MACRO	MACRO	MACRO	MACRO	MACRO	MACRO	MACRO	MACRO	UNLABELED
CY89A_CD45_POS_4_C10_S418_comb	MACRO	MACRO	MACRO	MACRO	MACRO	MACRO	MACRO	MACRO	MACRO	MACRO	MACRO	MACRO	MACRO	MACRO	MACRO	MACRO	MACRO	MACRO	MACRO	MACRO
cy53-1-CD45-pos-2-H05-S1049-comb	MACRO	MACRO	MACRO	MACRO	MACRO	MACRO	MACRO	MACRO	MACRO	MACRO	MACRO	MACRO	MACRO	MACRO	MACRO	MACRO	MACRO	MACRO	MACRO	MACRO
Cy74_CD45_A06_S390_comb	MACRO	MACRO	MACRO	MACRO	MACRO	MACRO	MACRO	MACRO	MACRO	MACRO	MACRO	MACRO	MACRO	MACRO	MACRO	MACRO	MACRO	MACRO	MACRO	MACRO
cy84-Met-CD45-pos-H09-S957-comb	MACRO	MACRO	MACRO	MACRO	MACRO	MACRO	MACRO	MACRO	MACRO	MACRO	MACRO	MACRO	MACRO	MACRO	MACRO	MACRO	MACRO	MACRO	MACRO	UNLABELED
CY80-neg-E01-S49-comb	ENDO	ENDO	ENDO	ENDO	ENDO	ENDO	ENDO	ENDO	ENDO	ENDO	ENDO	ENDO	ENDO	ENDO	ENDO	ENDO	ENDO	ENDO	ENDO	ENDO
Cy80_II_CD45_C03_S891_comb	ENDO	ENDO	ENDO	ENDO	ENDO	ENDO	ENDO	TUMOR	ENDO	ENDO	ENDO	ENDO	ENDO	ENDO	ENDO	ENDO	ENDO	ENDO	ENDO	UNLABELED
cy80-CD45-neg-F12-S936-comb	ENDO	ENDO	ENDO	ENDO	ENDO	ENDO	ENDO	TUMOR	ENDO	ENDO	ENDO	ENDO	ENDO	ENDO	ENDO	ENDO	ENDO	ENDO	ENDO	UNLABELED
cy94_cd45neg_cd90pos_G04_S364_comb	ENDO	ENDO	ENDO	ENDO	ENDO	ENDO	ENDO	ENDO	ENDO	ENDO	ENDO	ENDO	ENDO	ENDO	ENDO	ENDO	ENDO	ENDO	ENDO	UNLABELED
cy81-Bulk-CD45-neg-E03-S147-comb	ENDO	ENDO	ENDO	ENDO	TUMOR	UNLABELED	ENDO	TUMOR	ENDO	ENDO	ENDO	ENDO	ENDO	ENDO	ENDO	ENDO	ENDO	ENDO	ENDO	UNLABELED
cy80-CD45-neg-H05-S953-comb	ENDO	ENDO	ENDO	ENDO	ENDO	ENDO	ENDO	TUMOR	ENDO	ENDO	ENDO	ENDO	ENDO	ENDO	ENDO	ENDO	ENDO	ENDO	ENDO	UNLABELED
cy53-1-CD45-neg-H03-S375-comb	ENDO	ENDO	ENDO	ENDO	ENDO	UNLABELED	ENDO	ENDO	ENDO	ENDO	ENDO	ENDO	ENDO	ENDO	NK	ENDO	UNLABELED	ENDO	ENDO	UNLABELED
cy80-CD45-neg-F10-S934-comb	ENDO	ENDO	ENDO	ENDO	ENDO	ENDO	ENDO	TUMOR	ENDO	ENDO	ENDO	ENDO	ENDO	ENDO	ENDO	ENDO	ENDO	ENDO	ENDO	UNLABELED
CY80-neg-B06-S18-comb	ENDO	ENDO	ENDO	ENDO	ENDO	ENDO	ENDO	TUMOR	ENDO	ENDO	ENDO	ENDO	ENDO	ENDO	ENDO	ENDO	ENDO	ENDO	ENDO	UNLABELED
cy80-CD45-neg-G07-S943-comb	ENDO	ENDO	ENDO	ENDO	ENDO	ENDO	ENDO	TUMOR	ENDO	ENDO	ENDO	ENDO	ENDO	ENDO	ENDO	ENDO	ENDO	ENDO	ENDO	UNLABELED
Cy81_Bulk_CD45_F10_S166_comb	ENDO	ENDO	ENDO	ENDO	TCELL	UNLABELED	ENDO	TUMOR	ENDO	ENDO	ENDO	ENDO	ENDO	ENDO	ENDO	ENDO	ENDO	ENDO	ENDO	UNLABELED
CY80-neg-H09-S93-comb	ENDO	ENDO	ENDO	ENDO	ENDO	ENDO	ENDO	ENDO	ENDO	ENDO	ENDO	ENDO	ENDO	ENDO	ENDO	ENDO	ENDO	ENDO	ENDO	UNLABELED
cy94_cd45neg_cd90pos_H04_S376_comb	ENDO	ENDO	ENDO	ENDO	ENDO	UNLABELED	ENDO	TUMOR	ENDO	ENDO	ENDO	ENDO	ENDO	ENDO	ENDO	ENDO	ENDO	ENDO	ENDO	UNLABELED
cy94_cd45neg_cd90pos_A10_S298_comb	ENDO	ENDO	ENDO	ENDO	ENDO	ENDO	ENDO	ENDO	ENDO	ENDO	ENDO	ENDO	ENDO	ENDO	ENDO	ENDO	UNLABELED	ENDO	ENDO	UNLABELED
cy80-CD45-neg-D05-S905-comb	ENDO	ENDO	ENDO	ENDO	ENDO	ENDO	ENDO	ENDO	ENDO	ENDO	ENDO	ENDO	ENDO	ENDO	ENDO	ENDO	ENDO	ENDO	ENDO	ENDO
CY80-neg-H09-S93-comb	ENDO	ENDO	ENDO	ENDO	ENDO	ENDO	ENDO	ENDO	ENDO	ENDO	ENDO	ENDO	ENDO	ENDO	ENDO	ENDO	ENDO	ENDO	ENDO	UNLABELED
cy53-1-CD45-neg-H05-S377-comb	ENDO	ENDO	ENDO	ENDO	ENDO	ENDO	ENDO	ENDO	ENDO	ENDO	ENDO	ENDO	ENDO	ENDO	ENDO	ENDO	ENDO	ENDO	ENDO	UNLABELED
cy94_cd45neg_cd90pos_F02_S350_comb	ENDO	ENDO	ENDO	ENDO	ENDO	ENDO	ENDO	TUMOR	ENDO	ENDO	ENDO	ENDO	ENDO	ENDO	ENDO	ENDO	ENDO	ENDO	ENDO	UNLABELED
cy94_cd45neg_cd90pos_F04_S352_comb	ENDO	ENDO	ENDO	ENDO	ENDO	ENDO	ENDO	TUMOR	ENDO	ENDO	ENDO	ENDO	ENDO	ENDO	ENDO	ENDO	ENDO	ENDO	ENDO	UNLABELED
CY94_CD45NEG_CD90POS_2_A03_S3_comb	ENDO	ENDO	ENDO	ENDO	ENDO	UNLABELED	ENDO	ENDO	ENDO	ENDO	ENDO	ENDO	ENDO	ENDO	ENDO	ENDO	ENDO	ENDO	ENDO	UNLABELED
Cy80_II_CD45_H03_S951_comb	CAF	CAF	CAF	CAF	ENDO	UNLABELED	CAF	CAF	CAF	CAF	CAF	CAF	CAF	CAF	CAF	CAF	CAF	CAF	CAF	UNLABELED
Cy80_II_CD45_G05_S941_comb	CAF	CAF	CAF	CAF	CAF	CAF	CAF	CAF	CAF	CAF	CAF	CAF	CAF	CAF	CAF	CAF	CAF	CAF	CAF	UNLABELED
cy80_CD_90_pos_C05_S893_comb	CAF	CAF	CAF	CAF	CAF	CAF	CAF	CAF	CAF	CAF	CAF	CAF	CAF	CAF	CAF	CAF	CAF	CAF	CAF	UNLABELED
cy79-p3-CD45-neg-PDL1-neg-E09-S249-comb	CAF	CAF	CAF	CAF	CAF	CAF	CAF	CAF	CAF	CAF	CAF	CAF	CAF	CAF	CAF	CAF	CAF	CAF	CAF	CAF
CY88CD45_150813_D07_S331_comb	CAF	CAF	CAF	CAF	CAF	CAF	CAF	CAF	CAF	CAF	CAF	CAF	CAF	CAF	CAF	CAF	CAF	CAF	CAF	CAF
Cy80_II_CD45_G05_S941_comb	CAF	CAF	CAF	CAF	CAF	CAF	CAF	CAF	CAF	CAF	CAF	CAF	CAF	CAF	CAF	CAF	CAF	CAF	CAF	UNLABELED
Cy59_95	CAF	CAF	CAF	CAF	CAF	CAF	CAF	CAF	CAF	CAF	CAF	CAF	CAF	CAF	CAF	CAF	CAF	CAF	CAF	CAF
cy94_cd45neg_cd90pos_C05_S317_comb	CAF	CAF	CAF	CAF	CAF	CAF	CAF	CAF	CAF	CAF	CAF	CAF	CAF	CAF	CAF	CAF	UNLABELED	CAF	CAF	UNLABELED
cy79-p3-CD45-neg-PDL1-neg-E09-S249-comb	CAF	CAF	CAF	CAF	CAF	CAF	CAF	CAF	CAF	CAF	CAF	CAF	CAF	CAF	CAF	CAF	CAF	CAF	CAF	CAF
CY88CD45_150813_D07_S331_comb	CAF	CAF	CAF	CAF	CAF	CAF	CAF	CAF	CAF	CAF	CAF	CAF	CAF	CAF	CAF	CAF	CAF	CAF	CAF	CAF
Cy59_7	CAF	CAF	CAF	CAF	CAF	CAF	CAF	CAF	CAF	CAF	CAF	CAF	CAF	CAF	CAF	CAF	CAF	CAF	CAF	CAF
CY94_CD45NEG_CD90POS_2_F06_S66_comb	CAF	CAF	CAF	CAF	CAF	CAF	CAF	CAF	CAF	CAF	CAF	CAF	CAF	CAF	CAF	CAF	CAF	CAF	CAF	UNLABELED
cy79-p3-CD45-neg-PDL1-neg-E09-S249-comb	CAF	CAF	CAF	CAF	CAF	CAF	CAF	CAF	CAF	CAF	CAF	CAF	CAF	CAF	CAF	CAF	CAF	CAF	CAF	CAF
cy80_CD_90_pos_C02_S890_comb	CAF	CAF	CAF	CAF	CAF	UNLABELED	CAF	CAF	CAF	CAF	CAF	CAF	CAF	CAF	CAF	CAF	CAF	CAF	CAF	CAF
cy80_CD_90_pos_F07_S931_comb	CAF	CAF	CAF	CAF	CAF	CAF	CAF	CAF	CAF	CAF	CAF	CAF	CAF	CAF	CAF	CAF	CAF	CAF	CAF	CAF
cy82-CD45-neg-2-E02-S242-comb	CAF	CAF	CAF	CAF	CAF	CAF	CAF	CAF	CAF	CAF	CAF	CAF	CAF	CAF	CAF	CAF	CAF	CAF	CAF	UNLABELED
cy80_CD_90_pos_F07_S931_comb	CAF	CAF	CAF	CAF	CAF	CAF	CAF	CAF	CAF	CAF	CAF	CAF	CAF	CAF	CAF	CAF	CAF	CAF	CAF	CAF
cy80_CD_90_pos_E04_S916_comb	CAF	CAF	CAF	CAF	CAF	UNLABELED	CAF	CAF	CAF	CAF	CAF	CAF	CAF	CAF	CAF	CAF	CAF	CAF	CAF	UNLABELED
cy80-CD45-neg-D12-S912-comb	CAF	CAF	CAF	CAF	CAF	CAF	CAF	CAF	CAF	CAF	CAF	CAF	CAF	CAF	CAF	CAF	CAF	CAF	CAF	CAF
cy78-CD45-neg-3-G01-S745-comb	CAF	CAF	CAF	CAF	CAF	CAF	CAF	TUMOR	CAF	CAF	CAF	CAF	CAF	CAF	CAF	CAF	CAF	CAF	CAF	UNLABELED
CY84_PRIM_POS_All_7_E07_S247_comb	NK	NK	UNLABELED	NK	TCELL	UNLABELED	TCELL	BCELL	TCELL	NK	TCELL	NK	NK	NK	NK	UNLABELED	UNLABELED	NK	NK	UNLABELED
cy88_cd_45_pos_D01_S421_comb	NK	NK	NK	NK	NK	NK	NK	TCELL	NK	NK	NK	NK	NK	NK	NK	NK	UNLABELED	NK	NK	UNLABELED
CY89FNA_A03_S195_comb	NK	NK	NK	NK	NK	NK	NK	NK	NK	NK	NK	NK	NK	NK	NK	NK	UNLABELED	NK	NK	NK
cy53-1-CD45-pos-2-A04-S964-comb	NK	NK	NK	NK	NK	UNLABELED	NK	NK	NK	NK	TCELL	NK	NK	NK	NK	NK	UNLABELED	NK	NK	UNLABELED
CY58_1_CD45_A05_S965_comb	NK	NK	NK	NK	TCELL	UNLABELED	NK	TUMOR	NK	NK	NK	NK	NK	NK	NK	NK	UNLABELED	NK	NK	UNLABELED
cy60_1_cd_45_pos_3_B01_S301_comb	NK	NK	NK	NK	NK	NK	NK	NK	NK	NK	NK	NK	NK	NK	NK	NK	UNLABELED	NK	NK	UNLABELED
cy53-1-CD45-pos-2-A04-S964-comb	NK	NK	NK	NK	NK	UNLABELED	NK	NK	NK	NK	TCELL	NK	NK	NK	NK	NK	UNLABELED	NK	NK	UNLABELED
cy84_Primary_CD45_pos_G03_S459_comb	NK	NK	NK	NK	NK	NK	NK	NK	NK	NK	NK	NK	NK	NK	NK	NK	UNLABELED	NK	NK	UNLABELED
cy60_1_cd_45_pos_3_A07_S295_comb	NK	NK	NK	NK	NK	NK	NK	NK	NK	NK	NK	NK	NK	NK	NK	NK	UNLABELED	NK	NK	UNLABELED
cy53-1-CD45-neg-G06-S366-comb	NK	NK	NK	NK	TCELL	TCELL	NK	TCELL	NK	NK	NK	NK	NK	NK	NK	NK	UNLABELED	NK	NK	UNLABELED
CY88CD45_150813_D05_S329_comb	NK	NK	NK	NK	TCELL	UNLABELED	NK	TCELL	NK	NK	NK	NK	NK	NK	NK	NK	UNLABELED	NK	NK	UNLABELED
cy60_1_cd_45_pos_3_C04_S316_comb	NK	NK	NK	NK	NK	UNLABELED	NK	TCELL	NK	NK	NK	NK	NK	NK	NK	NK	UNLABELED	NK	NK	UNLABELED
cy88_cd_45_pos_H05_S473_comb	NK	NK	NK	NK	TCELL	TCELL	NK	TCELL	NK	NK	NK	NK	NK	NK	NK	NK	UNLABELED	NK	NK	UNLABELED
cy88_cd_45_pos_3_F05_S641_comb	NK	NK	NK	NK	TCELL	UNLABELED	NK	TCELL	NK	NK	NK	NK	NK	NK	NK	NK	UNLABELED	NK	NK	UNLABELED
cy84_Primary_CD45_pos_E08_S440_comb	NK	NK	NK	NK	NK	NK	NK	NK	NK	NK	NK	NK	NK	NK	NK	NK	UNLABELED	NK	NK	NK
Cy67-CD45pos-S2-C4_S28	NK	NK	NK	NK	NK	NK	NK	TCELL	NK	NK	NK	NK	NK	NK	NK	NK	UNLABELED	NK	NK	UNLABELED
CY94CD45POS_1_E04_S148_comb	NK	NK	NK	NK	NK	UNLABELED	NK	TCELL	NK	NK	NK	NK	NK	NK	NK	NK	UNLABELED	NK	NK	UNLABELED
cy53-1-CD45-pos-1-A02-S2-comb	NK	NK	NK	NK	TCELL	TCELL	NK	TCELL	NK	NK	NK	NK	NK	NK	NK	NK	UNLABELED	NK	NK	UNLABELED
CY84_PRIM_POS_All_7_B06_S210_comb	NK	NK	NK	NK	TCELL	TCELL	TCELL	TCELL	NK	NK	NK	TCELL	NK	UNLABELED	TCELL	UNLABELED	UNLABELED	TCELL	NK	UNLABELED
CY88CD45POS_2_G06_S462_comb	NK	NK	NK	NK	TCELL	TCELL	NK	TCELL	NK	NK	NK	NK	NK	NK	NK	UNLABELED	UNLABELED	NK	NK	UNLABELED
cy80-CD45-pos-PD1-pos-G01-S169-comb	TCELL	TCELL	TCELL	TCELL	TCELL	TCELL	TCELL	TCELL	TCELL	TCELL	TCELL	TCELL	TCELL	TCELL	TCELL	UNLABELED	UNLABELED	TCELL	TCELL	UNLABELED
CY75_1_CD45_CD8_3__S184_comb	TCELL	TCELL	TCELL	TCELL	NK	UNLABELED	TCELL	TCELL	TCELL	TCELL	NK	TCELL	TCELL	TCELL	TCELL	TCELL	UNLABELED	TCELL	TCELL	UNLABELED
cy72-CD45-pos-F05-S929-comb	TCELL	TCELL	TCELL	TCELL	TCELL	TCELL	TCELL	TCELL	TCELL	TCELL	TCELL	TCELL	TCELL	TCELL	TCELL	UNLABELED	UNLABELED	TCELL	TCELL	UNLABELED
CY75_1FNA_F07_S547_comb	TCELL	TCELL	TCELL	TCELL	TCELL	TCELL	TCELL	TCELL	TCELL	TCELL	TCELL	TCELL	TCELL	TCELL	TCELL	TCELL	UNLABELED	TCELL	TCELL	UNLABELED
CY75_1_CD45_CD8_7__S196_comb	TCELL	TCELL	TCELL	TCELL	TCELL	TCELL	TCELL	TCELL	TCELL	TCELL	TCELL	TCELL	TCELL	TCELL	TCELL	TCELL	UNLABELED	TCELL	TCELL	UNLABELED
Cy72_CD45_H03_S759_comb	TCELL	TCELL	TCELL	TCELL	TCELL	UNLABELED	TCELL	TCELL	TCELL	TCELL	TCELL	TCELL	TCELL	TCELL	TCELL	UNLABELED	UNLABELED	TCELL	TCELL	UNLABELED
cy80-Cd45-pos-Pd1-neg-S364-H04-S364-comb	TCELL	TCELL	TCELL	TCELL	TCELL	TCELL	TCELL	TCELL	TCELL	TCELL	TCELL	TCELL	TCELL	TCELL	TCELL	UNLABELED	TCELL	TCELL	TCELL	UNLABELED
cy60_1_cd_45_pos_3_A11_S299_comb	TCELL	TCELL	TCELL	TCELL	TCELL	TCELL	TCELL	TCELL	TCELL	TCELL	TCELL	TCELL	NK	UNLABELED	TCELL	UNLABELED	UNLABELED	TCELL	TCELL	UNLABELED
cy80-Cd45-pos-Pd1-neg-S299-E11-S299-comb	TCELL	TCELL	TCELL	TCELL	TCELL	UNLABELED	TCELL	TCELL	TCELL	TCELL	TCELL	TCELL	TCELL	TCELL	TCELL	UNLABELED	UNLABELED	TCELL	TCELL	UNLABELED
CY75_1_CD45_CD8_8__S306_comb	TCELL	TCELL	TCELL	TCELL	TCELL	UNLABELED	TCELL	TCELL	TCELL	TCELL	TCELL	TCELL	TCELL	TCELL	TCELL	TCELL	UNLABELED	TCELL	TCELL	UNLABELED
cy79-p5-CD45-pos-PD1-pos-B02-S590-comb	TCELL	TCELL	TCELL	TCELL	TCELL	TCELL	TCELL	TCELL	TCELL	TCELL	TCELL	TCELL	TCELL	TCELL	TCELL	TCELL	TCELL	TCELL	TCELL	UNLABELED
cy60_1_cd_45_pos_4_B10_S22_comb	TCELL	TCELL	TCELL	TCELL	TCELL	TCELL	TCELL	TCELL	TCELL	TCELL	NK	TCELL	TCELL	TCELL	TCELL	TCELL	UNLABELED	TCELL	TCELL	UNLABELED
CY94CD45POS_1_E01_S145_comb	TCELL	TCELL	TCELL	TCELL	TCELL	UNLABELED	TCELL	TCELL	TCELL	TCELL	TCELL	TCELL	TCELL	TCELL	TCELL	UNLABELED	UNLABELED	TCELL	TCELL	UNLABELED
cy94_cd45pos_4_H03_S87_comb	TCELL	TCELL	TCELL	TCELL	TCELL	UNLABELED	TCELL	TCELL	TCELL	TCELL	TCELL	TCELL	TCELL	TCELL	TCELL	UNLABELED	UNLABELED	TCELL	TCELL	UNLABELED
Cy72_CD45_A12_S684_comb	TCELL	TCELL	TCELL	TCELL	BCELL	UNLABELED	BCELL	BCELL	TCELL	TCELL	TCELL	TCELL	TCELL	TCELL	TCELL	UNLABELED	UNLABELED	TCELL	TCELL	UNLABELED
CY75_1_CD45_CD8_8__S362_comb	TCELL	TCELL	TCELL	TCELL	TCELL	TCELL	TCELL	TCELL	TCELL	TCELL	TCELL	TCELL	TCELL	TCELL	TCELL	TCELL	TCELL	TCELL	TCELL	UNLABELED
cy72-CD45-pos-E03-S915-comb	TCELL	TCELL	TCELL	TCELL	TCELL	TCELL	TCELL	TCELL	TCELL	TCELL	TCELL	TCELL	TCELL	TCELL	TCELL	TCELL	UNLABELED	TCELL	TCELL	UNLABELED
CY89A_CD45_POS_10_A06_S198_comb	TCELL	TCELL	TCELL	TCELL	TCELL	TCELL	TCELL	TCELL	TCELL	TCELL	TCELL	TCELL	TCELL	TCELL	TCELL	UNLABELED	UNLABELED	TCELL	TCELL	UNLABELED
CY75_1_CD45_CD8_8__S344_comb	TCELL	TCELL	TCELL	TCELL	TCELL	TCELL	TCELL	TCELL	TCELL	TCELL	TCELL	TCELL	TCELL	TCELL	TCELL	TCELL	UNLABELED	TCELL	TCELL	UNLABELED
cy88_cd_45_pos_F03_S447_comb	TCELL	TCELL	TCELL	TCELL	TCELL	TCELL	TCELL	TCELL	TCELL	TCELL	BCELL	TCELL	TCELL	TCELL	TCELL	TCELL	UNLABELED	TCELL	TCELL	UNLABELED
cy79-p3-CD45-neg-PDL1-neg-H11-S287-comb	TUMOR	TUMOR	TUMOR	TUMOR	TUMOR	TUMOR	TUMOR	TUMOR	TUMOR	TUMOR	TUMOR	TUMOR	TUMOR	TUMOR	TUMOR	TUMOR	TUMOR	TUMOR	TUMOR	UNLABELED
cy79-p3-CD45-neg-PD1-pos-AS-C3-R1-B07-S307-comb	TUMOR	TUMOR	TUMOR	TUMOR	TUMOR	TUMOR	TUMOR	TUMOR	TUMOR	TUMOR	TUMOR	TUMOR	TUMOR	TUMOR	TUMOR	TUMOR	TUMOR	TUMOR	TUMOR	UNLABELED
Cy81_FNA_CD45_G10_S370_comb	TUMOR	TUMOR	TUMOR	TUMOR	TUMOR	TUMOR	TUMOR	TUMOR	TUMOR	TUMOR	TUMOR	TUMOR	TUMOR	TUMOR	TUMOR	TUMOR	TUMOR	TUMOR	TUMOR	UNLABELED
Cy81_FNA_CD45_C08_S320_comb	TUMOR	TUMOR	TUMOR	TUMOR	TUMOR	TUMOR	TUMOR	TUMOR	TUMOR	TUMOR	TUMOR	TUMOR	TUMOR	TUMOR	TUMOR	TUMOR	TUMOR	TUMOR	TUMOR	UNLABELED
CY89NEG_G11_S83_comb	TUMOR	TUMOR	TUMOR	TUMOR	TUMOR	TUMOR	TUMOR	TUMOR	TUMOR	TUMOR	TUMOR	TUMOR	TUMOR	TUMOR	TUMOR	TUMOR	TUMOR	TUMOR	TUMOR	TUMOR
CY88_3_G12_S660_comb	TUMOR	TUMOR	TUMOR	TUMOR	TUMOR	TUMOR	TUMOR	TUMOR	TUMOR	TUMOR	TUMOR	TUMOR	TUMOR	TUMOR	TUMOR	TUMOR	TUMOR	TUMOR	TUMOR	UNLABELED
cy79-p4-CD45-neg-PDL1-pos-B01-S397-comb	TUMOR	TUMOR	TUMOR	TUMOR	TUMOR	TUMOR	TUMOR	TUMOR	TUMOR	TUMOR	TUMOR	TUMOR	TUMOR	TUMOR	TUMOR	TUMOR	TUMOR	TUMOR	TUMOR	UNLABELED
Cy59_90	TUMOR	TUMOR	TUMOR	TUMOR	TUMOR	TUMOR	TUMOR	TUMOR	TUMOR	TUMOR	TUMOR	TUMOR	TUMOR	TUMOR	NK	TUMOR	TUMOR	TUMOR	TUMOR	TUMOR
cy79-p4-CD45-neg-PDL1-pos-F01-S445-comb	TUMOR	TUMOR	TUMOR	TUMOR	TUMOR	TUMOR	TUMOR	TUMOR	TUMOR	TUMOR	TUMOR	TUMOR	TUMOR	TUMOR	TUMOR	TUMOR	TUMOR	TUMOR	TUMOR	TUMOR
cy78-CD45-neg-3-F11-S743-comb	TUMOR	TUMOR	TUMOR	TUMOR	TUMOR	TUMOR	TUMOR	TUMOR	TUMOR	TUMOR	TUMOR	TUMOR	TUMOR	TUMOR	TUMOR	TUMOR	TUMOR	TUMOR	TUMOR	TUMOR
cy79-p3-CD45-neg-PDL1-neg-E02-S242-comb	TUMOR	TUMOR	TUMOR	TUMOR	TUMOR	TUMOR	TUMOR	TUMOR	TUMOR	TUMOR	TUMOR	TUMOR	TUMOR	TUMOR	TUMOR	TUMOR	TUMOR	TUMOR	TUMOR	UNLABELED
CY88_3_F06_S642_comb	TUMOR	TUMOR	TUMOR	TUMOR	TUMOR	TUMOR	TUMOR	TUMOR	TUMOR	TUMOR	TUMOR	TUMOR	TUMOR	TUMOR	TUMOR	TUMOR	TUMOR	TUMOR	TUMOR	UNLABELED
Cy80_II_CD45_G07_S943_comb	TUMOR	TUMOR	TUMOR	TUMOR	TUMOR	TUMOR	TUMOR	TUMOR	TUMOR	TUMOR	TUMOR	TUMOR	TUMOR	TUMOR	TUMOR	TUMOR	TUMOR	TUMOR	TUMOR	TUMOR
cy79-p5-CD45-neg-PDL1-neg-H06-S858-comb	TUMOR	TUMOR	TUMOR	TUMOR	TUMOR	TUMOR	TUMOR	TUMOR	TUMOR	TUMOR	TUMOR	TUMOR	TUMOR	TUMOR	TUMOR	TUMOR	TUMOR	TUMOR	TUMOR	TUMOR
cy79-p5-CD45-neg-PDL1-neg-A08-S776-comb	TUMOR	TUMOR	TUMOR	TUMOR	TUMOR	TUMOR	TUMOR	TUMOR	TUMOR	TUMOR	TUMOR	TUMOR	TUMOR	TUMOR	TUMOR	TUMOR	TUMOR	TUMOR	TUMOR	TUMOR
CY88_5_F06_S738_comb	TUMOR	TUMOR	TUMOR	TUMOR	TUMOR	TUMOR	TUMOR	TUMOR	TUMOR	TUMOR	TUMOR	TUMOR	TUMOR	TUMOR	TUMOR	TUMOR	TUMOR	TUMOR	TUMOR	UNLABELED
cy80-CD45-neg-H02-S950-comb	TUMOR	TUMOR	TUMOR	TUMOR	TUMOR	TUMOR	TUMOR	TUMOR	TUMOR	TUMOR	TUMOR	TUMOR	TUMOR	TUMOR	TUMOR	UNLABELED	TUMOR	TUMOR	TUMOR	UNLABELED
cy60_1_cd_45_neg_1_C08_S224_comb	TUMOR	TUMOR	TUMOR	TUMOR	TUMOR	TUMOR	TUMOR	TUMOR	TUMOR	TUMOR	TUMOR	TUMOR	TUMOR	TUMOR	TUMOR	TUMOR	TUMOR	TUMOR	TUMOR	UNLABELED
cy79-p3-CD45-neg-PD1-pos-AS-C3-R1-B12-S312-comb	TUMOR	TUMOR	TUMOR	TUMOR	TUMOR	TUMOR	TUMOR	TUMOR	TUMOR	TUMOR	TUMOR	TUMOR	TUMOR	TUMOR	TUMOR	TUMOR	TUMOR	TUMOR	TUMOR	TUMOR
cy79-p5-CD45-neg-PDL1-neg-B11-S791-comb	TUMOR	TUMOR	TUMOR	TUMOR	TUMOR	TUMOR	TUMOR	TUMOR	TUMOR	TUMOR	TUMOR	TUMOR	TUMOR	TUMOR	TUMOR	TUMOR	TUMOR	TUMOR	TUMOR	UNLABELED
cy80-Cd45-pos-Pd1-neg-S247-C07-S247-comb	BCELL	BCELL	BCELL	BCELL	BCELL	BCELL	BCELL	BCELL	BCELL	BCELL	BCELL	BCELL	BCELL	BCELL	BCELL	BCELL	UNLABELED	BCELL	BCELL	UNLABELED
Cy72_CD45_F10_S742_comb	BCELL	BCELL	BCELL	BCELL	BCELL	BCELL	BCELL	BCELL	BCELL	BCELL	BCELL	BCELL	BCELL	BCELL	BCELL	BCELL	UNLABELED	BCELL	BCELL	UNLABELED
CY89A_CD45_POS_6_H05_S185_comb	BCELL	BCELL	BCELL	BCELL	BCELL	BCELL	BCELL	BCELL	BCELL	BCELL	BCELL	BCELL	BCELL	BCELL	BCELL	UNLABELED	UNLABELED	BCELL	BCELL	UNLABELED
cy72-CD45-pos-A11-S875-comb	BCELL	BCELL	BCELL	BCELL	BCELL	BCELL	BCELL	BCELL	BCELL	BCELL	BCELL	BCELL	BCELL	BCELL	BCELL	UNLABELED	UNLABELED	BCELL	BCELL	UNLABELED
CY89A_CD45_POS_6_G12_S180_comb	BCELL	BCELL	BCELL	BCELL	BCELL	UNLABELED	BCELL	BCELL	BCELL	BCELL	BCELL	BCELL	BCELL	BCELL	BCELL	BCELL	BCELL	BCELL	BCELL	UNLABELED
cy80-Cd45-pos-Pd1-neg-S202-A10-S202-comb	BCELL	BCELL	BCELL	BCELL	BCELL	BCELL	BCELL	BCELL	BCELL	BCELL	BCELL	BCELL	BCELL	BCELL	BCELL	UNLABELED	UNLABELED	BCELL	BCELL	UNLABELED
cy79-p1-CD45-pos-PD1-neg-AS-C1-R2-B12-S504-comb	BCELL	BCELL	BCELL	BCELL	BCELL	BCELL	BCELL	BCELL	BCELL	BCELL	BCELL	BCELL	BCELL	BCELL	BCELL	BCELL	UNLABELED	BCELL	BCELL	UNLABELED
CY89FNA_G03_S267_comb	BCELL	BCELL	BCELL	BCELL	BCELL	BCELL	BCELL	BCELL	BCELL	BCELL	BCELL	BCELL	BCELL	BCELL	BCELL	BCELL	UNLABELED	BCELL	BCELL	UNLABELED
cy84_Primary_CD45_pos_H06_S474_comb	BCELL	BCELL	BCELL	BCELL	BCELL	BCELL	BCELL	BCELL	BCELL	BCELL	BCELL	BCELL	BCELL	BCELL	BCELL	BCELL	UNLABELED	BCELL	BCELL	UNLABELED
cy80-Cd45-pos-Pd1-neg-S245-C05-S245-comb	BCELL	BCELL	BCELL	BCELL	BCELL	BCELL	BCELL	BCELL	BCELL	BCELL	BCELL	BCELL	BCELL	BCELL	NK	UNLABELED	UNLABELED	BCELL	BCELL	UNLABELED
cy80-Cd45-pos-Pd1-neg-S201-A09-S201-comb	BCELL	BCELL	BCELL	BCELL	BCELL	BCELL	BCELL	BCELL	BCELL	BCELL	BCELL	BCELL	BCELL	BCELL	BCELL	BCELL	UNLABELED	BCELL	BCELL	UNLABELED
cy84_Primary_CD45_pos_C09_S417_comb	BCELL	BCELL	BCELL	BCELL	BCELL	BCELL	BCELL	BCELL	BCELL	BCELL	BCELL	BCELL	BCELL	BCELL	BCELL	BCELL	UNLABELED	BCELL	BCELL	UNLABELED
cy72-CD45-pos-D12-S912-comb	BCELL	BCELL	BCELL	BCELL	BCELL	BCELL	BCELL	BCELL	BCELL	BCELL	BCELL	BCELL	BCELL	BCELL	TCELL	BCELL	UNLABELED	BCELL	BCELL	UNLABELED
cy79-p1-CD45-pos-PD1-neg-AS-C1-R2-D08-S524-comb	BCELL	BCELL	BCELL	BCELL	BCELL	BCELL	BCELL	BCELL	BCELL	BCELL	BCELL	BCELL	BCELL	BCELL	BCELL	UNLABELED	UNLABELED	BCELL	BCELL	UNLABELED
Cy81_FNA_CD45_G11_S275_comb	BCELL	BCELL	BCELL	BCELL	BCELL	BCELL	BCELL	BCELL	BCELL	BCELL	BCELL	UNLABELED	BCELL	UNLABELED	NK	UNLABELED	UNLABELED	BCELL	BCELL	UNLABELED
cy60_1_cd_45_pos_3_A09_S297_comb	BCELL	BCELL	BCELL	BCELL	BCELL	BCELL	BCELL	BCELL	BCELL	BCELL	BCELL	BCELL	BCELL	BCELL	NK	UNLABELED	UNLABELED	BCELL	BCELL	UNLABELED
CY89A_Core_15_C12_S36_comb	BCELL	BCELL	BCELL	BCELL	BCELL	BCELL	BCELL	BCELL	BCELL	BCELL	BCELL	BCELL	BCELL	BCELL	BCELL	BCELL	UNLABELED	BCELL	BCELL	UNLABELED
cy80-CD45-neg-B04-S400-comb	BCELL	BCELL	BCELL	BCELL	BCELL	BCELL	BCELL	BCELL	BCELL	BCELL	BCELL	BCELL	BCELL	BCELL	BCELL	UNLABELED	UNLABELED	BCELL	BCELL	UNLABELED
cy60_1_cd_45_pos_HC_pos_HLDAR_pos_E05_S1013_comb	BCELL	BCELL	BCELL	BCELL	BCELL	BCELL	BCELL	BCELL	BCELL	BCELL	BCELL	BCELL	BCELL	BCELL	NK	BCELL	UNLABELED	BCELL	BCELL	UNLABELED
cy80-Cd45-pos-Pd1-neg-S266-D02-S266-comb	BCELL	BCELL	BCELL	BCELL	BCELL	BCELL	BCELL	BCELL	BCELL	BCELL	BCELL	BCELL	BCELL	BCELL	BCELL	BCELL	UNLABELED	BCELL	BCELL	UNLABELED
CY88CD45_150813_E02_S338_comb	MACRO	MACRO	MACRO	MACRO	MACRO	MACRO	MACRO	MACRO	MACRO	MACRO	MACRO	MACRO	MACRO	MACRO	MACRO	MACRO	MACRO	MACRO	MACRO	MACRO
cy58-1-CD45-pos-A09-S585-comb	MACRO	MACRO	MACRO	MACRO	MACRO	MACRO	MACRO	MACRO	MACRO	MACRO	MACRO	MACRO	MACRO	MACRO	MACRO	MACRO	MACRO	MACRO	MACRO	UNLABELED
cy88_cd45pos_5_D01_S229_comb	MACRO	MACRO	MACRO	MACRO	MACRO	MACRO	MACRO	MACRO	MACRO	MACRO	MACRO	MACRO	MACRO	MACRO	MACRO	MACRO	MACRO	MACRO	MACRO	UNLABELED
cy53-1-CD45-pos-2-D09-S1005-comb	MACRO	MACRO	MACRO	MACRO	MACRO	MACRO	MACRO	MACRO	MACRO	MACRO	MACRO	MACRO	MACRO	MACRO	MACRO	MACRO	MACRO	MACRO	MACRO	MACRO
CY84_PRIM_POS_All_6_B03_S399_comb	MACRO	MACRO	MACRO	MACRO	MACRO	MACRO	MACRO	MACRO	MACRO	MACRO	MACRO	MACRO	MACRO	MACRO	MACRO	MACRO	MACRO	MACRO	MACRO	UNLABELED
cy53-1-CD45-pos-2-B09-S981-comb	MACRO	MACRO	MACRO	MACRO	MACRO	MACRO	MACRO	MACRO	MACRO	MACRO	MACRO	MACRO	MACRO	MACRO	MACRO	MACRO	MACRO	MACRO	MACRO	UNLABELED
cy60_1_cd_45_pos_4_C08_S32_comb	MACRO	MACRO	MACRO	MACRO	MACRO	MACRO	MACRO	MACRO	MACRO	MACRO	MACRO	MACRO	MACRO	MACRO	MACRO	MACRO	MACRO	MACRO	MACRO	UNLABELED
CY88CD45_150813_G06_S366_comb	MACRO	MACRO	MACRO	MACRO	MACRO	MACRO	MACRO	MACRO	MACRO	MACRO	MACRO	MACRO	MACRO	MACRO	MACRO	MACRO	MACRO	MACRO	MACRO	UNLABELED
cy88_cd_45_pos_D09_S429_comb	MACRO	MACRO	MACRO	MACRO	MACRO	MACRO	MACRO	MACRO	MACRO	MACRO	MACRO	MACRO	MACRO	MACRO	MACRO	MACRO	MACRO	MACRO	MACRO	UNLABELED
CY88CD45POS_2_B07_S403_comb	MACRO	MACRO	UNLABELED	MACRO	BCELL	UNLABELED	BCELL	BCELL	NK	MACRO	CAF	UNLABELED	MACRO	UNLABELED	NK	MACRO	UNLABELED	TUMOR	MACRO	UNLABELED
CY88CD45POS_2_G08_S464_comb	MACRO	MACRO	MACRO	MACRO	MACRO	MACRO	MACRO	MACRO	MACRO	MACRO	MACRO	MACRO	MACRO	UNLABELED	MACRO	MACRO	MACRO	MACRO	MACRO	UNLABELED
cy53-1-CD45-pos-2-B03-S975-comb	MACRO	MACRO	MACRO	MACRO	MACRO	MACRO	MACRO	MACRO	MACRO	MACRO	MACRO	MACRO	MACRO	MACRO	MACRO	MACRO	MACRO	MACRO	MACRO	MACRO
cy84-Met-CD45-pos-A01-S865-comb	MACRO	MACRO	MACRO	MACRO	MACRO	MACRO	MACRO	MACRO	MACRO	MACRO	MACRO	MACRO	MACRO	MACRO	MACRO	MACRO	MACRO	MACRO	MACRO	UNLABELED
cy88_cd_45_pos_G09_S465_comb	MACRO	MACRO	MACRO	MACRO	MACRO	MACRO	MACRO	MACRO	MACRO	MACRO	MACRO	MACRO	MACRO	MACRO	MACRO	MACRO	MACRO	MACRO	MACRO	MACRO
CY84_PRIM_POS_All_8_D04_S136_comb	MACRO	MACRO	MACRO	MACRO	MACRO	MACRO	MACRO	MACRO	MACRO	MACRO	MACRO	MACRO	MACRO	MACRO	MACRO	MACRO	MACRO	MACRO	MACRO	UNLABELED
Cy59_83	MACRO	MACRO	MACRO	MACRO	MACRO	MACRO	MACRO	MACRO	MACRO	MACRO	MACRO	MACRO	MACRO	MACRO	MACRO	MACRO	MACRO	MACRO	MACRO	MACRO
CY89A_CD45_POS_10_E06_S246_comb	MACRO	MACRO	MACRO	MACRO	MACRO	MACRO	MACRO	MACRO	MACRO	MACRO	MACRO	MACRO	MACRO	MACRO	MACRO	MACRO	MACRO	MACRO	MACRO	MACRO
CY94_CD45NEG_CD90POS_2_E06_S54_comb	MACRO	MACRO	MACRO	MACRO	MACRO	MACRO	MACRO	MACRO	MACRO	MACRO	MACRO	MACRO	MACRO	MACRO	MACRO	MACRO	MACRO	MACRO	MACRO	UNLABELED
CY84_PRIM_POS_All_7_H09_S285_comb	MACRO	MACRO	MACRO	MACRO	MACRO	MACRO	MACRO	MACRO	MACRO	MACRO	MACRO	MACRO	MACRO	MACRO	MACRO	MACRO	MACRO	MACRO	MACRO	UNLABELED
CY88CD45POS_2_H09_S477_comb	MACRO	MACRO	MACRO	MACRO	MACRO	MACRO	MACRO	MACRO	MACRO	MACRO	MACRO	MACRO	MACRO	MACRO	MACRO	MACRO	MACRO	MACRO	MACRO	UNLABELED
cy53-1-CD45-neg-A10-S298-comb	ENDO	ENDO	ENDO	ENDO	CAF	CAF	ENDO	ENDO	ENDO	ENDO	ENDO	ENDO	ENDO	ENDO	ENDO	ENDO	ENDO	ENDO	ENDO	UNLABELED
cy80-CD45-neg-H05-S953-comb	ENDO	ENDO	ENDO	ENDO	ENDO	ENDO	ENDO	TUMOR	ENDO	ENDO	ENDO	ENDO	ENDO	ENDO	ENDO	ENDO	ENDO	ENDO	ENDO	UNLABELED
cy80-CD45-neg-C05-S893-comb	ENDO	ENDO	ENDO	ENDO	ENDO	ENDO	ENDO	TUMOR	ENDO	ENDO	ENDO	ENDO	ENDO	ENDO	ENDO	ENDO	ENDO	ENDO	ENDO	UNLABELED
cy53-1-CD45-neg-E02-S338-comb	ENDO	ENDO	ENDO	ENDO	ENDO	ENDO	ENDO	TUMOR	ENDO	ENDO	ENDO	ENDO	ENDO	ENDO	ENDO	UNLABELED	UNLABELED	ENDO	ENDO	UNLABELED
CY80-neg-E01-S49-comb	ENDO	ENDO	ENDO	ENDO	ENDO	ENDO	ENDO	ENDO	ENDO	ENDO	ENDO	ENDO	ENDO	ENDO	ENDO	ENDO	ENDO	ENDO	ENDO	ENDO
CY80-neg-C10-S34-comb	ENDO	ENDO	ENDO	ENDO	ENDO	ENDO	ENDO	ENDO	ENDO	ENDO	ENDO	ENDO	ENDO	ENDO	ENDO	ENDO	ENDO	ENDO	ENDO	UNLABELED
cy94_cd45neg_cd90pos_A01_S289_comb	ENDO	ENDO	ENDO	ENDO	ENDO	ENDO	ENDO	ENDO	ENDO	ENDO	ENDO	ENDO	ENDO	ENDO	ENDO	ENDO	ENDO	ENDO	ENDO	UNLABELED
cy53-1-CD45-neg-D08-S332-comb	ENDO	ENDO	ENDO	ENDO	ENDO	ENDO	ENDO	TUMOR	ENDO	ENDO	ENDO	ENDO	ENDO	ENDO	ENDO	TUMOR	ENDO	ENDO	ENDO	UNLABELED
cy80-CD45-neg-G11-S947-comb	ENDO	ENDO	ENDO	ENDO	ENDO	ENDO	ENDO	TUMOR	ENDO	ENDO	ENDO	ENDO	ENDO	ENDO	ENDO	UNLABELED	ENDO	ENDO	ENDO	UNLABELED
cy80-CD45-neg-F12-S936-comb	ENDO	ENDO	ENDO	ENDO	ENDO	ENDO	ENDO	TUMOR	ENDO	ENDO	ENDO	ENDO	ENDO	ENDO	ENDO	ENDO	ENDO	ENDO	ENDO	UNLABELED
cy53-1-CD45-neg-E02-S338-comb	ENDO	ENDO	ENDO	ENDO	ENDO	ENDO	ENDO	TUMOR	ENDO	ENDO	ENDO	ENDO	ENDO	ENDO	ENDO	UNLABELED	UNLABELED	ENDO	ENDO	UNLABELED
CY94_CD45NEG_CD90POS_2_E05_S53_comb	ENDO	ENDO	ENDO	ENDO	ENDO	ENDO	ENDO	ENDO	ENDO	ENDO	ENDO	ENDO	ENDO	ENDO	ENDO	ENDO	ENDO	ENDO	ENDO	CAF
cy94_cd45neg_cd90pos_G04_S364_comb	ENDO	ENDO	ENDO	ENDO	ENDO	ENDO	ENDO	ENDO	ENDO	ENDO	ENDO	ENDO	ENDO	ENDO	ENDO	ENDO	ENDO	ENDO	ENDO	UNLABELED
CY80-neg-H10-S94-comb	ENDO	ENDO	ENDO	ENDO	ENDO	ENDO	ENDO	ENDO	ENDO	ENDO	ENDO	ENDO	ENDO	ENDO	ENDO	UNLABELED	ENDO	ENDO	ENDO	UNLABELED
CY80-neg-E01-S49-comb	ENDO	ENDO	ENDO	ENDO	ENDO	ENDO	ENDO	ENDO	ENDO	ENDO	ENDO	ENDO	ENDO	ENDO	ENDO	ENDO	ENDO	ENDO	ENDO	ENDO
cy80-CD45-neg-E12-S924-comb	ENDO	ENDO	ENDO	ENDO	ENDO	ENDO	ENDO	CAF	ENDO	ENDO	ENDO	ENDO	ENDO	ENDO	ENDO	ENDO	ENDO	ENDO	ENDO	UNLABELED
cy94_cd45neg_cd90pos_F09_S357_comb	ENDO	ENDO	ENDO	ENDO	ENDO	ENDO	ENDO	ENDO	ENDO	ENDO	ENDO	ENDO	ENDO	ENDO	ENDO	UNLABELED	ENDO	ENDO	ENDO	UNLABELED
CY80-neg-E01-S49-comb	ENDO	ENDO	ENDO	ENDO	ENDO	ENDO	ENDO	ENDO	ENDO	ENDO	ENDO	ENDO	ENDO	ENDO	ENDO	ENDO	ENDO	ENDO	ENDO	ENDO
Cy80_II_CD45_B04_S880_comb	ENDO	ENDO	ENDO	ENDO	ENDO	ENDO	ENDO	TUMOR	ENDO	ENDO	ENDO	ENDO	ENDO	ENDO	ENDO	UNLABELED	ENDO	ENDO	ENDO	UNLABELED
Cy80_II_CD45_B04_S880_comb	ENDO	ENDO	ENDO	ENDO	ENDO	ENDO	ENDO	TUMOR	ENDO	ENDO	ENDO	ENDO	ENDO	ENDO	ENDO	UNLABELED	ENDO	ENDO	ENDO	UNLABELED
Cy59_16	CAF	CAF	CAF	CAF	CAF	CAF	CAF	CAF	CAF	CAF	CAF	CAF	CAF	CAF	CAF	CAF	CAF	CAF	CAF	UNLABELED
cy80_CD_90_pos_B02_S878_comb	CAF	CAF	CAF	CAF	CAF	CAF	CAF	CAF	CAF	CAF	CAF	CAF	CAF	CAF	CAF	CAF	CAF	CAF	CAF	CAF
cy53-1-CD45-neg-D07-S331-comb	CAF	CAF	CAF	CAF	CAF	CAF	CAF	CAF	CAF	CAF	CAF	CAF	CAF	CAF	CAF	CAF	CAF	CAF	CAF	CAF
Cy59_7	CAF	CAF	CAF	CAF	CAF	CAF	CAF	CAF	CAF	CAF	CAF	CAF	CAF	CAF	CAF	CAF	CAF	CAF	CAF	CAF
Cy59_2	CAF	CAF	CAF	CAF	CAF	CAF	CAF	CAF	CAF	CAF	CAF	CAF	CAF	CAF	CAF	CAF	CAF	CAF	CAF	UNLABELED
cy94_cd45neg_cd90pos_C10_S322_comb	CAF	CAF	CAF	CAF	CAF	CAF	CAF	CAF	CAF	CAF	CAF	CAF	CAF	CAF	CAF	CAF	UNLABELED	CAF	CAF	UNLABELED
cy80_CD_90_pos_A02_S866_comb	CAF	CAF	CAF	CAF	CAF	CAF	CAF	CAF	CAF	CAF	CAF	CAF	CAF	CAF	CAF	CAF	CAF	CAF	CAF	CAF
cy84-Primary-CD45-neg-G03-S1035-comb	CAF	CAF	CAF	CAF	CAF	CAF	CAF	CAF	CAF	CAF	CAF	CAF	CAF	CAF	CAF	CAF	CAF	CAF	CAF	UNLABELED
cy94_cd45neg_cd90pos_D07_S331_comb	CAF	CAF	CAF	CAF	CAF	CAF	CAF	CAF	CAF	CAF	CAF	CAF	CAF	CAF	CAF	CAF	CAF	CAF	CAF	UNLABELED
cy80_CD_90_pos_C02_S890_comb	CAF	CAF	CAF	CAF	CAF	UNLABELED	CAF	CAF	CAF	CAF	CAF	CAF	CAF	CAF	CAF	CAF	CAF	CAF	CAF	CAF
cy80_CD_90_pos_B06_S882_comb	CAF	CAF	CAF	CAF	CAF	CAF	CAF	CAF	CAF	CAF	CAF	CAF	CAF	CAF	CAF	CAF	CAF	CAF	CAF	CAF
cy82-CD45-pos-1-D06-S522-comb	CAF	CAF	CAF	CAF	TUMOR	UNLABELED	CAF	TUMOR	CAF	CAF	CAF	CAF	CAF	CAF	CAF	CAF	CAF	CAF	CAF	CAF
cy80_CD_90_pos_E09_S921_comb	CAF	CAF	CAF	CAF	CAF	CAF	CAF	CAF	CAF	CAF	CAF	CAF	CAF	CAF	CAF	CAF	CAF	CAF	CAF	CAF
Cy59_2	CAF	CAF	CAF	CAF	CAF	CAF	CAF	CAF	CAF	CAF	CAF	CAF	CAF	CAF	CAF	CAF	CAF	CAF	CAF	UNLABELED
Cy80_II_CD45_G05_S941_comb	CAF	CAF	CAF	CAF	CAF	CAF	CAF	CAF	CAF	CAF	CAF	CAF	CAF	CAF	CAF	CAF	CAF	CAF	CAF	UNLABELED
cy82-CD45-pos-1-D06-S522-comb	CAF	CAF	CAF	CAF	TUMOR	UNLABELED	CAF	TUMOR	CAF	CAF	CAF	CAF	CAF	CAF	CAF	CAF	CAF	CAF	CAF	CAF
Cy80_II_CD45_H03_S951_comb	CAF	CAF	CAF	CAF	ENDO	ENDO	CAF	CAF	CAF	CAF	CAF	CAF	CAF	CAF	CAF	CAF	CAF	CAF	CAF	CAF
CY94_CD45NEG_CD90POS_2_G06_S78_comb	CAF	CAF	CAF	CAF	CAF	UNLABELED	CAF	CAF	CAF	CAF	ENDO	CAF	CAF	CAF	CAF	CAF	CAF	CAF	CAF	UNLABELED
CY88CD45POS_7_B01_S205_comb	CAF	CAF	CAF	CAF	CAF	CAF	CAF	CAF	CAF	CAF	CAF	CAF	CAF	CAF	CAF	CAF	CAF	CAF	CAF	UNLABELED
CY88CD45_150813_D07_S331_comb	CAF	CAF	CAF	CAF	CAF	CAF	CAF	CAF	CAF	CAF	CAF	CAF	CAF	CAF	CAF	CAF	CAF	CAF	CAF	CAF
cy60_1_cd_45_pos_4_E08_S56_comb	NK	NK	NK	NK	NK	NK	NK	NK	NK	NK	NK	NK	NK	NK	NK	NK	UNLABELED	NK	NK	NK
cy53-1-CD45-pos-2-G09-S1041-comb	NK	NK	NK	NK	NK	NK	NK	NK	NK	NK	NK	NK	NK	NK	NK	NK	UNLABELED	NK	NK	UNLABELED
CY89FNA_A03_S195_comb	NK	NK	NK	NK	NK	NK	NK	NK	NK	NK	NK	NK	NK	NK	NK	UNLABELED	UNLABELED	NK	NK	NK
CY88CD45POS_2_F07_S451_comb	NK	NK	NK	NK	TCELL	UNLABELED	NK	TCELL	NK	NK	NK	NK	NK	NK	NK	NK	UNLABELED	NK	NK	UNLABELED
cy60_1_cd_45_pos_4_E08_S56_comb	NK	NK	NK	NK	NK	NK	NK	NK	NK	NK	NK	NK	NK	NK	NK	NK	UNLABELED	NK	NK	NK
cy60_1_cd_45_pos_3_G01_S361_comb	NK	NK	NK	NK	NK	NK	NK	TCELL	NK	NK	NK	NK	NK	NK	NK	NK	NK	NK	NK	UNLABELED
cy84_Primary_CD45_pos_C11_S419_comb	NK	NK	NK	NK	NK	NK	NK	TCELL	NK	NK	NK	NK	NK	NK	NK	NK	UNLABELED	NK	NK	UNLABELED
cy53-1-CD45-pos-2-G09-S1041-comb	NK	NK	NK	NK	NK	NK	NK	NK	NK	NK	NK	NK	NK	NK	NK	NK	UNLABELED	NK	NK	UNLABELED
CY84_PRIM_POS_All_8_E10_S154_comb	NK	NK	NK	NK	NK	UNLABELED	NK	BCELL	NK	NK	NK	NK	NK	NK	NK	NK	UNLABELED	NK	NK	UNLABELED
cy84_Primary_CD45_pos_C11_S419_comb	NK	NK	NK	NK	NK	NK	NK	TCELL	NK	NK	NK	NK	NK	NK	NK	NK	UNLABELED	NK	NK	UNLABELED
cy53-1-CD45-pos-1-D01-S37-comb	NK	NK	NK	NK	NK	NK	NK	NK	NK	NK	NK	NK	NK	NK	NK	UNLABELED	NK	NK	NK	UNLABELED
CY58_1_CD45_A05_S965_comb	NK	NK	NK	NK	TCELL	UNLABELED	NK	TUMOR	NK	NK	NK	NK	NK	NK	NK	UNLABELED	UNLABELED	NK	NK	UNLABELED
cy88_cd_45_pos_H05_S473_comb	NK	NK	NK	NK	TCELL	TCELL	NK	TCELL	NK	NK	NK	NK	NK	NK	NK	NK	UNLABELED	NK	NK	UNLABELED
cy58-1-CD45-pos-C04-S604-comb	NK	NK	NK	NK	NK	NK	NK	NK	NK	NK	NK	NK	NK	NK	NK	NK	NK	NK	NK	UNLABELED
cy60_1_cd_45_pos_3_G01_S361_comb	NK	NK	NK	NK	NK	NK	NK	TCELL	NK	NK	NK	NK	NK	NK	NK	NK	NK	NK	NK	UNLABELED
cy88_cd_45_pos_D01_S421_comb	NK	NK	NK	NK	NK	NK	NK	TCELL	NK	NK	NK	NK	NK	NK	NK	NK	UNLABELED	NK	NK	UNLABELED
cy53-1-CD45-pos-2-G09-S1041-comb	NK	NK	NK	NK	NK	NK	NK	NK	NK	NK	NK	NK	NK	NK	NK	NK	UNLABELED	NK	NK	UNLABELED
cy88_cd_45_pos_3_F05_S641_comb	NK	NK	NK	NK	TCELL	UNLABELED	NK	TCELL	NK	NK	NK	NK	NK	NK	NK	UNLABELED	TCELL	NK	NK	UNLABELED
cy84_Primary_CD45_pos_G03_S459_comb	NK	NK	NK	NK	NK	NK	NK	NK	NK	NK	NK	NK	NK	NK	NK	NK	UNLABELED	NK	NK	UNLABELED
cy60_1_cd_45_pos_3_C04_S316_comb	NK	NK	NK	NK	NK	UNLABELED	NK	TCELL	NK	NK	NK	NK	NK	NK	NK	NK	UNLABELED	NK	NK	UNLABELED
cy80-CD45-pos-PD1-pos-C01-S121-comb	TCELL	TCELL	TCELL	TCELL	TCELL	TCELL	TCELL	TCELL	TCELL	TCELL	TCELL	TCELL	TCELL	TCELL	TCELL	UNLABELED	UNLABELED	TCELL	TCELL	UNLABELED
cy80-Cd45-pos-Pd1-neg-S226-B10-S226-comb	TCELL	TCELL	TCELL	TCELL	TCELL	UNLABELED	TCELL	TCELL	TCELL	TCELL	TCELL	TCELL	TCELL	TCELL	TCELL	TCELL	UNLABELED	TCELL	TCELL	UNLABELED
CY58_1_CD45_B03_S975_comb	TCELL	TCELL	TCELL	TCELL	TCELL	UNLABELED	TCELL	TCELL	TCELL	TCELL	TCELL	TCELL	TCELL	TCELL	TCELL	UNLABELED	UNLABELED	TCELL	TCELL	UNLABELED
CY75_1_CD45_CD8_1__S73_comb	TCELL	TCELL	TCELL	TCELL	TCELL	UNLABELED	TCELL	TCELL	TCELL	TCELL	TCELL	TCELL	TCELL	TCELL	TCELL	TCELL	UNLABELED	TCELL	TCELL	UNLABELED
Cy67-CD45pos-S2-E10_S58	TCELL	TCELL	TCELL	TCELL	BCELL	UNLABELED	TCELL	TCELL	TCELL	TCELL	TCELL	TCELL	TCELL	TCELL	TCELL	TCELL	UNLABELED	TCELL	TCELL	UNLABELED
Cy71_CD45_D07_S523_comb	TCELL	TCELL	TCELL	TCELL	TCELL	UNLABELED	TCELL	TCELL	TCELL	TCELL	TCELL	UNLABELED	TCELL	TCELL	TCELL	UNLABELED	UNLABELED	TCELL	TCELL	UNLABELED
CY75_1_CD45_CD8_7__S218_comb	TCELL	TCELL	TCELL	TCELL	TCELL	TCELL	TCELL	TUMOR	TCELL	TCELL	TCELL	TCELL	TCELL	TCELL	TCELL	UNLABELED	UNLABELED	TCELL	TCELL	UNLABELED
cy88_cd_45_pos_3_C07_S607_comb	TCELL	TCELL	TCELL	TCELL	TCELL	UNLABELED	TCELL	BCELL	TCELL	TCELL	TCELL	TCELL	TCELL	TCELL	TCELL	UNLABELED	UNLABELED	TCELL	TCELL	UNLABELED
cy84_Primary_CD45_pos_G10_S466_comb	TCELL	TCELL	TCELL	TCELL	TCELL	UNLABELED	TCELL	TCELL	TCELL	TCELL	TCELL	TCELL	TCELL	TCELL	TCELL	UNLABELED	UNLABELED	TCELL	TCELL	UNLABELED
CY75_1_CD45_CD8_3__S170_comb	TCELL	TCELL	TCELL	TCELL	TCELL	TCELL	TCELL	TCELL	TCELL	TCELL	TCELL	TCELL	NK	TCELL	TCELL	UNLABELED	UNLABELED	TCELL	TCELL	UNLABELED
cy79-p1-CD45-pos-PD1-pos-AS-C5-R1-H02-S278-comb	TCELL	TCELL	TCELL	TCELL	TCELL	TCELL	TCELL	TCELL	TCELL	TCELL	TCELL	TCELL	TCELL	TCELL	TCELL	TCELL	TCELL	TCELL	TCELL	UNLABELED
cy88_cd_45_pos_3_D03_S615_comb	TCELL	TCELL	TCELL	TCELL	TCELL	UNLABELED	TCELL	TCELL	TCELL	TCELL	TCELL	TCELL	TCELL	TCELL	TCELL	UNLABELED	UNLABELED	TCELL	TCELL	UNLABELED
cy79-p4-CD45-pos-PD1-pos-H07-S379-comb	TCELL	TCELL	TCELL	TCELL	TCELL	TCELL	TCELL	TCELL	TCELL	TCELL	TCELL	TCELL	TCELL	TCELL	TCELL	UNLABELED	UNLABELED	TCELL	TCELL	UNLABELED
cy53-1-CD45-pos-1-B07-S19-comb	TCELL	TCELL	TCELL	TCELL	TCELL	TCELL	TCELL	TCELL	TCELL	TCELL	TCELL	TCELL	TCELL	TCELL	TCELL	UNLABELED	UNLABELED	TCELL	TCELL	UNLABELED
CY75_1_CD45_CD8_1__S78_comb	TCELL	TCELL	TCELL	TCELL	TCELL	UNLABELED	TCELL	TCELL	TCELL	TCELL	TCELL	TCELL	TCELL	TCELL	TCELL	TCELL	UNLABELED	TCELL	TCELL	UNLABELED
cy79-p5-CD45-pos-PD1-pos-H11-S671-comb	TCELL	TCELL	TCELL	TCELL	TCELL	TCELL	TCELL	TCELL	TCELL	TCELL	TCELL	TCELL	TCELL	TCELL	TCELL	TCELL	UNLABELED	TCELL	TCELL	UNLABELED
CY89A_CD45_POS_4_E02_S434_comb	TCELL	TCELL	TCELL	TCELL	TCELL	UNLABELED	TCELL	TCELL	TCELL	TCELL	TCELL	TCELL	TCELL	TCELL	TCELL	TCELL	UNLABELED	TCELL	TCELL	UNLABELED
cy79-p3-CD45-pos-PD1-neg-E04-S148-comb	TCELL	TCELL	TCELL	TCELL	TCELL	TCELL	TCELL	TCELL	TCELL	TCELL	TCELL	TCELL	TCELL	TCELL	TCELL	TCELL	UNLABELED	TCELL	TCELL	UNLABELED
cy80-Cd45-pos-PD1-pos-A11-S23-comb	TCELL	TCELL	TCELL	TCELL	TCELL	TCELL	TCELL	TCELL	TCELL	TCELL	TCELL	TCELL	TCELL	TCELL	TCELL	UNLABELED	UNLABELED	TCELL	TCELL	UNLABELED
cy80-Cd45-pos-PD1-pos-B09-S45-comb	TCELL	TCELL	TCELL	TCELL	TCELL	TCELL	TCELL	TCELL	TCELL	TCELL	TCELL	TCELL	TCELL	TCELL	TCELL	UNLABELED	TCELL	TCELL	TCELL	UNLABELED
Cy80_II_CD45_G03_S939_comb	TUMOR	TUMOR	TUMOR	TUMOR	TUMOR	TUMOR	TUMOR	TUMOR	TUMOR	TUMOR	TUMOR	TUMOR	TUMOR	TUMOR	TUMOR	TUMOR	TUMOR	TUMOR	TUMOR	TUMOR
cy78-CD45-neg-2-C05-S605-comb	TUMOR	TUMOR	TUMOR	TUMOR	TUMOR	TUMOR	TUMOR	TUMOR	TUMOR	TUMOR	TUMOR	TUMOR	TUMOR	TUMOR	TUMOR	TUMOR	TUMOR	TUMOR	TUMOR	UNLABELED
CY88_5_H06_S762_comb	TUMOR	TUMOR	TUMOR	TUMOR	TUMOR	TUMOR	TUMOR	TUMOR	TUMOR	TUMOR	TUMOR	TUMOR	TUMOR	TUMOR	TUMOR	TUMOR	TUMOR	TUMOR	TUMOR	TUMOR
cy79-p3-CD45-neg-PD1-pos-AS-C3-R1-C01-S313-comb	TUMOR	TUMOR	TUMOR	TUMOR	TUMOR	TUMOR	TUMOR	TUMOR	TUMOR	TUMOR	TUMOR	TUMOR	TUMOR	TUMOR	TUMOR	TUMOR	TUMOR	TUMOR	TUMOR	UNLABELED
cy53-1-CD45-neg-G03-S363-comb	TUMOR	TUMOR	TUMOR	TUMOR	TUMOR	TUMOR	TUMOR	TUMOR	TUMOR	TUMOR	TUMOR	UNLABELED	TUMOR	TUMOR	TUMOR	TUMOR	TUMOR	TUMOR	TUMOR	TUMOR
CY89A_CD45_POS_10_A07_S199_comb	TUMOR	TCELL	TCELL	TCELL	TCELL	TCELL	TCELL	TCELL	TCELL	TCELL	TCELL	TCELL	TCELL	TCELL	TCELL	TCELL	UNLABELED	TCELL	TCELL	UNLABELED
CY80-neg-B09-S21-comb	TUMOR	TUMOR	TUMOR	TUMOR	TUMOR	TUMOR	TUMOR	TUMOR	TUMOR	TUMOR	TUMOR	TUMOR	TUMOR	TUMOR	TUMOR	TUMOR	TUMOR	TUMOR	TUMOR	TUMOR
cy82-CD45-pos-2-D12-S528-comb	TUMOR	TUMOR	TUMOR	TUMOR	TUMOR	TUMOR	TUMOR	TUMOR	TUMOR	TUMOR	TUMOR	TUMOR	TUMOR	TUMOR	TUMOR	TUMOR	TUMOR	TUMOR	TUMOR	UNLABELED
CY88_5_C08_S704_comb	TUMOR	TUMOR	TUMOR	TUMOR	TUMOR	TUMOR	TUMOR	TUMOR	TUMOR	TUMOR	TUMOR	TUMOR	TUMOR	TUMOR	TUMOR	TUMOR	TUMOR	TUMOR	TUMOR	TUMOR
cy79-p1-CD45-neg-PDL1-pos-AS-C1-R1-A04-S4-comb	TUMOR	TUMOR	TUMOR	TUMOR	TUMOR	TUMOR	TUMOR	TUMOR	TUMOR	TUMOR	TUMOR	TUMOR	TUMOR	TUMOR	TUMOR	TUMOR	TUMOR	TUMOR	TUMOR	UNLABELED
cy81-FNA-CD45-neg-D04-S1000-comb	TUMOR	TUMOR	TUMOR	TUMOR	TUMOR	TUMOR	TUMOR	TUMOR	TUMOR	TUMOR	TUMOR	TUMOR	TUMOR	TUMOR	TUMOR	TUMOR	TUMOR	TUMOR	TUMOR	UNLABELED
cy79-p3-CD45-neg-PD1-pos-AS-C3-R1-D08-S332-comb	TUMOR	TUMOR	TUMOR	TUMOR	TUMOR	TUMOR	TUMOR	TUMOR	TUMOR	TUMOR	TUMOR	TUMOR	TUMOR	TUMOR	TUMOR	TUMOR	TUMOR	TUMOR	TUMOR	UNLABELED
CY89FNAQ2_D09_S429_comb	TUMOR	TUMOR	TUMOR	TUMOR	TUMOR	TUMOR	TUMOR	TUMOR	TUMOR	TUMOR	TUMOR	TUMOR	TUMOR	TUMOR	TUMOR	TUMOR	TUMOR	TUMOR	TUMOR	TUMOR
cy78-CD45-neg-3-C04-S700-comb	TUMOR	TUMOR	TUMOR	TUMOR	TUMOR	TUMOR	TUMOR	TUMOR	TUMOR	TUMOR	TUMOR	TUMOR	TUMOR	TUMOR	TUMOR	TUMOR	TUMOR	TUMOR	TUMOR	UNLABELED
cy79-p1-CD45-neg-PDL1-neg-AS-C4-R1-B11-S119-comb	TUMOR	TUMOR	TUMOR	TUMOR	TUMOR	TUMOR	TUMOR	TUMOR	TUMOR	TUMOR	TUMOR	TUMOR	TUMOR	TUMOR	TUMOR	TUMOR	TUMOR	TUMOR	TUMOR	UNLABELED
cy79-p1-CD45-neg-PDL1-neg-AS-C4-R1-G02-S170-comb	TUMOR	TUMOR	TUMOR	TUMOR	TUMOR	TUMOR	TUMOR	TUMOR	TUMOR	TUMOR	TUMOR	TUMOR	TUMOR	TUMOR	TUMOR	TUMOR	TUMOR	TUMOR	TUMOR	UNLABELED
cy78-CD45-neg-3-A04-S676-comb	TUMOR	TUMOR	TUMOR	TUMOR	TUMOR	TUMOR	TUMOR	TUMOR	TUMOR	TUMOR	TUMOR	TUMOR	TUMOR	TUMOR	TUMOR	TUMOR	TUMOR	TUMOR	TUMOR	TUMOR
cy79-p1-CD45-neg-PDL1-pos-AS-C1-R1-C10-S34-comb	TUMOR	TUMOR	TUMOR	TUMOR	TUMOR	TUMOR	TUMOR	TUMOR	TUMOR	TUMOR	TUMOR	TUMOR	TUMOR	TUMOR	TUMOR	TUMOR	TUMOR	TUMOR	TUMOR	TUMOR
Cy81_Bulk_CD45_E10_S154_comb	TUMOR	TUMOR	TUMOR	TUMOR	TUMOR	TUMOR	TUMOR	TUMOR	TUMOR	TUMOR	TUMOR	TUMOR	TUMOR	TUMOR	TUMOR	TUMOR	TUMOR	TUMOR	TUMOR	UNLABELED
CY89CORE11_E10_S154_comb	TUMOR	TUMOR	TUMOR	TUMOR	TUMOR	TUMOR	TUMOR	TUMOR	TUMOR	TUMOR	TUMOR	TUMOR	TUMOR	TUMOR	TUMOR	TUMOR	TUMOR	TUMOR	TUMOR	TUMOR
CY89A_CD45_POS_6_B07_S115_comb	BCELL	BCELL	BCELL	BCELL	BCELL	UNLABELED	BCELL	BCELL	BCELL	BCELL	BCELL	BCELL	BCELL	BCELL	TCELL	BCELL	UNLABELED	BCELL	BCELL	UNLABELED
cy80-CD45-neg-E02-S434-comb	BCELL	NK	UNLABELED	BCELL	BCELL	UNLABELED	NK	BCELL	NK	NK	TCELL	NK	BCELL	NK	TCELL	UNLABELED	UNLABELED	NK	NK	UNLABELED
cy84_Primary_CD45_pos_G02_S458_comb	BCELL	BCELL	BCELL	BCELL	BCELL	BCELL	BCELL	BCELL	BCELL	BCELL	BCELL	BCELL	BCELL	BCELL	BCELL	BCELL	UNLABELED	BCELL	BCELL	UNLABELED
cy72-CD45-pos-B06-S882-comb	BCELL	BCELL	BCELL	BCELL	BCELL	BCELL	BCELL	BCELL	BCELL	BCELL	BCELL	BCELL	BCELL	BCELL	BCELL	UNLABELED	BCELL	BCELL	BCELL	BCELL
CY89A_CD45_POS_6_G08_S176_comb	BCELL	BCELL	BCELL	BCELL	BCELL	BCELL	BCELL	BCELL	BCELL	BCELL	BCELL	BCELL	BCELL	BCELL	BCELL	BCELL	UNLABELED	BCELL	BCELL	UNLABELED
cy79-p3-CD45-pos-PD1-neg-B10-S118-comb	BCELL	BCELL	BCELL	BCELL	BCELL	BCELL	BCELL	BCELL	BCELL	BCELL	BCELL	BCELL	BCELL	BCELL	BCELL	BCELL	BCELL	BCELL	BCELL	UNLABELED
cy60_1_cd_45_pos_3_D02_S326_comb	BCELL	BCELL	BCELL	BCELL	BCELL	BCELL	BCELL	BCELL	BCELL	BCELL	BCELL	BCELL	BCELL	BCELL	TCELL	UNLABELED	UNLABELED	BCELL	BCELL	UNLABELED
CY89FNA_E07_S247_comb	BCELL	BCELL	BCELL	BCELL	BCELL	BCELL	BCELL	BCELL	BCELL	BCELL	BCELL	BCELL	BCELL	BCELL	BCELL	BCELL	UNLABELED	BCELL	BCELL	UNLABELED
cy79-p3-CD45-pos-PD1-neg-E11-S155-comb	BCELL	BCELL	BCELL	BCELL	BCELL	BCELL	BCELL	BCELL	BCELL	BCELL	BCELL	BCELL	BCELL	BCELL	BCELL	BCELL	UNLABELED	BCELL	BCELL	UNLABELED
cy60_1_cd_45_pos_HC_pos_HLDAR_pos_C04_S988_comb	BCELL	BCELL	BCELL	BCELL	BCELL	BCELL	BCELL	BCELL	BCELL	BCELL	BCELL	BCELL	BCELL	BCELL	BCELL	BCELL	UNLABELED	BCELL	BCELL	UNLABELED
cy79-p3-CD45-pos-PD1-neg-B12-S120-comb	BCELL	BCELL	BCELL	BCELL	BCELL	BCELL	BCELL	BCELL	BCELL	BCELL	BCELL	BCELL	BCELL	BCELL	BCELL	BCELL	BCELL	BCELL	BCELL	BCELL
Cy81_FNA_CD45_F12_S264_comb	BCELL	BCELL	BCELL	BCELL	BCELL	BCELL	BCELL	BCELL	BCELL	BCELL	BCELL	BCELL	BCELL	BCELL	BCELL	BCELL	UNLABELED	BCELL	BCELL	UNLABELED
cy79-p1-CD45-pos-PD1-neg-AS-C1-R2-F08-S548-comb	BCELL	BCELL	BCELL	BCELL	BCELL	BCELL	BCELL	BCELL	BCELL	BCELL	BCELL	BCELL	BCELL	BCELL	BCELL	BCELL	BCELL	BCELL	BCELL	UNLABELED
cy60_1_cd_45_pos_4_E06_S54_comb	BCELL	BCELL	BCELL	BCELL	BCELL	UNLABELED	BCELL	BCELL	BCELL	BCELL	BCELL	BCELL	BCELL	BCELL	BCELL	BCELL	UNLABELED	BCELL	BCELL	UNLABELED
cy60_1_cd_45_pos_3_H10_S382_comb	BCELL	BCELL	BCELL	BCELL	BCELL	BCELL	BCELL	BCELL	BCELL	BCELL	BCELL	BCELL	BCELL	BCELL	BCELL	BCELL	UNLABELED	BCELL	BCELL	UNLABELED
cy80-Cd45-pos-Pd1-neg-S273-D09-S273-comb	BCELL	BCELL	BCELL	BCELL	BCELL	BCELL	BCELL	BCELL	BCELL	BCELL	BCELL	BCELL	BCELL	BCELL	BCELL	BCELL	BCELL	BCELL	BCELL	UNLABELED
cy74-CD45-pos-G12-S756-comb	BCELL	BCELL	BCELL	BCELL	BCELL	BCELL	BCELL	BCELL	BCELL	BCELL	BCELL	BCELL	BCELL	BCELL	BCELL	BCELL	UNLABELED	BCELL	BCELL	UNLABELED
cy79-p3-CD45-pos-PD1-neg-G05-S173-comb	BCELL	BCELL	BCELL	BCELL	BCELL	BCELL	BCELL	BCELL	BCELL	BCELL	BCELL	BCELL	BCELL	BCELL	BCELL	BCELL	BCELL	BCELL	BCELL	UNLABELED
CY89A_Core_15_A03_S3_comb	BCELL	BCELL	BCELL	BCELL	BCELL	BCELL	BCELL	TUMOR	BCELL	BCELL	BCELL	BCELL	BCELL	BCELL	TCELL	MACRO	UNLABELED	BCELL	BCELL	UNLABELED
cy60_1_cd_45_pos_3_D04_S328_comb	BCELL	BCELL	BCELL	BCELL	BCELL	BCELL	BCELL	BCELL	BCELL	BCELL	BCELL	BCELL	BCELL	BCELL	BCELL	BCELL	UNLABELED	BCELL	BCELL	BCELL
cy82-CD45-pos-3-B12-S24-comb	MACRO	MACRO	MACRO	MACRO	MACRO	MACRO	MACRO	MACRO	MACRO	MACRO	MACRO	MACRO	MACRO	MACRO	MACRO	MACRO	MACRO	MACRO	MACRO	MACRO
Cy71_CD45_A09_S489_comb	MACRO	MACRO	MACRO	MACRO	MACRO	MACRO	MACRO	MACRO	MACRO	MACRO	MACRO	MACRO	MACRO	MACRO	MACRO	MACRO	MACRO	MACRO	MACRO	UNLABELED
CY89A_CD45_POS_4_D01_S421_comb	MACRO	MACRO	MACRO	MACRO	MACRO	MACRO	MACRO	MACRO	MACRO	MACRO	MACRO	MACRO	MACRO	MACRO	MACRO	MACRO	MACRO	MACRO	MACRO	MACRO
CY88CD45POS_7_E09_S249_comb	MACRO	MACRO	MACRO	MACRO	MACRO	MACRO	MACRO	MACRO	MACRO	MACRO	MACRO	MACRO	MACRO	MACRO	MACRO	MACRO	MACRO	MACRO	MACRO	MACRO
cy53-1-CD45-pos-2-C10-S994-comb	MACRO	MACRO	MACRO	MACRO	MACRO	MACRO	MACRO	MACRO	MACRO	MACRO	MACRO	MACRO	MACRO	MACRO	MACRO	MACRO	MACRO	MACRO	MACRO	MACRO
CY84_PRIM_POS_All_8_H07_S187_comb	MACRO	MACRO	MACRO	MACRO	MACRO	MACRO	MACRO	MACRO	MACRO	MACRO	MACRO	MACRO	MACRO	MACRO	MACRO	MACRO	MACRO	MACRO	MACRO	UNLABELED
cy82-CD45-pos-2-D09-S525-comb	MACRO	MACRO	MACRO	MACRO	MACRO	MACRO	MACRO	MACRO	MACRO	MACRO	MACRO	MACRO	MACRO	MACRO	MACRO	MACRO	MACRO	MACRO	MACRO	UNLABELED
CY84_PRIM_POS_All_6_C05_S413_comb	MACRO	MACRO	MACRO	MACRO	MACRO	MACRO	MACRO	MACRO	MACRO	MACRO	MACRO	MACRO	MACRO	MACRO	MACRO	MACRO	MACRO	MACRO	MACRO	MACRO
CY89A_Core_15_G09_S81_comb	MACRO	MACRO	MACRO	MACRO	MACRO	MACRO	MACRO	MACRO	MACRO	MACRO	MACRO	MACRO	MACRO	MACRO	MACRO	MACRO	MACRO	MACRO	MACRO	UNLABELED
cy88_cd_45_pos_E06_S438_comb	MACRO	MACRO	MACRO	MACRO	MACRO	MACRO	MACRO	MACRO	MACRO	MACRO	MACRO	MACRO	MACRO	MACRO	MACRO	MACRO	MACRO	MACRO	MACRO	UNLABELED
CY65_NEG_A_AACATAAT_AGGATCTA	MACRO	MACRO	MACRO	MACRO	MACRO	MACRO	MACRO	MACRO	MACRO	MACRO	MACRO	MACRO	MACRO	MACRO	MACRO	MACRO	MACRO	MACRO	MACRO	MACRO
CY84_PRIM_POS_All_8_B06_S114_comb	MACRO	MACRO	MACRO	MACRO	MACRO	MACRO	MACRO	MACRO	MACRO	MACRO	MACRO	MACRO	MACRO	MACRO	MACRO	MACRO	MACRO	MACRO	MACRO	UNLABELED
CY88CD45_150813_H07_S379_comb	MACRO	MACRO	MACRO	MACRO	MACRO	MACRO	MACRO	MACRO	MACRO	MACRO	MACRO	MACRO	MACRO	MACRO	MACRO	MACRO	MACRO	MACRO	MACRO	UNLABELED
CY84_PRIM_POS_All_7_D01_S229_comb	MACRO	MACRO	MACRO	MACRO	MACRO	MACRO	MACRO	MACRO	MACRO	MACRO	MACRO	MACRO	MACRO	MACRO	MACRO	MACRO	MACRO	MACRO	MACRO	UNLABELED
cy58-1-CD45-pos-C08-S608-comb	MACRO	MACRO	MACRO	MACRO	MACRO	MACRO	MACRO	MACRO	MACRO	MACRO	MACRO	MACRO	MACRO	MACRO	MACRO	MACRO	MACRO	MACRO	MACRO	UNLABELED
cy88_cd_45_pos_G07_S463_comb	MACRO	MACRO	MACRO	MACRO	MACRO	MACRO	MACRO	MACRO	MACRO	MACRO	MACRO	MACRO	MACRO	MACRO	MACRO	MACRO	MACRO	MACRO	MACRO	MACRO
CY88CD45POS_7_C01_S217_comb	MACRO	MACRO	MACRO	MACRO	MACRO	MACRO	MACRO	MACRO	MACRO	MACRO	MACRO	MACRO	MACRO	MACRO	MACRO	MACRO	MACRO	MACRO	MACRO	MACRO
CY89COREQ1_D04_S328_comb	MACRO	MACRO	MACRO	MACRO	MACRO	MACRO	MACRO	MACRO	MACRO	MACRO	MACRO	MACRO	MACRO	MACRO	MACRO	MACRO	MACRO	MACRO	MACRO	MACRO
cy88_cd_45_pos_C01_S409_comb	MACRO	MACRO	MACRO	MACRO	MACRO	MACRO	MACRO	MACRO	MACRO	MACRO	MACRO	MACRO	MACRO	MACRO	MACRO	MACRO	MACRO	MACRO	MACRO	UNLABELED
CY84_PRIM_POS_All_6_C10_S418_comb	MACRO	MACRO	MACRO	MACRO	MACRO	MACRO	MACRO	MACRO	MACRO	MACRO	MACRO	MACRO	MACRO	MACRO	MACRO	MACRO	MACRO	MACRO	MACRO	UNLABELED
CY94_CD45NEG_CD90POS_2_D05_S41_comb	ENDO	ENDO	ENDO	ENDO	ENDO	ENDO	ENDO	ENDO	ENDO	ENDO	ENDO	ENDO	ENDO	ENDO	ENDO	ENDO	ENDO	ENDO	ENDO	UNLABELED
CY89NEG_C11_S35_comb	ENDO	ENDO	ENDO	ENDO	ENDO	ENDO	ENDO	ENDO	ENDO	ENDO	ENDO	ENDO	ENDO	ENDO	ENDO	ENDO	ENDO	ENDO	ENDO	UNLABELED
cy53-1-CD45-neg-H07-S379-comb	ENDO	ENDO	ENDO	ENDO	TCELL	UNLABELED	ENDO	ENDO	ENDO	ENDO	ENDO	ENDO	ENDO	ENDO	ENDO	ENDO	ENDO	ENDO	ENDO	CAF
CY94_CD45NEG_CD90POS_2_A08_S8_comb	ENDO	ENDO	ENDO	ENDO	ENDO	ENDO	ENDO	TUMOR	ENDO	ENDO	ENDO	ENDO	ENDO	ENDO	ENDO	ENDO	ENDO	ENDO	ENDO	UNLABELED
cy53-1-CD45-neg-C04-S316-comb	ENDO	ENDO	ENDO	ENDO	ENDO	ENDO	ENDO	ENDO	ENDO	ENDO	ENDO	ENDO	ENDO	ENDO	ENDO	UNLABELED	ENDO	ENDO	ENDO	UNLABELED
cy80-CD45-neg-C06-S894-comb	ENDO	ENDO	ENDO	ENDO	ENDO	ENDO	ENDO	ENDO	ENDO	ENDO	ENDO	ENDO	ENDO	ENDO	ENDO	ENDO	ENDO	ENDO	ENDO	UNLABELED
CY80-neg-C10-S34-comb	ENDO	ENDO	ENDO	ENDO	ENDO	ENDO	ENDO	ENDO	ENDO	ENDO	ENDO	ENDO	ENDO	ENDO	ENDO	ENDO	ENDO	ENDO	ENDO	UNLABELED
cy53-1-CD45-neg-H07-S379-comb	ENDO	ENDO	ENDO	ENDO	TCELL	UNLABELED	ENDO	ENDO	ENDO	ENDO	ENDO	ENDO	ENDO	ENDO	ENDO	ENDO	ENDO	ENDO	ENDO	CAF
cy53-1-CD45-neg-A10-S298-comb	ENDO	ENDO	ENDO	ENDO	CAF	CAF	ENDO	TUMOR	ENDO	ENDO	ENDO	ENDO	ENDO	ENDO	ENDO	ENDO	ENDO	ENDO	ENDO	UNLABELED
cy53-1-CD45-neg-E03-S339-comb	ENDO	ENDO	ENDO	ENDO	ENDO	ENDO	ENDO	TUMOR	ENDO	ENDO	ENDO	ENDO	ENDO	ENDO	ENDO	ENDO	ENDO	ENDO	ENDO	UNLABELED
CY94_CD45NEG_CD90POS_2_G10_S82_comb	ENDO	ENDO	ENDO	ENDO	ENDO	ENDO	ENDO	TUMOR	ENDO	ENDO	ENDO	ENDO	ENDO	ENDO	ENDO	ENDO	ENDO	ENDO	ENDO	UNLABELED
CY94_CD45NEG_CD90POS_2_G10_S82_comb	ENDO	ENDO	ENDO	ENDO	ENDO	ENDO	ENDO	TUMOR	ENDO	ENDO	ENDO	ENDO	ENDO	ENDO	ENDO	ENDO	ENDO	ENDO	ENDO	UNLABELED
CY94_CD45NEG_CD90POS_2_G07_S79_comb	ENDO	ENDO	ENDO	ENDO	ENDO	UNLABELED	ENDO	TUMOR	ENDO	ENDO	ENDO	ENDO	ENDO	ENDO	ENDO	ENDO	ENDO	ENDO	ENDO	UNLABELED
cy80-CD45-neg-D05-S905-comb	ENDO	ENDO	ENDO	ENDO	ENDO	ENDO	ENDO	CAF	ENDO	ENDO	ENDO	ENDO	ENDO	ENDO	ENDO	ENDO	ENDO	ENDO	ENDO	UNLABELED
cy53-1-CD45-neg-G07-S367-comb	ENDO	ENDO	ENDO	ENDO	CAF	CAF	ENDO	ENDO	ENDO	ENDO	ENDO	ENDO	ENDO	ENDO	ENDO	ENDO	UNLABELED	ENDO	ENDO	UNLABELED
CY94_CD45NEG_CD90POS_2_A08_S8_comb	ENDO	ENDO	ENDO	ENDO	ENDO	ENDO	ENDO	TUMOR	ENDO	ENDO	ENDO	ENDO	ENDO	ENDO	ENDO	ENDO	ENDO	ENDO	ENDO	UNLABELED
CY89NEG_C11_S35_comb	ENDO	ENDO	ENDO	ENDO	ENDO	ENDO	ENDO	ENDO	ENDO	ENDO	ENDO	ENDO	ENDO	ENDO	ENDO	ENDO	ENDO	ENDO	ENDO	UNLABELED
cy80-CD45-neg-D05-S905-comb	ENDO	ENDO	ENDO	ENDO	ENDO	ENDO	ENDO	CAF	ENDO	ENDO	ENDO	ENDO	ENDO	ENDO	ENDO	ENDO	ENDO	ENDO	ENDO	UNLABELED
cy80-CD45-neg-G11-S947-comb	ENDO	ENDO	ENDO	ENDO	ENDO	ENDO	ENDO	CAF	ENDO	ENDO	ENDO	ENDO	ENDO	ENDO	ENDO	UNLABELED	ENDO	ENDO	ENDO	UNLABELED
CY80-neg-E03-S51-comb	ENDO	ENDO	ENDO	ENDO	ENDO	ENDO	ENDO	ENDO	ENDO	ENDO	ENDO	ENDO	ENDO	ENDO	ENDO	ENDO	ENDO	ENDO	ENDO	UNLABELED
cy94_cd45neg_cd90pos_C05_S317_comb	CAF	CAF	CAF	CAF	CAF	CAF	CAF	CAF	CAF	CAF	CAF	CAF	CAF	CAF	CAF	CAF	UNLABELED	CAF	CAF	UNLABELED
Cy59_7	CAF	CAF	CAF	CAF	CAF	CAF	CAF	CAF	CAF	CAF	CAF	CAF	CAF	CAF	CAF	CAF	CAF	CAF	CAF	CAF
Cy59_18	CAF	CAF	CAF	CAF	CAF	CAF	CAF	CAF	CAF	CAF	CAF	CAF	CAF	CAF	CAF	CAF	CAF	CAF	CAF	UNLABELED
cy80_CD_90_pos_F08_S932_comb	CAF	CAF	CAF	CAF	CAF	CAF	CAF	CAF	CAF	CAF	CAF	CAF	CAF	CAF	CAF	CAF	CAF	CAF	CAF	CAF
Cy59_18	CAF	CAF	CAF	CAF	CAF	CAF	CAF	CAF	CAF	CAF	CAF	CAF	CAF	CAF	CAF	CAF	CAF	CAF	CAF	UNLABELED
CY94_CD45NEG_CD90POS_2_F06_S66_comb	CAF	CAF	CAF	CAF	CAF	CAF	CAF	CAF	CAF	CAF	CAF	CAF	CAF	CAF	CAF	CAF	CAF	CAF	CAF	CAF
cy82-CD45-pos-1-C12-S516-comb	CAF	CAF	CAF	CAF	CAF	CAF	CAF	CAF	CAF	CAF	CAF	CAF	CAF	CAF	CAF	CAF	CAF	CAF	CAF	UNLABELED
CY80-neg-C11-S35-comb	CAF	CAF	CAF	CAF	CAF	CAF	CAF	CAF	CAF	CAF	TUMOR	CAF	CAF	CAF	CAF	CAF	CAF	CAF	CAF	UNLABELED
Cy80_II_CD45_G05_S941_comb	CAF	CAF	CAF	CAF	CAF	CAF	CAF	CAF	CAF	CAF	CAF	CAF	CAF	CAF	CAF	CAF	CAF	CAF	CAF	UNLABELED
cy82-CD45-pos-1-C12-S516-comb	CAF	CAF	CAF	CAF	CAF	CAF	CAF	CAF	CAF	CAF	CAF	CAF	CAF	CAF	CAF	CAF	CAF	CAF	CAF	UNLABELED
CY88CD45_150813_D07_S331_comb	CAF	CAF	CAF	CAF	CAF	CAF	CAF	CAF	CAF	CAF	CAF	CAF	CAF	CAF	CAF	CAF	CAF	CAF	CAF	CAF
Cy59_16	CAF	CAF	CAF	CAF	CAF	CAF	CAF	CAF	CAF	CAF	CAF	CAF	CAF	CAF	CAF	CAF	CAF	CAF	CAF	UNLABELED
Cy59_7	CAF	CAF	CAF	CAF	CAF	CAF	CAF	CAF	CAF	CAF	CAF	CAF	CAF	CAF	CAF	CAF	CAF	CAF	CAF	CAF
CY94_CD45NEG_CD90POS_2_C11_S35_comb	CAF	CAF	CAF	CAF	BCELL	UNLABELED	BCELL	CAF	CAF	CAF	CAF	CAF	CAF	CAF	CAF	CAF	UNLABELED	CAF	CAF	UNLABELED
cy80_CD_90_pos_B06_S882_comb	CAF	CAF	CAF	CAF	CAF	CAF	CAF	CAF	CAF	CAF	CAF	CAF	CAF	CAF	CAF	CAF	CAF	CAF	CAF	CAF
cy78-CD45-neg-3-G01-S745-comb	CAF	CAF	CAF	CAF	ENDO	UNLABELED	CAF	CAF	CAF	CAF	CAF	CAF	CAF	CAF	CAF	CAF	CAF	CAF	CAF	UNLABELED
cy78-CD45-neg-3-G01-S745-comb	CAF	CAF	CAF	CAF	ENDO	UNLABELED	CAF	CAF	CAF	CAF	CAF	CAF	CAF	CAF	CAF	CAF	CAF	CAF	CAF	UNLABELED
cy94_cd45neg_cd90pos_H08_S380_comb	CAF	CAF	CAF	CAF	BCELL	UNLABELED	CAF	CAF	CAF	CAF	CAF	CAF	CAF	CAF	CAF	CAF	UNLABELED	CAF	CAF	UNLABELED
cy80-CD45-neg-D12-S912-comb	CAF	CAF	CAF	CAF	CAF	CAF	CAF	CAF	CAF	CAF	CAF	CAF	CAF	CAF	CAF	CAF	CAF	CAF	CAF	CAF
CY88CD45_150813_D07_S331_comb	CAF	CAF	CAF	CAF	CAF	CAF	CAF	CAF	CAF	CAF	CAF	CAF	CAF	CAF	CAF	CAF	CAF	CAF	CAF	CAF
CY58_1_CD45_D01_S997_comb	NK	TCELL	UNLABELED	TCELL	NK	UNLABELED	TCELL	TCELL	NK	NK	TCELL	NK	NK	NK	TCELL	UNLABELED	UNLABELED	NK	NK	UNLABELED
cy80-Cd45-pos-Pd1-neg-S293-E05-S293-comb	NK	NK	NK	NK	TCELL	TCELL	NK	TCELL	NK	NK	NK	NK	NK	NK	TCELL	NK	UNLABELED	NK	NK	UNLABELED
CY58_1_CD45_D01_S997_comb	NK	TCELL	UNLABELED	TCELL	NK	UNLABELED	TCELL	TCELL	NK	NK	TCELL	NK	NK	NK	TCELL	UNLABELED	UNLABELED	NK	NK	UNLABELED
cy53-1-CD45-pos-1-A08-S8-comb	NK	NK	NK	NK	NK	UNLABELED	NK	TCELL	NK	NK	NK	NK	NK	NK	NK	NK	UNLABELED	NK	NK	UNLABELED
cy60_1_cd_45_pos_4_E08_S56_comb	NK	NK	NK	NK	NK	NK	NK	NK	NK	NK	NK	NK	NK	NK	NK	NK	UNLABELED	NK	NK	NK
cy84_Primary_CD45_pos_E08_S440_comb	NK	NK	NK	NK	NK	NK	NK	NK	NK	NK	NK	NK	NK	NK	NK	NK	UNLABELED	NK	NK	UNLABELED
cy84_Primary_CD45_pos_E08_S440_comb	NK	NK	NK	NK	NK	NK	NK	NK	NK	NK	NK	NK	NK	NK	NK	NK	UNLABELED	NK	NK	UNLABELED
cy53-1-CD45-pos-1-A08-S8-comb	NK	NK	NK	NK	NK	UNLABELED	NK	TCELL	NK	NK	NK	NK	NK	NK	NK	NK	UNLABELED	NK	NK	UNLABELED
cy53-1-CD45-neg-G06-S366-comb	NK	NK	NK	NK	TCELL	TCELL	NK	TCELL	NK	NK	NK	NK	NK	NK	NK	NK	UNLABELED	NK	NK	UNLABELED
cy60_1_cd_45_pos_3_B01_S301_comb	NK	NK	NK	NK	NK	NK	NK	NK	NK	NK	NK	NK	NK	NK	NK	NK	UNLABELED	NK	NK	UNLABELED
cy53-1-CD45-pos-2-B08-S980-comb	NK	NK	NK	NK	NK	UNLABELED	NK	NK	NK	NK	NK	NK	NK	NK	NK	NK	UNLABELED	NK	NK	UNLABELED
cy88_cd_45_pos_3_F05_S641_comb	NK	NK	NK	NK	TCELL	UNLABELED	NK	TCELL	NK	NK	NK	NK	NK	NK	NK	UNLABELED	UNLABELED	NK	NK	UNLABELED
CY89FNA_A03_S195_comb	NK	NK	NK	NK	NK	NK	NK	NK	NK	NK	NK	NK	NK	NK	NK	NK	UNLABELED	NK	NK	NK
cy53-1-CD45-pos-2-D03-S999-comb	NK	NK	NK	NK	NK	NK	NK	NK	NK	NK	NK	NK	NK	NK	NK	UNLABELED	UNLABELED	NK	NK	UNLABELED
cy60_1_cd_45_pos_4_G03_S75_comb	NK	NK	NK	NK	NK	NK	NK	NK	NK	NK	NK	NK	NK	NK	NK	NK	UNLABELED	NK	NK	UNLABELED
cy53-1-CD45-pos-1-A08-S8-comb	NK	NK	NK	NK	NK	UNLABELED	NK	TCELL	NK	NK	NK	NK	NK	NK	NK	NK	UNLABELED	NK	NK	UNLABELED
cy53-1-CD45-pos-1-A08-S8-comb	NK	NK	NK	NK	NK	UNLABELED	NK	TCELL	NK	NK	NK	NK	NK	NK	NK	NK	UNLABELED	NK	NK	UNLABELED
CY58_1_CD45_D01_S997_comb	NK	TCELL	UNLABELED	TCELL	NK	UNLABELED	TCELL	TCELL	NK	NK	TCELL	NK	NK	NK	TCELL	UNLABELED	UNLABELED	NK	NK	UNLABELED
cy79-p3-CD45-pos-PD1-neg-E09-S153-comb	NK	NK	NK	NK	TCELL	UNLABELED	NK	TCELL	NK	NK	TCELL	NK	NK	NK	NK	UNLABELED	UNLABELED	NK	NK	UNLABELED
cy72-CD45-pos-H08-S956-comb	NK	NK	NK	NK	NK	UNLABELED	NK	MACRO	NK	NK	NK	NK	NK	NK	NK	UNLABELED	UNLABELED	NK	NK	UNLABELED
