	truth	SVM	SVMrej	RF	LDA	LDArej	NMC	kNN9	ACTINN	SingleCellNet	LAmbDA	scPred	CaSTLe	CHETAH	scID	scmapcell	scmapcluster	singleR	scVI	Cell_BLAST
cy79-p4-CD45-pos-PD1-pos-E12-S348-comb	TCELL	TCELL	TCELL	TCELL	TCELL	UNLABELED	TCELL	TCELL	TCELL	TCELL	TCELL	TCELL	TCELL	TCELL	TCELL	UNLABELED	UNLABELED	TCELL	TCELL	UNLABELED
CY75_1_CD45_CD8_1__S53_comb	TCELL	TCELL	TCELL	TCELL	TCELL	UNLABELED	TCELL	TCELL	TCELL	TCELL	TCELL	TCELL	TCELL	TCELL	TCELL	TCELL	UNLABELED	TCELL	TCELL	UNLABELED
monika_C3_S122_comb	TCELL	TCELL	TCELL	TCELL	TCELL	UNLABELED	TCELL	BCELL	TCELL	TCELL	TCELL	TCELL	TCELL	TCELL	TCELL	UNLABELED	UNLABELED	TCELL	TCELL	UNLABELED
cy79-p4-CD45-pos-PD1-pos-E08-S344-comb	TCELL	TCELL	TCELL	TCELL	TCELL	UNLABELED	TCELL	TCELL	TCELL	TCELL	TCELL	TCELL	TCELL	TCELL	TCELL	TCELL	UNLABELED	TCELL	TCELL	UNLABELED
SS2_B10_S157_comb	TCELL	TCELL	TCELL	TCELL	TCELL	UNLABELED	TCELL	TCELL	TCELL	TCELL	TCELL	TCELL	TCELL	TCELL	TCELL	UNLABELED	TCELL	TCELL	TCELL	UNLABELED
SS2_F7_S186_comb	TCELL	TCELL	TCELL	TCELL	TCELL	UNLABELED	TCELL	TCELL	TCELL	TCELL	TCELL	TCELL	TCELL	TCELL	NK	UNLABELED	UNLABELED	TCELL	TCELL	UNLABELED
CY75_1FNA_F01_S541_comb	TCELL	TCELL	TCELL	TCELL	TCELL	UNLABELED	TCELL	TCELL	TCELL	TCELL	TCELL	TCELL	TCELL	TCELL	TCELL	UNLABELED	UNLABELED	TCELL	TCELL	UNLABELED
Cy67-CD45pos-S2-B3_S15	TCELL	TCELL	TCELL	TCELL	TCELL	UNLABELED	TCELL	TCELL	NK	TCELL	NK	TCELL	TCELL	TCELL	TCELL	TCELL	UNLABELED	TCELL	NK	UNLABELED
CY65_POS_D_AGTGTCTT_AGGTAAGG	TCELL	TCELL	TCELL	TCELL	BCELL	UNLABELED	TCELL	TCELL	TCELL	TCELL	TCELL	TCELL	TCELL	TCELL	TCELL	UNLABELED	UNLABELED	TCELL	TCELL	UNLABELED
Cy72_CD45_D12_S720_comb	TCELL	TCELL	UNLABELED	TCELL	BCELL	UNLABELED	TCELL	BCELL	NK	TCELL	TCELL	TCELL	TCELL	TCELL	TCELL	NK	UNLABELED	TCELL	TCELL	UNLABELED
CY88_3_F06_S642_comb	TUMOR	TUMOR	TUMOR	TUMOR	TUMOR	TUMOR	TUMOR	TUMOR	TUMOR	TUMOR	TUMOR	TUMOR	TUMOR	TUMOR	TUMOR	TUMOR	TUMOR	TUMOR	TUMOR	UNLABELED
Cy59_90	TUMOR	TUMOR	TUMOR	TUMOR	TUMOR	TUMOR	TUMOR	TUMOR	TUMOR	TUMOR	TUMOR	TUMOR	TUMOR	TUMOR	TUMOR	TUMOR	TUMOR	TUMOR	TUMOR	UNLABELED
cy80-CD45-neg-B01-S877-comb	TUMOR	TUMOR	TUMOR	TUMOR	TUMOR	TUMOR	TUMOR	TUMOR	TUMOR	TUMOR	TUMOR	TUMOR	TUMOR	TUMOR	TUMOR	TUMOR	TUMOR	TUMOR	TUMOR	TUMOR
cy78-CD45-neg-3-D04-S712-comb	TUMOR	TUMOR	TUMOR	TUMOR	TUMOR	TUMOR	TUMOR	TUMOR	TUMOR	TUMOR	TUMOR	TUMOR	TUMOR	TUMOR	TUMOR	TUMOR	TUMOR	TUMOR	TUMOR	TUMOR
cy79-p3-CD45-neg-PD1-pos-AS-C3-R1-D08-S332-comb	TUMOR	TUMOR	TUMOR	TUMOR	TUMOR	UNLABELED	TCELL	TUMOR	TUMOR	TUMOR	TUMOR	TUMOR	TUMOR	TUMOR	TUMOR	TUMOR	TUMOR	TUMOR	TUMOR	UNLABELED
cy78-CD45-neg-1-H03-S567-comb	TUMOR	TUMOR	TUMOR	TUMOR	TUMOR	TUMOR	TUMOR	TUMOR	TUMOR	TUMOR	TUMOR	TUMOR	TUMOR	TUMOR	TUMOR	TUMOR	TUMOR	TUMOR	TUMOR	UNLABELED
CY88_3_H03_S663_comb	TUMOR	TUMOR	TUMOR	TUMOR	TUMOR	UNLABELED	TUMOR	TUMOR	TUMOR	TUMOR	TUMOR	TUMOR	TUMOR	TUMOR	TUMOR	TUMOR	TUMOR	TUMOR	TUMOR	UNLABELED
cy82-CD45-pos-2-F11-S551-comb	TUMOR	TUMOR	TUMOR	TUMOR	TUMOR	TUMOR	TUMOR	TUMOR	TUMOR	TUMOR	TUMOR	TUMOR	TUMOR	TUMOR	TUMOR	TUMOR	TUMOR	TUMOR	TUMOR	TUMOR
Cy71_CD45_G12_S564_comb	TUMOR	TUMOR	TUMOR	TUMOR	TUMOR	TUMOR	TUMOR	TUMOR	TUMOR	TUMOR	TUMOR	TUMOR	TUMOR	TUMOR	TUMOR	TUMOR	TUMOR	TUMOR	TUMOR	UNLABELED
cy78-CD45-neg-1-G02-S554-comb	TUMOR	TUMOR	TUMOR	TUMOR	TUMOR	TUMOR	TUMOR	TUMOR	TUMOR	TUMOR	TUMOR	TUMOR	TUMOR	TUMOR	TUMOR	TUMOR	TUMOR	TUMOR	TUMOR	TUMOR
cy84_Primary_CD45_pos_B05_S401_comb	BCELL	BCELL	BCELL	BCELL	BCELL	UNLABELED	BCELL	BCELL	BCELL	BCELL	BCELL	BCELL	BCELL	BCELL	NK	BCELL	UNLABELED	BCELL	BCELL	UNLABELED
CY89FNA_E08_S248_comb	BCELL	BCELL	BCELL	BCELL	BCELL	UNLABELED	BCELL	BCELL	BCELL	BCELL	BCELL	BCELL	BCELL	BCELL	NK	BCELL	UNLABELED	BCELL	BCELL	UNLABELED
cy79-p3-CD45-pos-PD1-neg-G07-S175-comb	BCELL	BCELL	BCELL	BCELL	BCELL	BCELL	BCELL	BCELL	BCELL	BCELL	BCELL	BCELL	BCELL	BCELL	NK	BCELL	BCELL	BCELL	BCELL	UNLABELED
CY89A_CD45_POS_4_H06_S474_comb	BCELL	BCELL	BCELL	BCELL	BCELL	UNLABELED	BCELL	BCELL	BCELL	BCELL	BCELL	BCELL	BCELL	BCELL	NK	BCELL	UNLABELED	BCELL	BCELL	UNLABELED
CY89A_CD45_POS_4_E06_S438_comb	BCELL	BCELL	BCELL	BCELL	BCELL	UNLABELED	BCELL	BCELL	BCELL	BCELL	TCELL	BCELL	BCELL	BCELL	NK	BCELL	UNLABELED	BCELL	BCELL	UNLABELED
CY94_CD45NEG_CD90POS_2_F04_S64_comb	BCELL	BCELL	BCELL	BCELL	BCELL	UNLABELED	BCELL	BCELL	BCELL	BCELL	BCELL	BCELL	BCELL	BCELL	NK	BCELL	UNLABELED	BCELL	BCELL	UNLABELED
cy84_Primary_CD45_pos_A03_S387_comb	BCELL	BCELL	BCELL	BCELL	BCELL	UNLABELED	BCELL	BCELL	BCELL	BCELL	BCELL	BCELL	BCELL	BCELL	NK	BCELL	UNLABELED	BCELL	BCELL	UNLABELED
cy80-Cd45-pos-Pd1-neg-S222-B06-S222-comb	BCELL	BCELL	BCELL	BCELL	BCELL	UNLABELED	BCELL	BCELL	BCELL	BCELL	BCELL	BCELL	BCELL	BCELL	NK	BCELL	UNLABELED	BCELL	BCELL	UNLABELED
cy94_cd45pos_H01_S181_comb	BCELL	BCELL	BCELL	BCELL	BCELL	UNLABELED	BCELL	BCELL	BCELL	BCELL	BCELL	BCELL	BCELL	BCELL	NK	UNLABELED	UNLABELED	BCELL	BCELL	UNLABELED
cy60_1_cd_45_pos_3_E08_S344_comb	BCELL	BCELL	BCELL	BCELL	BCELL	UNLABELED	BCELL	BCELL	BCELL	BCELL	BCELL	BCELL	BCELL	BCELL	NK	UNLABELED	UNLABELED	BCELL	BCELL	UNLABELED
cy53-1-CD45-pos-2-B09-S981-comb	MACRO	MACRO	MACRO	MACRO	MACRO	MACRO	MACRO	MACRO	MACRO	MACRO	MACRO	MACRO	MACRO	MACRO	MACRO	MACRO	MACRO	MACRO	MACRO	UNLABELED
CY89FNA_E03_S243_comb	MACRO	MACRO	MACRO	MACRO	MACRO	MACRO	MACRO	MACRO	MACRO	MACRO	MACRO	MACRO	MACRO	MACRO	MACRO	MACRO	MACRO	MACRO	MACRO	UNLABELED
CY84_PRIM_POS_All_7_B04_S208_comb	MACRO	MACRO	MACRO	MACRO	MACRO	MACRO	MACRO	MACRO	MACRO	MACRO	MACRO	MACRO	MACRO	MACRO	MACRO	MACRO	MACRO	MACRO	MACRO	UNLABELED
CY89A_CD45_POS_6_F06_S162_comb	MACRO	MACRO	MACRO	MACRO	MACRO	MACRO	MACRO	MACRO	MACRO	MACRO	MACRO	MACRO	MACRO	MACRO	MACRO	MACRO	MACRO	MACRO	MACRO	MACRO
CY84_PRIM_POS_All_8_B06_S114_comb	MACRO	MACRO	MACRO	MACRO	MACRO	UNLABELED	MACRO	MACRO	MACRO	MACRO	MACRO	MACRO	MACRO	MACRO	NK	MACRO	MACRO	MACRO	MACRO	UNLABELED
CY84_PRIM_POS_All_7_H09_S285_comb	MACRO	MACRO	MACRO	MACRO	MACRO	MACRO	MACRO	MACRO	MACRO	MACRO	MACRO	MACRO	MACRO	MACRO	MACRO	MACRO	MACRO	MACRO	MACRO	UNLABELED
CY89A_CD45_POS_6_B04_S112_comb	MACRO	MACRO	MACRO	MACRO	MACRO	MACRO	MACRO	MACRO	MACRO	MACRO	MACRO	MACRO	MACRO	MACRO	MACRO	MACRO	MACRO	MACRO	MACRO	MACRO
CY89A_Core_15_G09_S81_comb	MACRO	MACRO	MACRO	MACRO	MACRO	MACRO	MACRO	MACRO	MACRO	MACRO	MACRO	MACRO	MACRO	MACRO	MACRO	MACRO	MACRO	MACRO	MACRO	UNLABELED
CY84_PRIM_POS_All_6_G08_S464_comb	MACRO	MACRO	MACRO	MACRO	MACRO	MACRO	MACRO	MACRO	MACRO	MACRO	MACRO	MACRO	MACRO	MACRO	MACRO	MACRO	MACRO	MACRO	MACRO	UNLABELED
CY88CD45POS_7_C07_S223_comb	MACRO	MACRO	MACRO	MACRO	BCELL	UNLABELED	MACRO	MACRO	MACRO	MACRO	MACRO	MACRO	MACRO	MACRO	MACRO	MACRO	MACRO	MACRO	MACRO	UNLABELED
cy53-1-CD45-neg-H07-S379-comb	ENDO	ENDO	ENDO	ENDO	ENDO	ENDO	ENDO	ENDO	ENDO	ENDO	ENDO	ENDO	ENDO	ENDO	ENDO	ENDO	ENDO	ENDO	ENDO	UNLABELED
cy80-CD45-neg-C06-S894-comb	ENDO	ENDO	ENDO	ENDO	ENDO	ENDO	ENDO	ENDO	ENDO	ENDO	ENDO	ENDO	ENDO	ENDO	ENDO	ENDO	ENDO	ENDO	ENDO	UNLABELED
cy94_cd45neg_cd90pos_G04_S364_comb	ENDO	ENDO	ENDO	ENDO	ENDO	ENDO	ENDO	ENDO	ENDO	ENDO	ENDO	ENDO	ENDO	ENDO	ENDO	ENDO	ENDO	ENDO	ENDO	UNLABELED
CY94_CD45NEG_CD90POS_2_D05_S41_comb	ENDO	ENDO	ENDO	ENDO	ENDO	ENDO	ENDO	TUMOR	ENDO	ENDO	ENDO	ENDO	ENDO	ENDO	ENDO	ENDO	ENDO	ENDO	ENDO	UNLABELED
cy94_cd45neg_cd90pos_A09_S297_comb	ENDO	ENDO	ENDO	ENDO	ENDO	UNLABELED	ENDO	ENDO	ENDO	ENDO	ENDO	ENDO	ENDO	ENDO	ENDO	ENDO	UNLABELED	ENDO	ENDO	UNLABELED
cy53-1-CD45-neg-D08-S332-comb	ENDO	ENDO	ENDO	ENDO	ENDO	UNLABELED	ENDO	TUMOR	ENDO	ENDO	ENDO	ENDO	ENDO	ENDO	ENDO	UNLABELED	ENDO	ENDO	ENDO	UNLABELED
cy53-1-CD45-neg-A10-S298-comb	ENDO	ENDO	ENDO	ENDO	ENDO	ENDO	ENDO	ENDO	ENDO	ENDO	ENDO	ENDO	ENDO	ENDO	ENDO	ENDO	ENDO	ENDO	ENDO	UNLABELED
CY94_CD45NEG_CD90POS_2_E05_S53_comb	ENDO	ENDO	ENDO	ENDO	ENDO	ENDO	ENDO	ENDO	ENDO	ENDO	ENDO	ENDO	ENDO	ENDO	ENDO	ENDO	ENDO	ENDO	ENDO	UNLABELED
Cy80_II_CD45_G10_S946_comb	ENDO	ENDO	ENDO	ENDO	ENDO	ENDO	ENDO	TUMOR	ENDO	ENDO	ENDO	ENDO	ENDO	ENDO	ENDO	ENDO	ENDO	ENDO	ENDO	UNLABELED
cy94_cd45neg_cd90pos_F02_S350_comb	ENDO	ENDO	ENDO	ENDO	ENDO	ENDO	ENDO	ENDO	ENDO	ENDO	ENDO	ENDO	ENDO	ENDO	ENDO	ENDO	ENDO	ENDO	ENDO	UNLABELED
cy80_CD_90_pos_E04_S916_comb	CAF	CAF	CAF	CAF	CAF	CAF	CAF	CAF	CAF	CAF	CAF	CAF	CAF	CAF	CAF	CAF	CAF	CAF	CAF	CAF
Cy59_52	CAF	CAF	CAF	CAF	CAF	CAF	CAF	CAF	CAF	CAF	CAF	CAF	CAF	CAF	CAF	CAF	CAF	CAF	CAF	CAF
cy82-CD45-neg-2-E02-S242-comb	CAF	CAF	CAF	CAF	ENDO	UNLABELED	CAF	CAF	CAF	CAF	CAF	CAF	CAF	CAF	CAF	CAF	CAF	CAF	CAF	UNLABELED
Cy59_2	CAF	CAF	CAF	CAF	CAF	CAF	CAF	CAF	CAF	CAF	CAF	CAF	CAF	CAF	CAF	CAF	CAF	CAF	CAF	UNLABELED
Cy59_7	CAF	CAF	CAF	CAF	CAF	CAF	CAF	CAF	CAF	CAF	CAF	CAF	CAF	CAF	CAF	CAF	CAF	CAF	CAF	UNLABELED
CY80-neg-C11-S35-comb	CAF	CAF	CAF	CAF	CAF	CAF	CAF	TUMOR	CAF	CAF	CAF	CAF	CAF	CAF	CAF	CAF	CAF	CAF	CAF	UNLABELED
cy80_CD_90_pos_F07_S931_comb	CAF	CAF	CAF	CAF	CAF	CAF	CAF	CAF	CAF	CAF	CAF	CAF	CAF	CAF	CAF	CAF	CAF	CAF	CAF	CAF
cy80_CD_90_pos_A02_S866_comb	CAF	CAF	CAF	CAF	CAF	CAF	CAF	CAF	CAF	CAF	CAF	CAF	CAF	CAF	CAF	CAF	CAF	CAF	CAF	CAF
cy94_cd45neg_cd90pos_B07_S307_comb	CAF	CAF	CAF	CAF	BCELL	UNLABELED	CAF	CAF	CAF	CAF	CAF	CAF	CAF	CAF	CAF	UNLABELED	UNLABELED	CAF	CAF	UNLABELED
cy94_cd45neg_cd90pos_C05_S317_comb	CAF	CAF	CAF	CAF	CAF	UNLABELED	CAF	CAF	CAF	CAF	CAF	CAF	CAF	CAF	CAF	CAF	UNLABELED	CAF	CAF	UNLABELED
cy82-CD45-pos-3-B08-S20-comb	NK	NK	NK	NK	NK	UNLABELED	NK	TCELL	NK	NK	NK	NK	NK	NK	NK	UNLABELED	UNLABELED	NK	NK	UNLABELED
cy53-1-CD45-pos-2-G09-S1041-comb	NK	NK	NK	NK	NK	NK	NK	NK	NK	NK	NK	NK	NK	NK	NK	UNLABELED	UNLABELED	NK	NK	UNLABELED
cy88_cd_45_pos_D01_S421_comb	NK	NK	NK	NK	NK	UNLABELED	NK	BCELL	NK	NK	NK	NK	NK	NK	NK	NK	UNLABELED	NK	NK	UNLABELED
cy53-1-CD45-neg-G06-S366-comb	NK	NK	NK	NK	NK	UNLABELED	NK	TCELL	NK	NK	TCELL	NK	NK	NK	NK	NK	UNLABELED	NK	NK	UNLABELED
CY84_PRIM_POS_All_7_E07_S247_comb	NK	NK	UNLABELED	NK	NK	UNLABELED	NK	BCELL	NK	NK	NK	NK	NK	NK	NK	NK	UNLABELED	NK	NK	UNLABELED
cy53-1-CD45-pos-2-A06-S966-comb	NK	NK	NK	NK	NK	UNLABELED	NK	NK	NK	NK	NK	NK	NK	NK	NK	UNLABELED	UNLABELED	NK	NK	UNLABELED
cy60_1_cd_45_pos_4_C07_S31_comb	NK	NK	NK	NK	NK	NK	NK	TCELL	NK	NK	NK	NK	NK	NK	NK	NK	UNLABELED	NK	NK	UNLABELED
cy72-CD45-pos-H08-S956-comb	NK	NK	NK	NK	NK	UNLABELED	NK	MACRO	NK	NK	NK	NK	NK	NK	NK	UNLABELED	UNLABELED	NK	NK	UNLABELED
cy84_Primary_CD45_pos_E08_S440_comb	NK	NK	NK	NK	NK	NK	NK	NK	NK	NK	NK	NK	NK	NK	NK	NK	UNLABELED	NK	NK	UNLABELED
cy80-CD45-pos-PD1-pos-H01-S181-comb	NK	NK	NK	NK	TCELL	UNLABELED	NK	BCELL	NK	NK	NK	NK	NK	NK	NK	UNLABELED	UNLABELED	NK	NK	UNLABELED
CY75_1_CD45_CD8_8__S319_comb	TCELL	TCELL	TCELL	TCELL	TCELL	UNLABELED	TCELL	TCELL	TCELL	TCELL	TCELL	TCELL	TCELL	TCELL	TCELL	UNLABELED	UNLABELED	TCELL	TCELL	UNLABELED
SS2_B9_S163_comb	TCELL	TCELL	UNLABELED	TCELL	TCELL	UNLABELED	TCELL	BCELL	NK	TCELL	MACRO	TCELL	TCELL	UNLABELED	TCELL	TCELL	UNLABELED	TCELL	TCELL	UNLABELED
cy58-1-CD45-pos-C11-S611-comb	TCELL	TCELL	TCELL	TCELL	TCELL	UNLABELED	TCELL	TCELL	TCELL	TCELL	TCELL	TCELL	TCELL	TCELL	TCELL	UNLABELED	UNLABELED	TCELL	TCELL	UNLABELED
cy94_cd45pos_F04_S160_comb	TCELL	TCELL	TCELL	TCELL	TCELL	UNLABELED	TCELL	TCELL	TCELL	TCELL	BCELL	TCELL	TCELL	TCELL	TCELL	UNLABELED	UNLABELED	TCELL	TCELL	UNLABELED
CY88CD45_150813_F01_S349_comb	TCELL	TCELL	TCELL	TCELL	NK	UNLABELED	TCELL	TCELL	TCELL	TCELL	TCELL	TCELL	TCELL	TCELL	TCELL	UNLABELED	UNLABELED	TCELL	TCELL	UNLABELED
CY94CD45POS_1_F02_S158_comb	TCELL	TCELL	TCELL	TCELL	BCELL	UNLABELED	TCELL	TCELL	BCELL	TCELL	TCELL	TCELL	TCELL	TCELL	TCELL	UNLABELED	UNLABELED	TCELL	TCELL	UNLABELED
cy80-CD45-pos-PD1-pos-C06-S126-comb	TCELL	TCELL	TCELL	TCELL	TCELL	UNLABELED	TCELL	TCELL	TCELL	TCELL	TCELL	TCELL	TCELL	TCELL	TCELL	TCELL	UNLABELED	TCELL	TCELL	UNLABELED
cy88_cd_45_pos_3_B09_S597_comb	TCELL	TCELL	TCELL	NK	BCELL	UNLABELED	TCELL	TCELL	TCELL	TCELL	TCELL	TCELL	TCELL	TCELL	TCELL	UNLABELED	UNLABELED	TCELL	TCELL	UNLABELED
cy79-p3-CD45-pos-PD1-pos-AS-C2-R1-D01-S421-comb	TCELL	TCELL	TCELL	TCELL	TCELL	UNLABELED	TCELL	TCELL	TCELL	TCELL	TCELL	TCELL	TCELL	TCELL	TCELL	UNLABELED	UNLABELED	TCELL	TCELL	UNLABELED
Cy81_FNA_CD45_A10_S202_comb	TCELL	TCELL	UNLABELED	TCELL	TCELL	UNLABELED	TCELL	BCELL	TCELL	TCELL	NK	TCELL	TCELL	BCELL	TCELL	UNLABELED	UNLABELED	TCELL	TCELL	UNLABELED
cy79-p5-CD45-neg-PDL1-neg-F08-S836-comb	TUMOR	TUMOR	UNLABELED	TUMOR	BCELL	UNLABELED	TCELL	TUMOR	TUMOR	TUMOR	TUMOR	TUMOR	TUMOR	TUMOR	TUMOR	TUMOR	UNLABELED	TUMOR	TUMOR	UNLABELED
cy81-FNA-CD45-neg-G09-S1041-comb	TUMOR	TUMOR	TUMOR	TUMOR	TUMOR	TUMOR	TUMOR	TUMOR	TUMOR	TUMOR	TUMOR	TUMOR	CAF	UNLABELED	TUMOR	UNLABELED	TUMOR	TUMOR	TUMOR	UNLABELED
CY89CORE11_F05_S161_comb	TUMOR	TUMOR	TUMOR	TUMOR	TUMOR	TUMOR	TUMOR	TUMOR	TUMOR	TUMOR	TUMOR	TUMOR	TUMOR	TUMOR	TUMOR	TUMOR	TUMOR	TUMOR	TUMOR	UNLABELED
cy78-CD45-neg-1-F11-S551-comb	TUMOR	TUMOR	TUMOR	TUMOR	TUMOR	TUMOR	TUMOR	TUMOR	TUMOR	TUMOR	TUMOR	TUMOR	TUMOR	TUMOR	TUMOR	TUMOR	TUMOR	TUMOR	TUMOR	TUMOR
cy79-p3-CD45-neg-PDL1-neg-E02-S242-comb	TUMOR	TUMOR	TUMOR	TUMOR	TUMOR	TUMOR	TUMOR	TUMOR	TUMOR	TUMOR	TUMOR	TUMOR	TUMOR	TUMOR	TUMOR	TUMOR	TUMOR	TUMOR	TUMOR	UNLABELED
Cy81_FNA_CD45_C05_S317_comb	TUMOR	TUMOR	TUMOR	TUMOR	TUMOR	TUMOR	TUMOR	TUMOR	TUMOR	TUMOR	TUMOR	TUMOR	TUMOR	UNLABELED	TUMOR	UNLABELED	TUMOR	TUMOR	TUMOR	UNLABELED
Cy80_II_CD45_D07_S907_comb	TUMOR	TUMOR	TUMOR	TUMOR	TUMOR	TUMOR	TUMOR	TUMOR	TUMOR	TUMOR	TUMOR	TUMOR	TUMOR	TUMOR	TUMOR	TUMOR	TUMOR	TUMOR	TUMOR	UNLABELED
Cy59_85	TUMOR	TUMOR	TUMOR	TUMOR	TUMOR	TUMOR	TUMOR	TUMOR	TUMOR	CAF	TUMOR	TUMOR	CAF	TUMOR	TUMOR	TUMOR	TUMOR	TUMOR	TUMOR	TUMOR
CY89CORE11_G08_S176_comb	TUMOR	TUMOR	TUMOR	TUMOR	TUMOR	TUMOR	TUMOR	TUMOR	TUMOR	TUMOR	TUMOR	TUMOR	TUMOR	TUMOR	TUMOR	TUMOR	TUMOR	TUMOR	TUMOR	TUMOR
cy81-Bulk-CD45-neg-H02-S182-comb	TUMOR	TUMOR	TUMOR	TUMOR	TUMOR	TUMOR	TUMOR	TUMOR	TUMOR	TUMOR	TUMOR	TUMOR	TUMOR	UNLABELED	TUMOR	TUMOR	TUMOR	TUMOR	TUMOR	UNLABELED
Cy74_CD45_D08_S428_comb	BCELL	BCELL	BCELL	BCELL	BCELL	BCELL	BCELL	BCELL	BCELL	BCELL	BCELL	BCELL	BCELL	BCELL	BCELL	BCELL	UNLABELED	BCELL	BCELL	UNLABELED
CY89A_CD45_POS_6_E01_S145_comb	BCELL	BCELL	BCELL	BCELL	BCELL	UNLABELED	BCELL	BCELL	BCELL	BCELL	MACRO	BCELL	BCELL	BCELL	NK	UNLABELED	UNLABELED	BCELL	BCELL	UNLABELED
cy79-p1-CD45-pos-PD1-neg-AS-C1-R2-B11-S503-comb	BCELL	BCELL	BCELL	BCELL	BCELL	BCELL	BCELL	BCELL	BCELL	BCELL	BCELL	BCELL	BCELL	BCELL	BCELL	BCELL	BCELL	BCELL	BCELL	UNLABELED
cy80-Cd45-pos-PD1-pos-A02-S14-comb	BCELL	BCELL	BCELL	BCELL	BCELL	BCELL	BCELL	BCELL	BCELL	BCELL	BCELL	BCELL	BCELL	BCELL	BCELL	UNLABELED	UNLABELED	BCELL	BCELL	UNLABELED
cy80-Cd45-pos-Pd1-neg-S199-A07-S199-comb	BCELL	BCELL	BCELL	BCELL	BCELL	UNLABELED	BCELL	BCELL	BCELL	BCELL	BCELL	BCELL	BCELL	BCELL	TCELL	BCELL	BCELL	BCELL	BCELL	UNLABELED
Cy72_CD45_G08_S752_comb	BCELL	BCELL	BCELL	BCELL	BCELL	UNLABELED	BCELL	BCELL	BCELL	BCELL	BCELL	BCELL	BCELL	BCELL	BCELL	BCELL	UNLABELED	BCELL	BCELL	UNLABELED
Cy67-CD45pos-S2-G2_S74	BCELL	BCELL	BCELL	BCELL	BCELL	UNLABELED	BCELL	BCELL	BCELL	BCELL	BCELL	BCELL	BCELL	BCELL	TCELL	BCELL	UNLABELED	BCELL	BCELL	UNLABELED
cy79-p1-CD45-pos-PD1-neg-AS-C1-R2-F10-S550-comb	BCELL	BCELL	BCELL	BCELL	BCELL	BCELL	BCELL	BCELL	BCELL	BCELL	TCELL	BCELL	BCELL	BCELL	NK	BCELL	UNLABELED	BCELL	BCELL	UNLABELED
cy94_cd45neg_cd90pos_E04_S340_comb	BCELL	BCELL	BCELL	BCELL	BCELL	BCELL	BCELL	BCELL	BCELL	BCELL	BCELL	BCELL	BCELL	BCELL	BCELL	UNLABELED	UNLABELED	BCELL	BCELL	UNLABELED
CY89A_Core_15_E11_S59_comb	BCELL	BCELL	BCELL	BCELL	BCELL	BCELL	BCELL	BCELL	BCELL	BCELL	BCELL	BCELL	BCELL	BCELL	BCELL	BCELL	UNLABELED	BCELL	BCELL	UNLABELED
cy74-CD45-pos-A11-S683-comb	MACRO	MACRO	MACRO	MACRO	MACRO	MACRO	MACRO	MACRO	MACRO	MACRO	MACRO	MACRO	MACRO	MACRO	MACRO	MACRO	MACRO	MACRO	MACRO	UNLABELED
cy88_cd_45_pos_G09_S465_comb	MACRO	MACRO	MACRO	MACRO	MACRO	MACRO	MACRO	MACRO	MACRO	MACRO	MACRO	MACRO	MACRO	MACRO	MACRO	MACRO	MACRO	MACRO	MACRO	UNLABELED
CY88CD45_150813_E02_S338_comb	MACRO	MACRO	MACRO	MACRO	MACRO	MACRO	MACRO	MACRO	MACRO	MACRO	MACRO	MACRO	MACRO	MACRO	MACRO	MACRO	MACRO	MACRO	MACRO	MACRO
CY89A_CD45_POS_10_C11_S227_comb	MACRO	MACRO	MACRO	MACRO	MACRO	MACRO	MACRO	MACRO	MACRO	MACRO	MACRO	MACRO	MACRO	MACRO	MACRO	MACRO	MACRO	MACRO	MACRO	UNLABELED
CY84_PRIM_POS_All_7_F12_S264_comb	MACRO	MACRO	MACRO	MACRO	MACRO	MACRO	MACRO	MACRO	MACRO	MACRO	MACRO	MACRO	MACRO	MACRO	MACRO	MACRO	MACRO	MACRO	MACRO	UNLABELED
CY88CD45POS_2_D06_S426_comb	MACRO	MACRO	MACRO	MACRO	MACRO	MACRO	MACRO	MACRO	MACRO	MACRO	MACRO	MACRO	MACRO	MACRO	MACRO	MACRO	MACRO	MACRO	MACRO	UNLABELED
CY88CD45POS_7_F09_S261_comb	MACRO	MACRO	MACRO	MACRO	MACRO	MACRO	MACRO	MACRO	MACRO	MACRO	MACRO	MACRO	MACRO	MACRO	MACRO	MACRO	MACRO	MACRO	MACRO	MACRO
CY88CD45POS_7_G04_S268_comb	MACRO	MACRO	MACRO	MACRO	MACRO	MACRO	MACRO	MACRO	MACRO	MACRO	MACRO	MACRO	MACRO	MACRO	MACRO	MACRO	MACRO	MACRO	MACRO	UNLABELED
CY89A_CD45_POS_6_A05_S101_comb	MACRO	MACRO	MACRO	MACRO	MACRO	MACRO	MACRO	MACRO	MACRO	MACRO	MACRO	MACRO	MACRO	MACRO	MACRO	MACRO	MACRO	MACRO	MACRO	UNLABELED
CY84_PRIM_POS_All_6_D12_S432_comb	MACRO	MACRO	MACRO	MACRO	MACRO	MACRO	MACRO	MACRO	MACRO	MACRO	MACRO	MACRO	MACRO	MACRO	MACRO	MACRO	MACRO	MACRO	MACRO	UNLABELED
Cy81_Bulk_CD45_F10_S166_comb	ENDO	ENDO	ENDO	ENDO	ENDO	UNLABELED	ENDO	ENDO	ENDO	ENDO	ENDO	ENDO	ENDO	UNLABELED	ENDO	UNLABELED	ENDO	ENDO	ENDO	UNLABELED
cy80-CD45-neg-H05-S953-comb	ENDO	ENDO	ENDO	ENDO	ENDO	ENDO	ENDO	ENDO	ENDO	ENDO	ENDO	ENDO	ENDO	ENDO	ENDO	ENDO	ENDO	ENDO	ENDO	UNLABELED
Cy80_II_CD45_A04_S868_comb	ENDO	ENDO	ENDO	ENDO	ENDO	ENDO	ENDO	ENDO	ENDO	ENDO	ENDO	ENDO	ENDO	ENDO	ENDO	UNLABELED	ENDO	ENDO	ENDO	UNLABELED
Cy80_II_CD45_C12_S900_comb	ENDO	ENDO	ENDO	ENDO	ENDO	ENDO	ENDO	ENDO	ENDO	ENDO	ENDO	ENDO	ENDO	ENDO	ENDO	ENDO	ENDO	ENDO	ENDO	UNLABELED
Cy80_II_CD45_C03_S891_comb	ENDO	ENDO	ENDO	ENDO	ENDO	ENDO	ENDO	ENDO	ENDO	ENDO	CAF	ENDO	ENDO	ENDO	ENDO	ENDO	ENDO	ENDO	ENDO	UNLABELED
cy53-1-CD45-neg-G07-S367-comb	ENDO	ENDO	ENDO	ENDO	ENDO	ENDO	ENDO	ENDO	ENDO	ENDO	ENDO	ENDO	ENDO	ENDO	ENDO	ENDO	ENDO	ENDO	ENDO	UNLABELED
cy80-CD45-neg-D05-S905-comb	ENDO	ENDO	ENDO	ENDO	ENDO	ENDO	ENDO	ENDO	ENDO	ENDO	ENDO	ENDO	ENDO	ENDO	ENDO	UNLABELED	ENDO	ENDO	ENDO	UNLABELED
cy94_cd45neg_cd90pos_H04_S376_comb	ENDO	ENDO	ENDO	ENDO	ENDO	ENDO	ENDO	ENDO	ENDO	ENDO	ENDO	ENDO	ENDO	ENDO	ENDO	ENDO	ENDO	ENDO	ENDO	UNLABELED
CY94_CD45NEG_CD90POS_2_F08_S68_comb	ENDO	ENDO	ENDO	ENDO	ENDO	ENDO	ENDO	ENDO	ENDO	ENDO	ENDO	ENDO	ENDO	ENDO	ENDO	ENDO	ENDO	ENDO	ENDO	UNLABELED
cy94_cd45neg_cd90pos_A01_S289_comb	ENDO	ENDO	ENDO	ENDO	ENDO	UNLABELED	ENDO	ENDO	ENDO	ENDO	ENDO	ENDO	ENDO	ENDO	ENDO	ENDO	ENDO	ENDO	ENDO	UNLABELED
cy94_cd45neg_cd90pos_F11_S359_comb	CAF	CAF	UNLABELED	CAF	CAF	UNLABELED	CAF	BCELL	CAF	CAF	BCELL	CAF	CAF	CAF	UNLABELED	UNLABELED	UNLABELED	BCELL	CAF	UNLABELED
cy94_cd45neg_cd90pos_A08_S296_comb	CAF	CAF	CAF	CAF	ENDO	UNLABELED	CAF	CAF	CAF	CAF	TUMOR	CAF	CAF	CAF	CAF	CAF	CAF	CAF	CAF	UNLABELED
Cy80_II_CD45_G05_S941_comb	CAF	CAF	CAF	CAF	CAF	CAF	CAF	CAF	CAF	CAF	CAF	CAF	CAF	CAF	CAF	CAF	CAF	CAF	CAF	UNLABELED
cy53-1-CD45-neg-B04-S304-comb	CAF	CAF	CAF	CAF	CAF	CAF	CAF	CAF	CAF	CAF	TUMOR	CAF	CAF	CAF	CAF	CAF	CAF	CAF	CAF	CAF
cy80-CD45-neg-D12-S912-comb	CAF	CAF	CAF	CAF	CAF	CAF	CAF	CAF	CAF	CAF	TUMOR	CAF	CAF	CAF	CAF	CAF	CAF	CAF	CAF	CAF
cy80_CD_90_pos_F08_S932_comb	CAF	CAF	CAF	CAF	CAF	CAF	CAF	CAF	CAF	CAF	CAF	CAF	CAF	CAF	CAF	CAF	CAF	CAF	CAF	CAF
cy94_cd45neg_cd90pos_G05_S365_comb	CAF	CAF	CAF	CAF	CAF	UNLABELED	CAF	CAF	CAF	CAF	CAF	CAF	CAF	CAF	CAF	CAF	CAF	CAF	CAF	UNLABELED
cy53-1-CD45-neg-C01-S313-comb	CAF	CAF	CAF	CAF	CAF	CAF	CAF	CAF	CAF	CAF	CAF	CAF	CAF	CAF	CAF	CAF	CAF	CAF	CAF	CAF
cy82-CD45-pos-1-D06-S522-comb	CAF	CAF	CAF	CAF	CAF	UNLABELED	CAF	CAF	CAF	CAF	CAF	CAF	CAF	CAF	CAF	CAF	CAF	CAF	CAF	UNLABELED
cy94_cd45neg_cd90pos_A07_S295_comb	CAF	CAF	CAF	CAF	ENDO	UNLABELED	CAF	CAF	CAF	CAF	ENDO	CAF	CAF	CAF	CAF	CAF	CAF	CAF	CAF	UNLABELED
cy60_1_cd_45_pos_4_G03_S75_comb	NK	NK	NK	NK	NK	NK	NK	TCELL	NK	NK	NK	NK	NK	NK	NK	NK	UNLABELED	NK	NK	UNLABELED
cy53-1-CD45-pos-1-D01-S37-comb	NK	NK	NK	NK	NK	UNLABELED	NK	NK	NK	NK	NK	NK	NK	NK	NK	NK	NK	NK	NK	UNLABELED
cy74-CD45-pos-A10-S682-comb	NK	NK	NK	NK	NK	UNLABELED	NK	BCELL	NK	NK	NK	NK	NK	NK	NK	UNLABELED	UNLABELED	NK	NK	UNLABELED
cy88_cd_45_pos_3_F11_S647_comb	NK	NK	NK	NK	NK	UNLABELED	NK	BCELL	NK	NK	TCELL	NK	NK	NK	NK	NK	UNLABELED	NK	NK	UNLABELED
cy60_1_cd_45_pos_3_B01_S301_comb	NK	NK	NK	NK	NK	UNLABELED	NK	NK	NK	NK	TCELL	NK	NK	NK	NK	NK	UNLABELED	NK	NK	UNLABELED
cy53-1-CD45-pos-1-A02-S2-comb	NK	NK	NK	NK	NK	UNLABELED	NK	BCELL	NK	NK	NK	NK	NK	NK	NK	NK	UNLABELED	NK	NK	UNLABELED
CY84_PRIM_POS_All_7_B06_S210_comb	NK	TCELL	UNLABELED	NK	TCELL	UNLABELED	TCELL	TCELL	TCELL	TCELL	TCELL	TCELL	TCELL	TCELL	TCELL	UNLABELED	UNLABELED	TCELL	TCELL	UNLABELED
CY88CD45POS_2_G06_S462_comb	NK	NK	UNLABELED	NK	NK	UNLABELED	NK	BCELL	NK	NK	TCELL	NK	NK	NK	NK	NK	UNLABELED	NK	NK	UNLABELED
cy60_1_cd_45_pos_3_A03_S291_comb	NK	NK	NK	NK	NK	UNLABELED	NK	TCELL	NK	NK	NK	NK	NK	NK	NK	UNLABELED	UNLABELED	NK	NK	UNLABELED
CY89FNA_A03_S195_comb	NK	NK	UNLABELED	NK	NK	UNLABELED	NK	TCELL	NK	NK	TCELL	NK	NK	NK	NK	NK	UNLABELED	TCELL	NK	UNLABELED
CY88CD45_150813_E06_S342_comb	TCELL	TCELL	UNLABELED	TCELL	BCELL	UNLABELED	BCELL	BCELL	TCELL	TCELL	TCELL	TCELL	TCELL	TCELL	TCELL	UNLABELED	UNLABELED	BCELL	TCELL	UNLABELED
CY75_1_CD45_CD8_8__S363_comb	TCELL	TCELL	UNLABELED	TCELL	TCELL	UNLABELED	TCELL	TCELL	TCELL	TCELL	TCELL	TCELL	NK	TCELL	TCELL	UNLABELED	UNLABELED	TCELL	TCELL	UNLABELED
Cy81_FNA_CD45_D04_S232_comb	TCELL	TCELL	UNLABELED	TCELL	TCELL	UNLABELED	TCELL	BCELL	TCELL	TCELL	TCELL	TCELL	TCELL	TCELL	TCELL	UNLABELED	UNLABELED	TCELL	TCELL	UNLABELED
CY65_POS_E_AGTGTCTT_TCCTTGGT	TCELL	TCELL	UNLABELED	TCELL	BCELL	UNLABELED	BCELL	BCELL	TCELL	TCELL	TCELL	TCELL	TCELL	TCELL	TCELL	UNLABELED	UNLABELED	TCELL	TCELL	UNLABELED
CY89A_Core_15_C07_S31_comb	TCELL	TCELL	TCELL	TCELL	TCELL	UNLABELED	TCELL	BCELL	TCELL	TCELL	TCELL	TCELL	TCELL	TCELL	TCELL	UNLABELED	UNLABELED	TCELL	TCELL	UNLABELED
cy79-p5-CD45-pos-PD1-pos-F08-S644-comb	TCELL	TCELL	TCELL	TCELL	NK	UNLABELED	TCELL	TCELL	TCELL	TCELL	TCELL	TCELL	TCELL	TCELL	TCELL	UNLABELED	UNLABELED	TCELL	TCELL	UNLABELED
cy60_1_cd_45_pos_4_D06_S42_comb	TCELL	TCELL	UNLABELED	TCELL	NK	UNLABELED	TCELL	BCELL	TCELL	TCELL	NK	TCELL	TCELL	TCELL	TCELL	TCELL	UNLABELED	TCELL	TCELL	UNLABELED
CY58_1_CD45_F05_S1025_comb	TCELL	TCELL	UNLABELED	TCELL	TCELL	UNLABELED	TCELL	BCELL	TCELL	TCELL	TCELL	TCELL	ENDO	TCELL	TCELL	UNLABELED	UNLABELED	TCELL	NK	UNLABELED
cy80-Cd45-pos-PD1-pos-S182-H02-S182-comb	TCELL	TCELL	TCELL	TCELL	TCELL	UNLABELED	TCELL	TCELL	TCELL	TCELL	TCELL	TCELL	TCELL	TCELL	TCELL	UNLABELED	UNLABELED	TCELL	TCELL	UNLABELED
cy79-p3-CD45-pos-PD1-pos-AS-C2-R1-E10-S442-comb	TCELL	TCELL	TCELL	TCELL	TCELL	UNLABELED	TCELL	BCELL	TCELL	TCELL	TCELL	TCELL	TCELL	TCELL	TCELL	TCELL	UNLABELED	TCELL	TCELL	UNLABELED
Cy59_13	TUMOR	TUMOR	TUMOR	TUMOR	TUMOR	TUMOR	TUMOR	TUMOR	TUMOR	TUMOR	TUMOR	TUMOR	TUMOR	TUMOR	TUMOR	TUMOR	TUMOR	TUMOR	TUMOR	UNLABELED
Cy71_CD45_F10_S550_comb	TUMOR	TUMOR	TUMOR	TUMOR	TUMOR	TUMOR	TUMOR	TUMOR	TUMOR	TUMOR	TUMOR	TUMOR	TUMOR	TUMOR	TUMOR	TUMOR	TUMOR	TUMOR	TUMOR	TUMOR
cy82-CD45-pos-3-A10-S10-comb	TUMOR	TUMOR	TUMOR	TUMOR	TUMOR	TUMOR	TUMOR	TUMOR	TUMOR	TUMOR	TUMOR	TUMOR	TUMOR	TUMOR	TUMOR	TUMOR	TUMOR	TUMOR	TUMOR	TUMOR
cy82-CD45-pos-3-H12-S96-comb	TUMOR	TUMOR	TUMOR	TUMOR	TUMOR	TUMOR	TUMOR	TUMOR	TUMOR	TUMOR	TUMOR	TUMOR	TUMOR	TUMOR	TUMOR	TUMOR	TUMOR	TUMOR	TUMOR	TUMOR
cy78-CD45-neg-3-F10-S742-comb	TUMOR	TUMOR	TUMOR	TUMOR	TUMOR	TUMOR	TUMOR	TUMOR	TUMOR	TUMOR	TUMOR	TUMOR	TUMOR	TUMOR	TUMOR	TUMOR	TUMOR	TUMOR	TUMOR	TUMOR
cy79-p4-CD45-neg-PDL1-pos-A08-S392-comb	TUMOR	TUMOR	TUMOR	TUMOR	TUMOR	TUMOR	TUMOR	TUMOR	TUMOR	TUMOR	TUMOR	TUMOR	TUMOR	TUMOR	TUMOR	TUMOR	TUMOR	TUMOR	TUMOR	TUMOR
CY88_3_F11_S647_comb	TUMOR	TUMOR	TUMOR	TUMOR	TUMOR	TUMOR	TUMOR	TUMOR	TUMOR	TUMOR	TUMOR	TUMOR	TUMOR	TUMOR	TUMOR	TUMOR	TUMOR	TUMOR	TUMOR	UNLABELED
Cy81_Bulk_CD45_G02_S170_comb	TUMOR	TUMOR	UNLABELED	TUMOR	ENDO	UNLABELED	TCELL	TUMOR	ENDO	UNLABELED	TUMOR	TUMOR	TUMOR	TUMOR	TCELL	UNLABELED	UNLABELED	TUMOR	TUMOR	UNLABELED
CY88_3_G12_S660_comb	TUMOR	TUMOR	TUMOR	TUMOR	TUMOR	TUMOR	TUMOR	TUMOR	TUMOR	TUMOR	TUMOR	TUMOR	TUMOR	TUMOR	TUMOR	TUMOR	TUMOR	TUMOR	TUMOR	TUMOR
cy79-p3-CD45-neg-PDL1-neg-G12-S276-comb	TUMOR	TUMOR	TUMOR	TUMOR	TUMOR	TUMOR	TUMOR	TUMOR	TUMOR	TUMOR	TUMOR	TUMOR	TUMOR	TUMOR	TUMOR	TUMOR	TUMOR	TUMOR	TUMOR	UNLABELED
CY89FNA_G03_S267_comb	BCELL	BCELL	BCELL	BCELL	BCELL	UNLABELED	BCELL	BCELL	BCELL	BCELL	BCELL	BCELL	BCELL	BCELL	BCELL	BCELL	UNLABELED	BCELL	BCELL	UNLABELED
Cy74_CD45_C03_S411_comb	BCELL	BCELL	BCELL	BCELL	BCELL	UNLABELED	BCELL	BCELL	BCELL	BCELL	BCELL	BCELL	BCELL	BCELL	BCELL	BCELL	UNLABELED	BCELL	BCELL	UNLABELED
cy79-p3-CD45-pos-PD1-neg-B12-S120-comb	BCELL	BCELL	BCELL	BCELL	BCELL	BCELL	BCELL	BCELL	BCELL	BCELL	BCELL	BCELL	BCELL	BCELL	BCELL	BCELL	BCELL	BCELL	BCELL	UNLABELED
CY89A_CD45_POS_6_B05_S113_comb	BCELL	BCELL	BCELL	BCELL	BCELL	UNLABELED	BCELL	BCELL	BCELL	BCELL	BCELL	BCELL	BCELL	BCELL	BCELL	BCELL	BCELL	BCELL	BCELL	UNLABELED
cy84_Primary_CD45_pos_A04_S388_comb	BCELL	BCELL	BCELL	BCELL	BCELL	UNLABELED	BCELL	BCELL	BCELL	BCELL	BCELL	BCELL	BCELL	BCELL	TCELL	BCELL	UNLABELED	BCELL	BCELL	UNLABELED
cy84-Met-CD45-pos-H05-S953-comb	BCELL	BCELL	BCELL	BCELL	BCELL	UNLABELED	BCELL	BCELL	BCELL	BCELL	BCELL	BCELL	BCELL	BCELL	NK	BCELL	UNLABELED	BCELL	BCELL	UNLABELED
cy60_1_cd_45_pos_3_F07_S355_comb	BCELL	BCELL	BCELL	BCELL	BCELL	UNLABELED	BCELL	BCELL	BCELL	BCELL	BCELL	BCELL	BCELL	BCELL	BCELL	BCELL	UNLABELED	BCELL	BCELL	UNLABELED
CY94CD45POS_1_D07_S139_comb	BCELL	BCELL	BCELL	BCELL	BCELL	UNLABELED	BCELL	BCELL	BCELL	BCELL	BCELL	BCELL	BCELL	BCELL	TCELL	BCELL	UNLABELED	BCELL	BCELL	UNLABELED
cy79-p3-CD45-pos-PD1-neg-G05-S173-comb	BCELL	BCELL	BCELL	BCELL	BCELL	BCELL	BCELL	BCELL	BCELL	BCELL	BCELL	BCELL	BCELL	BCELL	BCELL	BCELL	BCELL	BCELL	BCELL	UNLABELED
cy60_1_cd_45_pos_3_G02_S362_comb	BCELL	BCELL	BCELL	BCELL	BCELL	UNLABELED	BCELL	BCELL	BCELL	BCELL	BCELL	BCELL	BCELL	BCELL	BCELL	BCELL	UNLABELED	BCELL	BCELL	UNLABELED
Cy74_CD45_A06_S390_comb	MACRO	MACRO	MACRO	MACRO	MACRO	MACRO	MACRO	MACRO	MACRO	MACRO	MACRO	MACRO	MACRO	MACRO	MACRO	MACRO	MACRO	MACRO	MACRO	UNLABELED
CY88CD45_150813_F06_S354_comb	MACRO	MACRO	MACRO	MACRO	MACRO	MACRO	MACRO	MACRO	MACRO	MACRO	MACRO	MACRO	MACRO	MACRO	MACRO	MACRO	MACRO	MACRO	MACRO	UNLABELED
Cy74_CD45_H08_S476_comb	MACRO	MACRO	MACRO	MACRO	MACRO	MACRO	MACRO	MACRO	MACRO	MACRO	MACRO	MACRO	MACRO	MACRO	MACRO	MACRO	MACRO	MACRO	MACRO	UNLABELED
CY88CD45POS_2_F04_S448_comb	MACRO	MACRO	MACRO	MACRO	MACRO	MACRO	MACRO	MACRO	MACRO	MACRO	MACRO	MACRO	MACRO	MACRO	MACRO	MACRO	MACRO	MACRO	MACRO	UNLABELED
CY84_PRIM_POS_All_6_G06_S462_comb	MACRO	MACRO	MACRO	MACRO	MACRO	MACRO	MACRO	MACRO	MACRO	MACRO	MACRO	MACRO	MACRO	MACRO	MACRO	MACRO	MACRO	MACRO	MACRO	UNLABELED
CY88CD45POS_7_E09_S249_comb	MACRO	MACRO	MACRO	MACRO	MACRO	MACRO	MACRO	MACRO	MACRO	MACRO	MACRO	MACRO	MACRO	MACRO	MACRO	MACRO	MACRO	MACRO	MACRO	UNLABELED
CY88CD45POS_7_B11_S215_comb	MACRO	MACRO	MACRO	MACRO	MACRO	MACRO	MACRO	MACRO	MACRO	MACRO	MACRO	MACRO	MACRO	MACRO	MACRO	MACRO	MACRO	MACRO	MACRO	UNLABELED
cy84-Met-CD45-pos-H09-S957-comb	MACRO	MACRO	MACRO	MACRO	MACRO	MACRO	MACRO	MACRO	MACRO	MACRO	MACRO	MACRO	MACRO	MACRO	MACRO	MACRO	MACRO	MACRO	MACRO	UNLABELED
CY89A_CD45_POS_10_H11_S287_comb	MACRO	MACRO	MACRO	MACRO	MACRO	MACRO	MACRO	MACRO	MACRO	MACRO	MACRO	MACRO	MACRO	MACRO	MACRO	MACRO	MACRO	MACRO	MACRO	UNLABELED
cy88_cd45pos_5_G03_S267_comb	MACRO	MACRO	MACRO	MACRO	MACRO	MACRO	MACRO	MACRO	MACRO	MACRO	MACRO	MACRO	MACRO	MACRO	MACRO	MACRO	MACRO	MACRO	MACRO	UNLABELED
Cy80_II_CD45_B04_S880_comb	ENDO	ENDO	ENDO	ENDO	ENDO	ENDO	ENDO	TUMOR	ENDO	ENDO	ENDO	ENDO	CAF	ENDO	ENDO	ENDO	ENDO	ENDO	ENDO	UNLABELED
CY94_CD45NEG_CD90POS_2_G10_S82_comb	ENDO	ENDO	ENDO	ENDO	ENDO	ENDO	ENDO	ENDO	ENDO	ENDO	ENDO	ENDO	ENDO	ENDO	ENDO	ENDO	ENDO	ENDO	ENDO	UNLABELED
cy80-CD45-neg-G07-S943-comb	ENDO	ENDO	ENDO	ENDO	ENDO	ENDO	ENDO	TUMOR	ENDO	ENDO	ENDO	ENDO	ENDO	ENDO	ENDO	ENDO	ENDO	ENDO	ENDO	UNLABELED
CY80-neg-H10-S94-comb	ENDO	ENDO	ENDO	ENDO	ENDO	ENDO	ENDO	CAF	ENDO	ENDO	ENDO	ENDO	ENDO	ENDO	ENDO	ENDO	ENDO	ENDO	ENDO	UNLABELED
cy80-CD45-neg-B06-S882-comb	ENDO	ENDO	ENDO	ENDO	ENDO	ENDO	ENDO	CAF	ENDO	ENDO	ENDO	ENDO	ENDO	ENDO	ENDO	UNLABELED	ENDO	ENDO	ENDO	UNLABELED
CY94_CD45NEG_CD90POS_2_F01_S61_comb	ENDO	ENDO	ENDO	ENDO	ENDO	ENDO	ENDO	ENDO	ENDO	ENDO	ENDO	ENDO	ENDO	ENDO	ENDO	ENDO	ENDO	ENDO	ENDO	UNLABELED
cy81-Bulk-CD45-neg-E03-S147-comb	ENDO	ENDO	UNLABELED	ENDO	ENDO	UNLABELED	ENDO	TUMOR	ENDO	ENDO	ENDO	ENDO	ENDO	ENDO	ENDO	UNLABELED	ENDO	ENDO	ENDO	UNLABELED
cy80-CD45-neg-G11-S947-comb	ENDO	ENDO	ENDO	ENDO	ENDO	ENDO	ENDO	TUMOR	ENDO	ENDO	ENDO	ENDO	ENDO	ENDO	ENDO	CAF	ENDO	ENDO	ENDO	UNLABELED
CY80-neg-C10-S34-comb	ENDO	ENDO	ENDO	ENDO	ENDO	ENDO	ENDO	ENDO	ENDO	ENDO	ENDO	ENDO	ENDO	ENDO	ENDO	ENDO	ENDO	ENDO	ENDO	UNLABELED
cy84-Primary-CD45-neg-A12-S972-comb	ENDO	ENDO	ENDO	ENDO	ENDO	UNLABELED	ENDO	TUMOR	ENDO	ENDO	ENDO	ENDO	ENDO	ENDO	ENDO	UNLABELED	ENDO	ENDO	ENDO	UNLABELED
cy94_cd45neg_cd90pos_C10_S322_comb	CAF	CAF	CAF	CAF	CAF	CAF	CAF	CAF	CAF	CAF	CAF	CAF	CAF	CAF	CAF	CAF	UNLABELED	CAF	CAF	UNLABELED
cy78-CD45-neg-3-G01-S745-comb	CAF	CAF	CAF	CAF	CAF	UNLABELED	CAF	TUMOR	CAF	CAF	ENDO	CAF	CAF	CAF	CAF	UNLABELED	CAF	CAF	CAF	UNLABELED
cy79-p3-CD45-neg-PDL1-neg-E09-S249-comb	CAF	CAF	CAF	CAF	CAF	UNLABELED	CAF	TUMOR	CAF	CAF	CAF	CAF	CAF	CAF	CAF	CAF	CAF	CAF	CAF	UNLABELED
cy80_CD_90_pos_E05_S917_comb	CAF	CAF	CAF	CAF	CAF	CAF	CAF	CAF	CAF	CAF	CAF	CAF	CAF	CAF	CAF	CAF	CAF	CAF	CAF	CAF
CY88CD45POS_7_B01_S205_comb	CAF	CAF	CAF	CAF	CAF	CAF	CAF	CAF	CAF	CAF	CAF	CAF	CAF	CAF	CAF	CAF	CAF	CAF	CAF	UNLABELED
CY80-neg-G06-S78-comb	CAF	CAF	CAF	CAF	CAF	CAF	CAF	CAF	CAF	CAF	CAF	CAF	CAF	CAF	CAF	CAF	CAF	CAF	CAF	UNLABELED
Cy59_55	CAF	CAF	CAF	CAF	CAF	CAF	CAF	CAF	CAF	CAF	CAF	CAF	CAF	CAF	CAF	CAF	CAF	CAF	CAF	UNLABELED
cy82-CD45-neg-1-B09-S213-comb	CAF	CAF	CAF	CAF	CAF	CAF	CAF	CAF	CAF	CAF	CAF	CAF	CAF	CAF	CAF	CAF	CAF	CAF	CAF	UNLABELED
CY94_CD45NEG_CD90POS_2_G06_S78_comb	CAF	CAF	CAF	CAF	CAF	UNLABELED	CAF	CAF	CAF	CAF	ENDO	CAF	CAF	CAF	CAF	CAF	CAF	CAF	CAF	UNLABELED
cy94_cd45neg_cd90pos_H06_S378_comb	CAF	CAF	CAF	CAF	CAF	CAF	CAF	CAF	CAF	CAF	CAF	CAF	CAF	CAF	CAF	CAF	CAF	CAF	CAF	CAF
cy84_Primary_CD45_pos_G03_S459_comb	NK	NK	NK	NK	NK	NK	NK	NK	NK	NK	NK	NK	NK	NK	NK	NK	UNLABELED	NK	NK	UNLABELED
cy60_1_cd_45_pos_3_E10_S346_comb	NK	NK	NK	NK	NK	NK	NK	NK	NK	NK	NK	NK	NK	NK	NK	NK	UNLABELED	NK	NK	UNLABELED
cy53-1-CD45-pos-2-D03-S999-comb	NK	NK	NK	NK	NK	UNLABELED	NK	NK	NK	NK	NK	NK	NK	NK	NK	NK	UNLABELED	NK	NK	UNLABELED
cy60_1_cd_45_pos_4_E08_S56_comb	NK	NK	NK	NK	NK	NK	NK	NK	NK	NK	NK	NK	NK	NK	NK	NK	UNLABELED	NK	NK	UNLABELED
CY84_PRIM_POS_All_8_E10_S154_comb	NK	NK	NK	NK	NK	UNLABELED	NK	BCELL	TCELL	NK	NK	NK	NK	NK	NK	NK	UNLABELED	NK	NK	UNLABELED
CY58_1_CD45_A05_S965_comb	NK	NK	NK	NK	NK	UNLABELED	NK	BCELL	NK	NK	NK	NK	NK	NK	NK	NK	UNLABELED	NK	NK	UNLABELED
cy60_1_cd_45_pos_3_A07_S295_comb	NK	NK	NK	NK	NK	UNLABELED	NK	BCELL	NK	NK	NK	NK	NK	NK	NK	UNLABELED	UNLABELED	NK	NK	UNLABELED
cy53-1-CD45-pos-1-F04-S64-comb	NK	NK	NK	NK	NK	UNLABELED	NK	BCELL	NK	NK	NK	NK	NK	NK	NK	UNLABELED	UNLABELED	NK	NK	UNLABELED
CY58_1_CD45_F08_S1028_comb	NK	NK	UNLABELED	TCELL	TCELL	UNLABELED	NK	BCELL	TCELL	UNLABELED	TCELL	NK	NK	NK	NK	UNLABELED	UNLABELED	NK	NK	UNLABELED
cy88_cd_45_pos_H05_S473_comb	NK	NK	NK	NK	NK	UNLABELED	NK	TCELL	NK	NK	NK	NK	NK	NK	NK	NK	UNLABELED	NK	NK	UNLABELED
cy80-Cd45-pos-Pd1-neg-S295-E07-S295-comb	TCELL	TCELL	TCELL	TCELL	TCELL	UNLABELED	TCELL	TCELL	TCELL	TCELL	TCELL	TCELL	TCELL	TCELL	TCELL	TCELL	UNLABELED	TCELL	TCELL	UNLABELED
CY75_1_CD45_CD8_3__S171_comb	TCELL	TCELL	TCELL	TCELL	TCELL	UNLABELED	TCELL	TCELL	TCELL	TCELL	TCELL	TCELL	NK	TCELL	TCELL	TCELL	UNLABELED	TCELL	TCELL	UNLABELED
cy79-p1-CD45-pos-PD1-pos-AS-C5-R1-H01-S277-comb	TCELL	TCELL	TCELL	TCELL	TCELL	UNLABELED	TCELL	TCELL	TCELL	TCELL	TCELL	TCELL	TCELL	UNLABELED	TCELL	UNLABELED	UNLABELED	TCELL	BCELL	UNLABELED
CY65_POS_H_CAAGGCGA_CATGATCG	TCELL	TCELL	TCELL	TCELL	BCELL	UNLABELED	TCELL	BCELL	TCELL	TCELL	TCELL	TCELL	TUMOR	TCELL	TCELL	TCELL	UNLABELED	TCELL	TCELL	UNLABELED
Cy72_CD45_D10_S718_comb	TCELL	TCELL	TCELL	TCELL	BCELL	UNLABELED	TCELL	TCELL	TCELL	TCELL	TCELL	TCELL	TCELL	TCELL	TCELL	TCELL	UNLABELED	TCELL	TCELL	UNLABELED
monika_D6_S131_comb	TCELL	TCELL	TCELL	TCELL	TCELL	UNLABELED	TCELL	TCELL	TCELL	TCELL	TCELL	TCELL	TCELL	TCELL	TCELL	TCELL	UNLABELED	TCELL	TCELL	UNLABELED
cy80-CD45-pos-PD1-pos-E03-S147-comb	TCELL	TCELL	TCELL	TCELL	TCELL	UNLABELED	TCELL	TUMOR	TCELL	TCELL	TCELL	TCELL	TCELL	TCELL	TCELL	UNLABELED	UNLABELED	TCELL	TCELL	UNLABELED
Cy71_CD45_H09_S573_comb	TCELL	TCELL	TCELL	TCELL	BCELL	UNLABELED	TCELL	BCELL	TCELL	TCELL	TCELL	TCELL	TCELL	TCELL	TCELL	UNLABELED	UNLABELED	TCELL	TCELL	UNLABELED
cy79-p3-CD45-pos-PD1-pos-AS-C2-R1-B09-S405-comb	TCELL	TCELL	TCELL	TCELL	TCELL	UNLABELED	TCELL	TCELL	TCELL	TCELL	TCELL	TCELL	TCELL	TCELL	TCELL	TCELL	UNLABELED	TCELL	TCELL	UNLABELED
cy79-p1-CD45-pos-PD1-pos-AS-C5-R1-G09-S273-comb	TCELL	TCELL	TCELL	TCELL	TCELL	UNLABELED	TCELL	TCELL	TCELL	TCELL	TCELL	TCELL	BCELL	TCELL	TCELL	TCELL	UNLABELED	TCELL	TCELL	UNLABELED
cy78-CD45-neg-3-H02-S758-comb	TUMOR	TUMOR	TUMOR	TUMOR	TUMOR	TUMOR	TUMOR	TUMOR	TUMOR	TUMOR	TUMOR	TUMOR	TUMOR	TUMOR	TUMOR	TUMOR	TUMOR	TUMOR	TUMOR	TUMOR
CY80-neg-H11-S95-comb	TUMOR	TUMOR	TUMOR	TUMOR	TUMOR	TUMOR	TUMOR	TUMOR	TUMOR	TUMOR	TUMOR	TUMOR	TUMOR	TUMOR	TUMOR	TUMOR	TUMOR	TUMOR	TUMOR	TUMOR
Cy59_89	TUMOR	TUMOR	TUMOR	TUMOR	TUMOR	TUMOR	TUMOR	TUMOR	TUMOR	TUMOR	TUMOR	TUMOR	CAF	TUMOR	TUMOR	TUMOR	TUMOR	TUMOR	TUMOR	UNLABELED
cy78-CD45-neg-2-B10-S598-comb	TUMOR	TUMOR	TUMOR	TUMOR	TUMOR	TUMOR	TUMOR	TUMOR	TUMOR	TUMOR	TUMOR	TUMOR	TUMOR	TUMOR	TUMOR	TUMOR	TUMOR	TUMOR	TUMOR	TUMOR
cy79-p5-CD45-neg-PDL1-neg-H08-S860-comb	TUMOR	TUMOR	TUMOR	TUMOR	TUMOR	TUMOR	TUMOR	TUMOR	TUMOR	TUMOR	TUMOR	TUMOR	TUMOR	TUMOR	TUMOR	TUMOR	TUMOR	TUMOR	TUMOR	UNLABELED
cy82-CD45-pos-3-C01-S25-comb	TUMOR	TUMOR	TUMOR	TUMOR	TUMOR	TUMOR	TUMOR	TUMOR	TUMOR	TUMOR	TUMOR	TUMOR	TUMOR	TUMOR	TUMOR	TUMOR	TUMOR	TUMOR	TUMOR	UNLABELED
cy79-p3-CD45-neg-PD1-pos-AS-C3-R1-B07-S307-comb	TUMOR	TUMOR	TUMOR	TUMOR	TUMOR	TUMOR	TUMOR	TUMOR	TUMOR	TUMOR	TUMOR	TUMOR	TUMOR	TUMOR	TUMOR	TUMOR	TUMOR	TUMOR	TUMOR	UNLABELED
Cy71_CD45_A06_S486_comb	TUMOR	TUMOR	TUMOR	TUMOR	TUMOR	TUMOR	TUMOR	TUMOR	TUMOR	TUMOR	TUMOR	TUMOR	TUMOR	TUMOR	TUMOR	TUMOR	TUMOR	TUMOR	TUMOR	UNLABELED
cy79-p4-CD45-neg-PDL1-neg-H11-S1151-comb	TUMOR	TUMOR	TUMOR	TUMOR	TUMOR	TUMOR	TUMOR	TUMOR	TUMOR	TUMOR	TUMOR	TUMOR	TUMOR	TUMOR	TUMOR	TUMOR	TUMOR	TUMOR	TUMOR	TUMOR
cy79-p1-CD45-neg-PDL1-neg-AS-C4-R1-F08-S164-comb	TUMOR	TUMOR	TUMOR	TUMOR	TUMOR	TUMOR	TUMOR	TUMOR	TUMOR	TUMOR	TUMOR	TUMOR	TUMOR	TUMOR	TUMOR	TUMOR	TUMOR	TUMOR	TUMOR	UNLABELED
cy72-CD45-pos-E10-S922-comb	BCELL	BCELL	BCELL	BCELL	BCELL	UNLABELED	BCELL	BCELL	BCELL	BCELL	BCELL	BCELL	BCELL	BCELL	BCELL	BCELL	UNLABELED	BCELL	BCELL	UNLABELED
cy79-p1-CD45-pos-PD1-neg-AS-C1-R2-C05-S509-comb	BCELL	BCELL	BCELL	BCELL	BCELL	UNLABELED	BCELL	BCELL	BCELL	BCELL	BCELL	BCELL	BCELL	BCELL	NK	UNLABELED	UNLABELED	BCELL	BCELL	UNLABELED
cy79-p3-CD45-pos-PD1-neg-F07-S163-comb	BCELL	BCELL	BCELL	BCELL	BCELL	BCELL	BCELL	BCELL	BCELL	BCELL	BCELL	BCELL	BCELL	BCELL	BCELL	BCELL	BCELL	BCELL	BCELL	UNLABELED
CY89A_Core_15_D07_S43_comb	BCELL	BCELL	BCELL	BCELL	BCELL	BCELL	BCELL	BCELL	BCELL	BCELL	BCELL	BCELL	BCELL	BCELL	BCELL	BCELL	BCELL	BCELL	BCELL	UNLABELED
cy60_1_cd_45_pos_HC_pos_HLDAR_pos_B06_S978_comb	BCELL	BCELL	BCELL	BCELL	BCELL	BCELL	BCELL	BCELL	BCELL	BCELL	BCELL	BCELL	BCELL	UNLABELED	NK	BCELL	UNLABELED	BCELL	BCELL	UNLABELED
cy79-p3-CD45-pos-PD1-neg-F05-S161-comb	BCELL	BCELL	BCELL	BCELL	BCELL	BCELL	BCELL	BCELL	BCELL	BCELL	BCELL	BCELL	BCELL	BCELL	BCELL	BCELL	BCELL	BCELL	BCELL	UNLABELED
CY89A_CD45_POS_4_F10_S454_comb	BCELL	BCELL	BCELL	BCELL	BCELL	UNLABELED	BCELL	BCELL	BCELL	BCELL	BCELL	BCELL	BCELL	BCELL	NK	BCELL	BCELL	BCELL	BCELL	UNLABELED
cy72-CD45-pos-D02-S902-comb	BCELL	BCELL	BCELL	BCELL	BCELL	UNLABELED	BCELL	BCELL	BCELL	BCELL	BCELL	BCELL	BCELL	BCELL	NK	UNLABELED	UNLABELED	BCELL	BCELL	UNLABELED
cy72-CD45-pos-C05-S893-comb	BCELL	BCELL	BCELL	BCELL	BCELL	UNLABELED	BCELL	BCELL	BCELL	BCELL	BCELL	BCELL	BCELL	BCELL	BCELL	BCELL	BCELL	BCELL	BCELL	UNLABELED
cy79-p3-CD45-pos-PD1-neg-G06-S174-comb	BCELL	BCELL	BCELL	BCELL	BCELL	BCELL	BCELL	BCELL	BCELL	BCELL	BCELL	BCELL	BCELL	BCELL	BCELL	BCELL	BCELL	BCELL	BCELL	UNLABELED
Cy71_CD45_D02_S518_comb	MACRO	MACRO	MACRO	MACRO	MACRO	MACRO	MACRO	MACRO	MACRO	MACRO	MACRO	MACRO	MACRO	MACRO	MACRO	MACRO	MACRO	MACRO	MACRO	UNLABELED
CY89A_Core_15_F10_S70_comb	MACRO	MACRO	MACRO	MACRO	MACRO	MACRO	MACRO	MACRO	MACRO	MACRO	MACRO	MACRO	MACRO	MACRO	MACRO	MACRO	MACRO	MACRO	MACRO	UNLABELED
CY84_PRIM_POS_All_8_H07_S187_comb	MACRO	MACRO	MACRO	MACRO	MACRO	MACRO	MACRO	MACRO	MACRO	MACRO	MACRO	MACRO	MACRO	MACRO	MACRO	MACRO	MACRO	MACRO	MACRO	UNLABELED
cy88_cd_45_pos_E06_S438_comb	MACRO	MACRO	MACRO	MACRO	MACRO	MACRO	MACRO	MACRO	MACRO	MACRO	MACRO	MACRO	MACRO	MACRO	MACRO	MACRO	MACRO	MACRO	MACRO	UNLABELED
CY89COREQ1_G08_S368_comb	MACRO	MACRO	MACRO	MACRO	MACRO	MACRO	MACRO	MACRO	MACRO	MACRO	MACRO	MACRO	MACRO	MACRO	MACRO	MACRO	MACRO	MACRO	MACRO	MACRO
cy60_1_cd_45_pos_3_G12_S372_comb	MACRO	MACRO	MACRO	MACRO	MACRO	MACRO	MACRO	MACRO	MACRO	MACRO	MACRO	MACRO	MACRO	MACRO	MACRO	MACRO	MACRO	MACRO	MACRO	UNLABELED
cy82-CD45-pos-2-C04-S508-comb	MACRO	MACRO	MACRO	MACRO	BCELL	UNLABELED	MACRO	MACRO	MACRO	MACRO	MACRO	MACRO	MACRO	MACRO	NK	MACRO	UNLABELED	MACRO	MACRO	UNLABELED
CY88CD45_150813_C02_S314_comb	MACRO	MACRO	MACRO	MACRO	BCELL	UNLABELED	MACRO	MACRO	MACRO	MACRO	MACRO	MACRO	MACRO	MACRO	MACRO	MACRO	UNLABELED	MACRO	MACRO	UNLABELED
cy53-1-CD45-pos-2-B12-S984-comb	MACRO	MACRO	MACRO	MACRO	MACRO	MACRO	MACRO	MACRO	MACRO	MACRO	MACRO	MACRO	MACRO	MACRO	MACRO	MACRO	MACRO	MACRO	MACRO	UNLABELED
CY84_PRIM_POS_All_6_B03_S399_comb	MACRO	MACRO	MACRO	MACRO	MACRO	MACRO	MACRO	MACRO	MACRO	MACRO	MACRO	MACRO	MACRO	MACRO	MACRO	MACRO	MACRO	MACRO	MACRO	UNLABELED
cy94_cd45neg_cd90pos_D03_S327_comb	ENDO	ENDO	ENDO	ENDO	ENDO	UNLABELED	ENDO	BCELL	ENDO	ENDO	ENDO	ENDO	ENDO	ENDO	ENDO	ENDO	UNLABELED	ENDO	ENDO	UNLABELED
cy80-CD45-neg-F12-S936-comb	ENDO	ENDO	ENDO	ENDO	ENDO	ENDO	ENDO	TUMOR	ENDO	ENDO	ENDO	ENDO	ENDO	ENDO	ENDO	UNLABELED	ENDO	ENDO	ENDO	UNLABELED
cy53-1-CD45-neg-H05-S377-comb	ENDO	ENDO	ENDO	ENDO	ENDO	ENDO	ENDO	TUMOR	ENDO	ENDO	ENDO	ENDO	ENDO	ENDO	ENDO	ENDO	ENDO	ENDO	ENDO	UNLABELED
cy80-CD45-neg-C05-S893-comb	ENDO	ENDO	ENDO	ENDO	ENDO	ENDO	ENDO	ENDO	ENDO	ENDO	ENDO	ENDO	ENDO	ENDO	ENDO	ENDO	ENDO	ENDO	ENDO	UNLABELED
CY80-neg-D06-S42-comb	ENDO	ENDO	ENDO	ENDO	ENDO	ENDO	ENDO	TUMOR	ENDO	ENDO	ENDO	ENDO	ENDO	ENDO	ENDO	ENDO	ENDO	ENDO	ENDO	UNLABELED
cy80-CD45-neg-F07-S931-comb	ENDO	ENDO	ENDO	ENDO	ENDO	ENDO	ENDO	CAF	ENDO	ENDO	ENDO	ENDO	ENDO	ENDO	ENDO	UNLABELED	ENDO	ENDO	ENDO	UNLABELED
cy53-1-CD45-neg-C04-S316-comb	ENDO	ENDO	ENDO	ENDO	ENDO	ENDO	ENDO	TUMOR	ENDO	ENDO	ENDO	ENDO	ENDO	ENDO	ENDO	UNLABELED	ENDO	ENDO	ENDO	UNLABELED
cy53-1-CD45-neg-D12-S336-comb	ENDO	ENDO	ENDO	ENDO	ENDO	UNLABELED	ENDO	TUMOR	ENDO	ENDO	ENDO	ENDO	ENDO	ENDO	ENDO	UNLABELED	ENDO	ENDO	ENDO	UNLABELED
CY80-neg-E01-S49-comb	ENDO	ENDO	ENDO	ENDO	ENDO	ENDO	ENDO	ENDO	ENDO	ENDO	ENDO	ENDO	ENDO	ENDO	ENDO	ENDO	ENDO	ENDO	ENDO	UNLABELED
cy94_cd45neg_cd90pos_F09_S357_comb	ENDO	ENDO	ENDO	ENDO	ENDO	ENDO	ENDO	ENDO	ENDO	ENDO	ENDO	ENDO	ENDO	ENDO	ENDO	ENDO	ENDO	ENDO	ENDO	UNLABELED
Cy59_95	CAF	CAF	CAF	CAF	CAF	CAF	CAF	CAF	CAF	CAF	CAF	CAF	CAF	CAF	CAF	CAF	CAF	CAF	CAF	UNLABELED
CY94_CD45NEG_CD90POS_2_C11_S35_comb	CAF	CAF	UNLABELED	CAF	BCELL	UNLABELED	BCELL	CAF	CAF	CAF	CAF	CAF	CAF	CAF	UNLABELED	UNLABELED	UNLABELED	CAF	CAF	UNLABELED
cy82-CD45-pos-1-C12-S516-comb	CAF	CAF	CAF	CAF	CAF	CAF	CAF	CAF	CAF	CAF	CAF	CAF	CAF	CAF	CAF	CAF	CAF	CAF	CAF	UNLABELED
cy82-CD45-neg-3-C08-S800-comb	CAF	CAF	CAF	CAF	CAF	UNLABELED	CAF	TUMOR	CAF	CAF	CAF	CAF	CAF	CAF	CAF	CAF	CAF	CAF	CAF	UNLABELED
cy80_CD_90_pos_C02_S890_comb	CAF	CAF	CAF	CAF	CAF	CAF	CAF	CAF	CAF	CAF	CAF	CAF	CAF	CAF	CAF	CAF	CAF	CAF	CAF	CAF
cy80_CD_90_pos_A04_S868_comb	CAF	CAF	CAF	CAF	CAF	CAF	CAF	CAF	CAF	CAF	CAF	CAF	CAF	CAF	CAF	CAF	CAF	CAF	CAF	CAF
Cy59_18	CAF	CAF	CAF	CAF	CAF	CAF	CAF	CAF	CAF	CAF	CAF	CAF	CAF	CAF	CAF	CAF	CAF	CAF	CAF	CAF
CY94_CD45NEG_CD90POS_2_F06_S66_comb	CAF	CAF	CAF	CAF	CAF	CAF	CAF	CAF	CAF	CAF	CAF	CAF	CAF	CAF	CAF	CAF	CAF	CAF	CAF	UNLABELED
cy80_CD_90_pos_E09_S921_comb	CAF	CAF	CAF	CAF	CAF	CAF	CAF	CAF	CAF	CAF	CAF	CAF	CAF	CAF	CAF	CAF	CAF	CAF	CAF	UNLABELED
cy80_CD_90_pos_B06_S882_comb	CAF	CAF	CAF	CAF	CAF	CAF	CAF	CAF	CAF	CAF	CAF	CAF	CAF	CAF	CAF	CAF	CAF	CAF	CAF	UNLABELED
cy80-Cd45-pos-Pd1-neg-S293-E05-S293-comb	NK	NK	NK	NK	NK	UNLABELED	NK	NK	TCELL	NK	NK	NK	NK	NK	NK	UNLABELED	UNLABELED	NK	TCELL	UNLABELED
CY94CD45POS_1_E04_S148_comb	NK	NK	UNLABELED	NK	BCELL	UNLABELED	NK	BCELL	NK	NK	TCELL	NK	NK	NK	NK	UNLABELED	UNLABELED	NK	NK	UNLABELED
cy88_cd_45_pos_3_F05_S641_comb	NK	NK	NK	NK	NK	UNLABELED	NK	TCELL	NK	NK	NK	NK	MACRO	NK	NK	UNLABELED	UNLABELED	NK	NK	UNLABELED
cy84_Primary_CD45_pos_C07_S415_comb	NK	NK	NK	NK	NK	NK	NK	TCELL	NK	NK	NK	NK	NK	NK	NK	NK	NK	NK	NK	UNLABELED
CY88CD45POS_2_F07_S451_comb	NK	NK	UNLABELED	NK	NK	UNLABELED	NK	TCELL	NK	NK	NK	NK	NK	NK	NK	UNLABELED	UNLABELED	NK	NK	UNLABELED
cy88_cd_45_pos_F02_S446_comb	NK	NK	NK	NK	NK	UNLABELED	NK	BCELL	NK	NK	NK	NK	NK	NK	NK	UNLABELED	UNLABELED	NK	NK	UNLABELED
CY88CD45POS_2_F09_S453_comb	NK	NK	NK	NK	NK	UNLABELED	NK	TCELL	NK	NK	NK	NK	NK	NK	NK	NK	UNLABELED	NK	NK	UNLABELED
cy60_1_cd_45_pos_3_C04_S316_comb	NK	NK	NK	NK	NK	NK	NK	TCELL	NK	NK	NK	NK	NK	NK	NK	NK	UNLABELED	NK	NK	UNLABELED
cy60_1_cd_45_pos_3_G01_S361_comb	NK	NK	NK	NK	NK	UNLABELED	NK	NK	NK	NK	NK	NK	TCELL	NK	NK	NK	UNLABELED	NK	NK	UNLABELED
cy58-1-CD45-pos-C04-S604-comb	NK	NK	NK	NK	NK	UNLABELED	NK	NK	NK	NK	NK	NK	NK	NK	NK	NK	UNLABELED	NK	NK	UNLABELED
cy79-p1-CD45-pos-PD1-pos-AS-C5-R1-H10-S286-comb	TCELL	TCELL	TCELL	TCELL	TCELL	UNLABELED	TCELL	TCELL	TCELL	TCELL	TCELL	TCELL	TCELL	TCELL	TCELL	TCELL	UNLABELED	TCELL	TCELL	UNLABELED
cy53-1-CD45-pos-2-G11-S1043-comb	TCELL	TCELL	TCELL	TCELL	TCELL	UNLABELED	TCELL	TCELL	TCELL	TCELL	TCELL	TCELL	TCELL	TCELL	TCELL	TCELL	UNLABELED	TCELL	TCELL	UNLABELED
cy53-1-CD45-pos-2-A12-S972-comb	TCELL	TCELL	TCELL	TCELL	TCELL	UNLABELED	TCELL	TUMOR	TCELL	TCELL	NK	TCELL	TCELL	TCELL	TCELL	UNLABELED	UNLABELED	NK	TCELL	UNLABELED
cy79-p5-CD45-pos-PD1-pos-B06-S594-comb	TCELL	TCELL	TCELL	TCELL	TCELL	UNLABELED	TCELL	TCELL	TCELL	TCELL	TCELL	TCELL	TCELL	TCELL	TCELL	UNLABELED	UNLABELED	TCELL	TCELL	UNLABELED
CY75_1_CD45_CD8_1__S1_comb	TCELL	TCELL	UNLABELED	TCELL	TCELL	UNLABELED	TCELL	TCELL	TCELL	TCELL	TCELL	NK	NK	UNLABELED	TCELL	UNLABELED	UNLABELED	TCELL	TCELL	UNLABELED
SS2_B11_S158_comb	TCELL	TCELL	UNLABELED	TCELL	TCELL	UNLABELED	TCELL	TUMOR	TCELL	TCELL	TCELL	TCELL	TCELL	TCELL	TCELL	TUMOR	TUMOR	TUMOR	TCELL	UNLABELED
cy58-1-CD45-pos-D06-S618-comb	TCELL	TCELL	TCELL	TCELL	TCELL	UNLABELED	TCELL	TCELL	TCELL	TCELL	NK	TCELL	TCELL	TCELL	TCELL	UNLABELED	UNLABELED	TCELL	TCELL	UNLABELED
cy80-Cd45-pos-PD1-pos-S184-H04-S184-comb	TCELL	TCELL	UNLABELED	TCELL	TCELL	UNLABELED	NK	TCELL	TCELL	TCELL	TCELL	TCELL	TCELL	TCELL	TCELL	UNLABELED	UNLABELED	TCELL	TCELL	UNLABELED
CY89COREQ1_H07_S379_comb	TCELL	TCELL	TCELL	TCELL	TCELL	UNLABELED	TCELL	TCELL	TCELL	TCELL	TCELL	TCELL	TCELL	TCELL	TCELL	UNLABELED	UNLABELED	TCELL	TCELL	UNLABELED
cy79-p5-CD45-pos-PD1-pos-A11-S587-comb	TCELL	TCELL	TCELL	TCELL	TCELL	UNLABELED	TCELL	TCELL	TCELL	TCELL	TCELL	TCELL	TCELL	TCELL	TCELL	UNLABELED	UNLABELED	TCELL	TCELL	UNLABELED
cy79-p5-CD45-neg-PDL1-pos-B04-S688-comb	TUMOR	TUMOR	TUMOR	TUMOR	TUMOR	TUMOR	TUMOR	TUMOR	TUMOR	TUMOR	TUMOR	TUMOR	TUMOR	TUMOR	TUMOR	TUMOR	TUMOR	TUMOR	TUMOR	UNLABELED
cy80-CD45-neg-G08-S944-comb	TUMOR	TUMOR	TUMOR	TUMOR	TUMOR	TUMOR	TUMOR	TUMOR	TUMOR	TUMOR	TUMOR	TUMOR	TUMOR	TUMOR	TUMOR	TUMOR	TUMOR	TUMOR	TUMOR	TUMOR
cy79-p4-CD45-neg-PDL1-pos-C04-S412-comb	TUMOR	TUMOR	TUMOR	TUMOR	TUMOR	TUMOR	TUMOR	TUMOR	TUMOR	TUMOR	TUMOR	TUMOR	TUMOR	TUMOR	TUMOR	TUMOR	TUMOR	TUMOR	TUMOR	TUMOR
CY89NEG_C08_S32_comb	TUMOR	TUMOR	TUMOR	TUMOR	TUMOR	UNLABELED	TUMOR	TUMOR	TUMOR	TUMOR	TUMOR	TUMOR	TUMOR	TUMOR	TUMOR	TUMOR	TUMOR	TUMOR	TUMOR	TUMOR
cy53-1-CD45-neg-C09-S321-comb	TUMOR	TUMOR	UNLABELED	TUMOR	ENDO	UNLABELED	TUMOR	TUMOR	TUMOR	TUMOR	TUMOR	TUMOR	TUMOR	TUMOR	TUMOR	UNLABELED	TUMOR	TUMOR	TUMOR	UNLABELED
cy81-FNA-CD45-neg-D12-S1008-comb	TUMOR	TUMOR	TUMOR	TUMOR	TUMOR	TUMOR	TUMOR	TUMOR	TUMOR	TUMOR	TUMOR	TUMOR	TUMOR	TUMOR	TUMOR	UNLABELED	TUMOR	TUMOR	TUMOR	UNLABELED
cy80-CD45-neg-A03-S867-comb	TUMOR	TUMOR	TUMOR	TUMOR	TUMOR	TUMOR	TUMOR	TUMOR	TUMOR	TUMOR	TUMOR	TUMOR	TUMOR	TUMOR	TUMOR	TUMOR	TUMOR	TUMOR	TUMOR	UNLABELED
cy79-p3-CD45-neg-PDL1-neg-C07-S223-comb	TUMOR	TUMOR	TUMOR	TUMOR	TUMOR	TUMOR	TUMOR	TUMOR	TUMOR	TUMOR	TUMOR	TUMOR	TUMOR	TUMOR	TUMOR	TUMOR	TUMOR	TUMOR	TUMOR	TUMOR
cy79-p3-CD45-neg-PDL1-neg-H04-S280-comb	TUMOR	TUMOR	TUMOR	TUMOR	TUMOR	TUMOR	TUMOR	TUMOR	TUMOR	TUMOR	TUMOR	TUMOR	TUMOR	TUMOR	TUMOR	TUMOR	TUMOR	TUMOR	TUMOR	TUMOR
Cy59_70	TUMOR	TUMOR	TUMOR	TUMOR	TUMOR	TUMOR	TUMOR	TUMOR	TUMOR	TUMOR	TUMOR	TUMOR	TUMOR	TUMOR	TUMOR	TUMOR	TUMOR	TUMOR	TUMOR	UNLABELED
cy84_Primary_CD45_pos_G02_S458_comb	BCELL	BCELL	BCELL	BCELL	BCELL	UNLABELED	BCELL	BCELL	BCELL	BCELL	BCELL	BCELL	BCELL	BCELL	BCELL	BCELL	UNLABELED	BCELL	BCELL	UNLABELED
cy79-p1-CD45-pos-PD1-neg-AS-C1-R2-E06-S534-comb	BCELL	BCELL	BCELL	BCELL	BCELL	UNLABELED	BCELL	BCELL	BCELL	BCELL	BCELL	BCELL	BCELL	BCELL	BCELL	BCELL	BCELL	BCELL	BCELL	UNLABELED
CY89A_CD45_POS_4_E08_S440_comb	BCELL	BCELL	BCELL	BCELL	BCELL	UNLABELED	BCELL	BCELL	BCELL	BCELL	BCELL	BCELL	BCELL	BCELL	TCELL	BCELL	UNLABELED	BCELL	BCELL	UNLABELED
cy80-Cd45-pos-Pd1-neg-S202-A10-S202-comb	BCELL	BCELL	BCELL	BCELL	BCELL	UNLABELED	BCELL	BCELL	BCELL	BCELL	BCELL	BCELL	BCELL	BCELL	TCELL	BCELL	BCELL	BCELL	BCELL	UNLABELED
CY89COREQ1_H03_S375_comb	BCELL	BCELL	BCELL	BCELL	BCELL	UNLABELED	BCELL	BCELL	BCELL	BCELL	BCELL	BCELL	BCELL	BCELL	BCELL	BCELL	BCELL	BCELL	BCELL	UNLABELED
cy84_Primary_CD45_pos_E06_S438_comb	BCELL	BCELL	BCELL	BCELL	BCELL	UNLABELED	BCELL	BCELL	BCELL	BCELL	BCELL	BCELL	BCELL	BCELL	BCELL	BCELL	UNLABELED	BCELL	BCELL	UNLABELED
cy79-p1-CD45-pos-PD1-neg-AS-C1-R2-H07-S571-comb	BCELL	BCELL	BCELL	BCELL	BCELL	UNLABELED	BCELL	BCELL	BCELL	BCELL	BCELL	BCELL	BCELL	BCELL	TCELL	UNLABELED	UNLABELED	BCELL	BCELL	UNLABELED
cy94_cd45pos_F12_S168_comb	BCELL	BCELL	BCELL	BCELL	BCELL	BCELL	BCELL	BCELL	BCELL	BCELL	BCELL	BCELL	BCELL	BCELL	BCELL	BCELL	UNLABELED	BCELL	BCELL	UNLABELED
cy80-Cd45-pos-Pd1-neg-S369-H09-S369-comb	BCELL	BCELL	BCELL	BCELL	BCELL	UNLABELED	BCELL	BCELL	BCELL	BCELL	BCELL	BCELL	BCELL	BCELL	TCELL	BCELL	UNLABELED	BCELL	BCELL	UNLABELED
cy80-Cd45-pos-Pd1-neg-S275-D11-S275-comb	BCELL	BCELL	BCELL	BCELL	BCELL	UNLABELED	BCELL	BCELL	BCELL	BCELL	BCELL	BCELL	BCELL	BCELL	BCELL	BCELL	BCELL	BCELL	BCELL	BCELL
CY89COREQ1_A01_S289_comb	MACRO	MACRO	MACRO	MACRO	MACRO	MACRO	MACRO	MACRO	MACRO	MACRO	MACRO	MACRO	MACRO	MACRO	MACRO	MACRO	MACRO	MACRO	MACRO	MACRO
cy60_1_cd_45_pos_3_E11_S347_comb	MACRO	MACRO	UNLABELED	MACRO	MACRO	UNLABELED	MACRO	MACRO	MACRO	MACRO	MACRO	MACRO	MACRO	MACRO	MACRO	MACRO	UNLABELED	MACRO	MACRO	UNLABELED
CY89A_CD45_POS_4_G06_S462_comb	MACRO	MACRO	MACRO	MACRO	MACRO	MACRO	MACRO	MACRO	MACRO	MACRO	MACRO	MACRO	MACRO	MACRO	MACRO	MACRO	MACRO	MACRO	MACRO	MACRO
CY88CD45POS_7_C01_S217_comb	MACRO	MACRO	MACRO	MACRO	MACRO	MACRO	MACRO	MACRO	MACRO	MACRO	MACRO	MACRO	MACRO	MACRO	MACRO	MACRO	MACRO	MACRO	MACRO	UNLABELED
cy88_cd45pos_5_D01_S229_comb	MACRO	MACRO	MACRO	MACRO	MACRO	MACRO	MACRO	MACRO	MACRO	MACRO	MACRO	MACRO	MACRO	MACRO	MACRO	MACRO	MACRO	MACRO	MACRO	UNLABELED
cy53-1-CD45-pos-2-C12-S996-comb	MACRO	MACRO	MACRO	MACRO	MACRO	MACRO	MACRO	MACRO	MACRO	MACRO	MACRO	MACRO	MACRO	MACRO	MACRO	MACRO	MACRO	MACRO	MACRO	UNLABELED
CY88CD45_150813_G12_S372_comb	MACRO	MACRO	MACRO	MACRO	MACRO	MACRO	MACRO	MACRO	MACRO	MACRO	MACRO	MACRO	MACRO	MACRO	MACRO	MACRO	MACRO	MACRO	MACRO	UNLABELED
cy60_1_cd_45_pos_4_E01_S49_comb	MACRO	MACRO	MACRO	MACRO	MACRO	MACRO	MACRO	MACRO	MACRO	MACRO	MACRO	MACRO	MACRO	MACRO	MACRO	MACRO	MACRO	MACRO	MACRO	UNLABELED
CY89COREQ1_D04_S328_comb	MACRO	MACRO	MACRO	MACRO	MACRO	MACRO	MACRO	MACRO	MACRO	MACRO	MACRO	MACRO	MACRO	MACRO	MACRO	MACRO	MACRO	MACRO	MACRO	UNLABELED
CY89A_CD45_POS_10_E06_S246_comb	MACRO	MACRO	MACRO	MACRO	MACRO	UNLABELED	MACRO	MACRO	MACRO	MACRO	MACRO	MACRO	MACRO	MACRO	TCELL	MACRO	MACRO	MACRO	MACRO	UNLABELED
CY80-neg-H09-S93-comb	ENDO	ENDO	ENDO	ENDO	ENDO	ENDO	ENDO	ENDO	ENDO	ENDO	ENDO	ENDO	ENDO	ENDO	ENDO	UNLABELED	ENDO	ENDO	ENDO	UNLABELED
cy79-p3-CD45-neg-PDL1-neg-A12-S204-comb	ENDO	ENDO	ENDO	ENDO	ENDO	ENDO	ENDO	ENDO	ENDO	ENDO	ENDO	ENDO	ENDO	ENDO	ENDO	ENDO	ENDO	ENDO	ENDO	UNLABELED
CY94_CD45NEG_CD90POS_2_A08_S8_comb	ENDO	ENDO	ENDO	ENDO	ENDO	ENDO	ENDO	ENDO	ENDO	ENDO	ENDO	ENDO	ENDO	ENDO	ENDO	UNLABELED	ENDO	ENDO	ENDO	UNLABELED
cy80-CD45-neg-F10-S934-comb	ENDO	ENDO	ENDO	ENDO	ENDO	ENDO	ENDO	TUMOR	ENDO	ENDO	ENDO	ENDO	ENDO	ENDO	ENDO	UNLABELED	ENDO	ENDO	ENDO	UNLABELED
CY94_CD45NEG_CD90POS_2_G07_S79_comb	ENDO	ENDO	ENDO	ENDO	ENDO	ENDO	ENDO	ENDO	ENDO	ENDO	ENDO	ENDO	ENDO	ENDO	ENDO	UNLABELED	ENDO	ENDO	ENDO	UNLABELED
CY94_CD45NEG_CD90POS_2_B12_S24_comb	ENDO	ENDO	ENDO	ENDO	ENDO	UNLABELED	ENDO	ENDO	ENDO	ENDO	ENDO	ENDO	ENDO	ENDO	ENDO	ENDO	UNLABELED	ENDO	ENDO	UNLABELED
CY94_CD45NEG_CD90POS_2_B06_S18_comb	ENDO	ENDO	ENDO	ENDO	ENDO	ENDO	ENDO	ENDO	ENDO	ENDO	ENDO	ENDO	ENDO	ENDO	ENDO	ENDO	ENDO	ENDO	ENDO	UNLABELED
CY89NEG_C11_S35_comb	ENDO	ENDO	ENDO	ENDO	ENDO	UNLABELED	ENDO	ENDO	ENDO	ENDO	ENDO	ENDO	ENDO	ENDO	ENDO	ENDO	ENDO	ENDO	ENDO	UNLABELED
Cy80_II_CD45_F08_S932_comb	ENDO	ENDO	ENDO	ENDO	ENDO	ENDO	ENDO	TUMOR	ENDO	ENDO	ENDO	ENDO	ENDO	ENDO	ENDO	UNLABELED	ENDO	ENDO	ENDO	ENDO
cy80-CD45-neg-A04-S868-comb	ENDO	ENDO	ENDO	ENDO	ENDO	ENDO	ENDO	ENDO	ENDO	ENDO	ENDO	ENDO	ENDO	ENDO	ENDO	ENDO	ENDO	ENDO	ENDO	UNLABELED
cy84-Primary-CD45-neg-G03-S1035-comb	CAF	CAF	CAF	CAF	CAF	CAF	CAF	CAF	CAF	CAF	CAF	CAF	CAF	CAF	CAF	CAF	CAF	CAF	CAF	UNLABELED
cy80_CD_90_pos_B02_S878_comb	CAF	CAF	CAF	CAF	CAF	CAF	CAF	CAF	CAF	CAF	CAF	CAF	CAF	CAF	CAF	CAF	CAF	CAF	CAF	CAF
cy80_CD_90_pos_D10_S910_comb	CAF	CAF	CAF	CAF	CAF	CAF	CAF	CAF	CAF	CAF	CAF	CAF	CAF	CAF	CAF	CAF	CAF	CAF	CAF	CAF
cy94_cd45neg_cd90pos_H08_S380_comb	CAF	CAF	CAF	CAF	ENDO	UNLABELED	CAF	CAF	CAF	CAF	ENDO	CAF	CAF	CAF	UNLABELED	CAF	UNLABELED	CAF	CAF	UNLABELED
CY94_CD45NEG_CD90POS_2_B10_S22_comb	CAF	CAF	CAF	CAF	ENDO	UNLABELED	CAF	CAF	CAF	CAF	CAF	CAF	CAF	CAF	UNLABELED	UNLABELED	UNLABELED	CAF	CAF	UNLABELED
cy53-1-CD45-neg-D07-S331-comb	CAF	CAF	CAF	CAF	CAF	CAF	CAF	CAF	CAF	CAF	CAF	CAF	CAF	CAF	CAF	CAF	CAF	CAF	CAF	CAF
cy53-1-CD45-neg-F09-S357-comb	CAF	CAF	CAF	CAF	CAF	UNLABELED	CAF	TUMOR	CAF	CAF	TUMOR	CAF	CAF	CAF	CAF	CAF	CAF	CAF	CAF	UNLABELED
Cy59_16	CAF	CAF	CAF	CAF	CAF	CAF	CAF	CAF	CAF	CAF	CAF	CAF	CAF	CAF	CAF	CAF	CAF	CAF	CAF	UNLABELED
CY94_CD45NEG_CD90POS_2_H07_S91_comb	CAF	CAF	CAF	CAF	CAF	CAF	CAF	CAF	CAF	CAF	CAF	CAF	CAF	CAF	CAF	CAF	CAF	CAF	CAF	UNLABELED
cy80_CD_90_pos_C05_S893_comb	CAF	CAF	CAF	CAF	CAF	CAF	CAF	CAF	CAF	CAF	CAF	CAF	CAF	CAF	CAF	CAF	CAF	CAF	CAF	UNLABELED
cy79-p3-CD45-pos-PD1-neg-E09-S153-comb	NK	NK	NK	NK	NK	UNLABELED	NK	BCELL	NK	NK	TCELL	NK	NK	NK	NK	NK	NK	NK	NK	UNLABELED
cy53-1-CD45-pos-2-B08-S980-comb	NK	NK	NK	NK	NK	UNLABELED	NK	BCELL	NK	NK	NK	NK	NK	NK	NK	NK	UNLABELED	NK	NK	UNLABELED
cy84_Primary_CD45_pos_C11_S419_comb	NK	NK	UNLABELED	NK	TCELL	UNLABELED	TCELL	BCELL	NK	NK	TCELL	NK	TCELL	NK	TCELL	UNLABELED	UNLABELED	NK	NK	UNLABELED
cy53-1-CD45-pos-1-A08-S8-comb	NK	NK	NK	NK	NK	UNLABELED	NK	TCELL	NK	NK	NK	NK	NK	NK	NK	NK	UNLABELED	NK	NK	UNLABELED
cy60_1_cd_45_pos_4_C11_S35_comb	NK	NK	UNLABELED	NK	TCELL	UNLABELED	NK	BCELL	NK	NK	TCELL	NK	TCELL	NK	TCELL	UNLABELED	UNLABELED	NK	NK	UNLABELED
CY88CD45_150813_D05_S329_comb	NK	NK	NK	NK	NK	UNLABELED	NK	TCELL	NK	NK	TCELL	NK	NK	NK	NK	NK	UNLABELED	NK	NK	UNLABELED
CY58_1_CD45_D01_S997_comb	NK	NK	UNLABELED	NK	TCELL	UNLABELED	TCELL	TCELL	NK	NK	TCELL	NK	NK	NK	TCELL	NK	UNLABELED	NK	TCELL	UNLABELED
cy53-1-CD45-pos-2-A04-S964-comb	NK	NK	NK	NK	NK	NK	NK	NK	NK	NK	NK	NK	NK	NK	NK	NK	UNLABELED	NK	NK	UNLABELED
cy80-CD45-neg-D01-S421-comb	NK	BCELL	UNLABELED	NK	BCELL	UNLABELED	NK	BCELL	NK	NK	BCELL	NK	NK	NK	TCELL	UNLABELED	UNLABELED	BCELL	NK	UNLABELED
cy82-CD45-pos-3-A07-S7-comb	NK	NK	NK	NK	NK	UNLABELED	NK	BCELL	NK	NK	NK	NK	NK	NK	NK	NK	NK	NK	NK	UNLABELED
